id,name_ja,name_kana,name_en,genus_ja,generation,type1,type2,height,weight,hp,attack,defense,special_attack,special_defense,speed,base_stats_total,is_legendary,is_mythical,flavor_text_ja,sprite_url,artwork_url
1,フシギダネ,,bulbasaur,たねポケモン,1,grass,poison,0.7,6.9,45,49,49,65,65,45,318,0,0,生まれたときから 背中に 不思議な タネが 植えてあって 体と ともに 育つという。,https://raw.githubusercontent.com/PokeAPI/sprites/master/sprites/pokemon/1.png,https://raw.githubusercontent.com/PokeAPI/sprites/master/sprites/pokemon/other/official-artwork/1.png
2,フシギソウ,,ivysaur,たねポケモン,1,grass,poison,1.0,13.0,60,62,63,80,80,60,405,0,0,つぼみが 背中に ついていて 養分を 吸収していくと 大きな 花が 咲くという。,https://raw.githubusercontent.com/PokeAPI/sprites/master/sprites/pokemon/2.png,https://raw.githubusercontent.com/PokeAPI/sprites/master/sprites/pokemon/other/official-artwork/2.png
3,フシギバナ,,venusaur,たねポケモン,1,grass,poison,2.0,100.0,80,82,83,100,100,80,525,0,0,大きな 花びらを 広げ 太陽の 光を 浴びていると 体に 元気が みなぎっていく。,https://raw.githubusercontent.com/PokeAPI/sprites/master/sprites/pokemon/3.png,https://raw.githubusercontent.com/PokeAPI/sprites/master/sprites/pokemon/other/official-artwork/3.png
4,ヒトカゲ,,charmander,とかげポケモン,1,fire,,0.6,8.5,39,52,43,60,50,65,309,0,0,尻尾の 炎は ヒトカゲの 生命力の 証。 元気だと さかんに 燃えさかる。,https://raw.githubusercontent.com/PokeAPI/sprites/master/sprites/pokemon/4.png,https://raw.githubusercontent.com/PokeAPI/sprites/master/sprites/pokemon/other/official-artwork/4.png
5,リザード,,charmeleon,かえんポケモン,1,fire,,1.1,19.0,58,64,58,80,65,80,405,0,0,尻尾を 振り回して 相手を なぎ倒し 鋭い ツメで ズタズタに ひきさいてしまう。,https://raw.githubusercontent.com/PokeAPI/sprites/master/sprites/pokemon/5.png,https://raw.githubusercontent.com/PokeAPI/sprites/master/sprites/pokemon/other/official-artwork/5.png
6,リザードン,,charizard,かえんポケモン,1,fire,flying,1.7,90.5,78,84,78,109,85,100,534,0,0,口から 灼熱の 炎を 吐き出すとき 尻尾の 先は より 赤く 激しく 燃え上がる。,https://raw.githubusercontent.com/PokeAPI/sprites/master/sprites/pokemon/6.png,https://raw.githubusercontent.com/PokeAPI/sprites/master/sprites/pokemon/other/official-artwork/6.png
7,ゼニガメ,,squirtle,かめのこポケモン,1,water,,0.5,9.0,44,48,65,50,64,43,314,0,0,甲羅に 閉じこもり 身を 守る。 相手の すきを 見逃さず 水を 噴き出して 反撃する。,https://raw.githubusercontent.com/PokeAPI/sprites/master/sprites/pokemon/7.png,https://raw.githubusercontent.com/PokeAPI/sprites/master/sprites/pokemon/other/official-artwork/7.png
8,カメール,,wartortle,かめポケモン,1,water,,1.0,22.5,59,63,80,65,80,58,405,0,0,ポカンと 頭を たたかれるとき 甲羅に 引っこんで 避ける。でも ちょっとだけ 尻尾が 出ているよ。,https://raw.githubusercontent.com/PokeAPI/sprites/master/sprites/pokemon/8.png,https://raw.githubusercontent.com/PokeAPI/sprites/master/sprites/pokemon/other/official-artwork/8.png
9,カメックス,,blastoise,こうらポケモン,1,water,,1.6,85.5,79,83,100,85,105,78,530,0,0,体が 重たく のしかかって 相手を 気絶させる。 ピンチのときは 殻に 隠れる。,https://raw.githubusercontent.com/PokeAPI/sprites/master/sprites/pokemon/9.png,https://raw.githubusercontent.com/PokeAPI/sprites/master/sprites/pokemon/other/official-artwork/9.png
10,キャタピー,,caterpie,いもむしポケモン,1,bug,,0.3,2.9,45,30,35,20,20,45,195,0,0,頭の 触覚から 強烈な においを 出して 敵を 追い払い 身を守る。,https://raw.githubusercontent.com/PokeAPI/sprites/master/sprites/pokemon/10.png,https://raw.githubusercontent.com/PokeAPI/sprites/master/sprites/pokemon/other/official-artwork/10.png
11,トランセル,,metapod,さなぎポケモン,1,bug,,0.7,9.9,50,20,55,25,25,30,205,0,0,鋼鉄のように 硬い 殻で やわらかい 中身を 守っている。 進化するまで じっと 耐えている。,https://raw.githubusercontent.com/PokeAPI/sprites/master/sprites/pokemon/11.png,https://raw.githubusercontent.com/PokeAPI/sprites/master/sprites/pokemon/other/official-artwork/11.png
12,バタフリー,,butterfree,ちょうちょポケモン,1,bug,flying,1.1,32.0,60,45,50,90,80,70,395,0,0,花の ミツが 大好物。 わずかな 花粉で 花畑の 場所を 探し出すことが できる。,https://raw.githubusercontent.com/PokeAPI/sprites/master/sprites/pokemon/12.png,https://raw.githubusercontent.com/PokeAPI/sprites/master/sprites/pokemon/other/official-artwork/12.png
13,ビードル,,weedle,けむしポケモン,1,bug,poison,0.3,3.2,40,35,30,20,20,50,195,0,0,森や 草地に 多く 生息。 頭の 先に ５センチぐらいの 小さく 鋭い 毒針を持つ。,https://raw.githubusercontent.com/PokeAPI/sprites/master/sprites/pokemon/13.png,https://raw.githubusercontent.com/PokeAPI/sprites/master/sprites/pokemon/other/official-artwork/13.png
14,コクーン,,kakuna,さなぎポケモン,1,bug,poison,0.6,10.0,45,25,50,25,25,35,205,0,0,自分では ほとんど 動けないが 危ないときは 硬くなって 身を守っているようだ。,https://raw.githubusercontent.com/PokeAPI/sprites/master/sprites/pokemon/14.png,https://raw.githubusercontent.com/PokeAPI/sprites/master/sprites/pokemon/other/official-artwork/14.png
15,スピアー,,beedrill,どくばちポケモン,1,bug,poison,1.0,29.5,65,90,40,45,80,75,395,0,0,両手と お尻にある ３本の 毒針で 相手を 刺して 刺して 刺しまくって 攻撃する。,https://raw.githubusercontent.com/PokeAPI/sprites/master/sprites/pokemon/15.png,https://raw.githubusercontent.com/PokeAPI/sprites/master/sprites/pokemon/other/official-artwork/15.png
16,ポッポ,,pidgey,ことりポケモン,1,normal,flying,0.3,1.8,40,45,40,35,35,56,251,0,0,森や 林に 多く 分布。 地上でも 激しく はばたいて 砂を かけたりする。,https://raw.githubusercontent.com/PokeAPI/sprites/master/sprites/pokemon/16.png,https://raw.githubusercontent.com/PokeAPI/sprites/master/sprites/pokemon/other/official-artwork/16.png
17,ピジョン,,pidgeotto,とりポケモン,1,normal,flying,1.1,30.0,63,60,55,50,50,71,349,0,0,足の ツメが 発達している。 エサの タマタマを つかんで １００キロ先の 巣まで 運ぶ。,https://raw.githubusercontent.com/PokeAPI/sprites/master/sprites/pokemon/17.png,https://raw.githubusercontent.com/PokeAPI/sprites/master/sprites/pokemon/other/official-artwork/17.png
18,ピジョット,,pidgeot,とりポケモン,1,normal,flying,1.5,39.5,83,80,75,70,70,101,479,0,0,エサを 探すとき 水面 すれすれを 滑るように 飛んで コイキングなどを わしづかみにする。,https://raw.githubusercontent.com/PokeAPI/sprites/master/sprites/pokemon/18.png,https://raw.githubusercontent.com/PokeAPI/sprites/master/sprites/pokemon/other/official-artwork/18.png
19,コラッタ,,rattata,ねずみポケモン,1,normal,,0.3,3.5,30,56,35,25,35,72,253,0,0,食べるものが あるところなら どこにだって 生息する。 １日中 エサを 探している。,https://raw.githubusercontent.com/PokeAPI/sprites/master/sprites/pokemon/19.png,https://raw.githubusercontent.com/PokeAPI/sprites/master/sprites/pokemon/other/official-artwork/19.png
20,ラッタ,,raticate,ねずみポケモン,1,normal,,0.7,18.5,55,81,60,50,70,97,413,0,0,伸び続ける 前歯を 削るため 硬い ものを かじる 習性。 ブロック塀も かじって 壊す。,https://raw.githubusercontent.com/PokeAPI/sprites/master/sprites/pokemon/20.png,https://raw.githubusercontent.com/PokeAPI/sprites/master/sprites/pokemon/other/official-artwork/20.png
21,オニスズメ,,spearow,ことりポケモン,1,normal,flying,0.3,2.0,40,60,30,31,31,70,262,0,0,自分の テリトリーを 守るため 短い 羽を はばたかせて 忙しく 飛び回っている。,https://raw.githubusercontent.com/PokeAPI/sprites/master/sprites/pokemon/21.png,https://raw.githubusercontent.com/PokeAPI/sprites/master/sprites/pokemon/other/official-artwork/21.png
22,オニドリル,,fearow,くちばしポケモン,1,normal,flying,1.2,38.0,65,90,65,61,61,100,442,0,0,大きな 翼で 大空を 飛び続けることが できる。 １回も 降りなくても 平気だ。,https://raw.githubusercontent.com/PokeAPI/sprites/master/sprites/pokemon/22.png,https://raw.githubusercontent.com/PokeAPI/sprites/master/sprites/pokemon/other/official-artwork/22.png
23,アーボ,,ekans,へびポケモン,1,poison,,2.0,6.9,35,60,44,40,54,55,288,0,0,育つほどに どんどん 長くなる。 そして 夜中は 木の枝に グルグルと 絡まって 休む。,https://raw.githubusercontent.com/PokeAPI/sprites/master/sprites/pokemon/23.png,https://raw.githubusercontent.com/PokeAPI/sprites/master/sprites/pokemon/other/official-artwork/23.png
24,アーボック,,arbok,コブラポケモン,1,poison,,3.5,65.0,60,95,69,65,79,80,448,0,0,お腹の 模様が 怖い 顔に 見える。 弱い 敵は その模様を 見ただけで 逃げ出してしまう。,https://raw.githubusercontent.com/PokeAPI/sprites/master/sprites/pokemon/24.png,https://raw.githubusercontent.com/PokeAPI/sprites/master/sprites/pokemon/other/official-artwork/24.png
25,ピカチュウ,,pikachu,ねずみポケモン,1,electric,,0.4,6.0,35,55,40,50,50,90,320,0,0,尻尾を 立てて まわりの 様子を 探っていると ときどき 雷が 尻尾に 落ちてくる。,https://raw.githubusercontent.com/PokeAPI/sprites/master/sprites/pokemon/25.png,https://raw.githubusercontent.com/PokeAPI/sprites/master/sprites/pokemon/other/official-artwork/25.png
26,ライチュウ,,raichu,ねずみポケモン,1,electric,,0.8,30.0,60,90,55,90,80,110,485,0,0,電気が たまってくると 筋肉が 刺激され いつもより 攻撃的に なってしまう。,https://raw.githubusercontent.com/PokeAPI/sprites/master/sprites/pokemon/26.png,https://raw.githubusercontent.com/PokeAPI/sprites/master/sprites/pokemon/other/official-artwork/26.png
27,サンド,,sandshrew,ねずみポケモン,1,ground,,0.6,12.0,50,75,85,20,30,40,300,0,0,地面に 穴を 掘って 住む。 自分に 危険が 迫ると まるくなって 身を 守る。,https://raw.githubusercontent.com/PokeAPI/sprites/master/sprites/pokemon/27.png,https://raw.githubusercontent.com/PokeAPI/sprites/master/sprites/pokemon/other/official-artwork/27.png
28,サンドパン,,sandslash,ねずみポケモン,1,ground,,1.0,29.5,75,100,110,45,55,65,450,0,0,すごい 勢いで 地面を掘ると トゲや ツメが 折れてしまうが 次の日には 生えそろっている。,https://raw.githubusercontent.com/PokeAPI/sprites/master/sprites/pokemon/28.png,https://raw.githubusercontent.com/PokeAPI/sprites/master/sprites/pokemon/other/official-artwork/28.png
29,ニドラン♀,,nidoran-f,どくばりポケモン,1,poison,,0.4,7.0,55,47,52,40,40,41,275,0,0,体は 小さくても 毒針を 持つため 注意が 必要だ。 メスのほうが ツノが 小さい。,https://raw.githubusercontent.com/PokeAPI/sprites/master/sprites/pokemon/29.png,https://raw.githubusercontent.com/PokeAPI/sprites/master/sprites/pokemon/other/official-artwork/29.png
30,ニドリーナ,,nidorina,どくばりポケモン,1,poison,,0.8,20.0,70,62,67,55,55,56,365,0,0,メスなので 性格は 温厚。 口から 出す 超音波は 相手を まどわす 力がある。,https://raw.githubusercontent.com/PokeAPI/sprites/master/sprites/pokemon/30.png,https://raw.githubusercontent.com/PokeAPI/sprites/master/sprites/pokemon/other/official-artwork/30.png
31,ニドクイン,,nidoqueen,ドリルポケモン,1,poison,ground,1.3,60.0,90,92,87,75,85,76,505,0,0,ウロコで 覆われた 頑丈な 体で 巣穴の 入り口を ふさぎ 敵から 子供たちを 守る。,https://raw.githubusercontent.com/PokeAPI/sprites/master/sprites/pokemon/31.png,https://raw.githubusercontent.com/PokeAPI/sprites/master/sprites/pokemon/other/official-artwork/31.png
32,ニドラン♂,,nidoran-m,どくばりポケモン,1,poison,,0.5,9.0,46,57,40,40,40,50,273,0,0,草むらの 上に 耳だけ 出して まわりの 気配を 探る。 猛毒の ツノで 身を 守る。,https://raw.githubusercontent.com/PokeAPI/sprites/master/sprites/pokemon/32.png,https://raw.githubusercontent.com/PokeAPI/sprites/master/sprites/pokemon/other/official-artwork/32.png
33,ニドリーノ,,nidorino,どくばりポケモン,1,poison,,0.9,19.5,61,72,57,55,55,65,365,0,0,発達した 耳を 立てて まわりの 気配を 探る。 なにかあると すぐに 飛びかかる。,https://raw.githubusercontent.com/PokeAPI/sprites/master/sprites/pokemon/33.png,https://raw.githubusercontent.com/PokeAPI/sprites/master/sprites/pokemon/other/official-artwork/33.png
34,ニドキング,,nidoking,ドリルポケモン,1,poison,ground,1.4,62.0,81,102,77,85,75,85,505,0,0,石のように 硬い 皮膚と 長く 伸びた ツノが 特徴。 ツノには 毒も あるので 注意。,https://raw.githubusercontent.com/PokeAPI/sprites/master/sprites/pokemon/34.png,https://raw.githubusercontent.com/PokeAPI/sprites/master/sprites/pokemon/other/official-artwork/34.png
35,ピッピ,,clefairy,ようせいポケモン,1,fairy,,0.6,7.5,70,45,48,60,65,35,323,0,0,満月の夜 ピッピが 集まって ダンスを 踊る様子を 見ると 幸せに なれると 言われている。,https://raw.githubusercontent.com/PokeAPI/sprites/master/sprites/pokemon/35.png,https://raw.githubusercontent.com/PokeAPI/sprites/master/sprites/pokemon/other/official-artwork/35.png
36,ピクシー,,clefable,ようせいポケモン,1,fairy,,1.3,40.0,95,70,73,95,90,60,483,0,0,１キロ先で 落ちた 針の 音も 聞き分ける 優れた 耳を 持つ。 静かな 山奥に 住んでいる。,https://raw.githubusercontent.com/PokeAPI/sprites/master/sprites/pokemon/36.png,https://raw.githubusercontent.com/PokeAPI/sprites/master/sprites/pokemon/other/official-artwork/36.png
37,ロコン,,vulpix,きつねポケモン,1,fire,,0.6,9.9,38,41,40,50,65,65,299,0,0,生まれたとき 尻尾は 真っ白で １本しかない。育つと やがて 先が 分かれて 尻尾が 増える。,https://raw.githubusercontent.com/PokeAPI/sprites/master/sprites/pokemon/37.png,https://raw.githubusercontent.com/PokeAPI/sprites/master/sprites/pokemon/other/official-artwork/37.png
38,キュウコン,,ninetales,きつねポケモン,1,fire,,1.1,19.9,73,76,75,81,100,100,505,0,0,黄金に 輝く 体毛と ９本の 長い 尻尾を 持つ。 １０００年は 生きると 言われる。,https://raw.githubusercontent.com/PokeAPI/sprites/master/sprites/pokemon/38.png,https://raw.githubusercontent.com/PokeAPI/sprites/master/sprites/pokemon/other/official-artwork/38.png
39,プリン,,jigglypuff,ふうせんポケモン,1,normal,fairy,0.5,5.5,115,45,20,45,25,20,270,0,0,まるくて 大きい 瞳で 誘いこみ 心地よい 歌を 歌い 相手を 眠らせる。,https://raw.githubusercontent.com/PokeAPI/sprites/master/sprites/pokemon/39.png,https://raw.githubusercontent.com/PokeAPI/sprites/master/sprites/pokemon/other/official-artwork/39.png
40,プクリン,,wigglytuff,ふうせんポケモン,1,normal,fairy,1.0,12.0,140,70,45,85,50,45,435,0,0,２匹 寄り添いあうと お互いの 毛皮が 気持ち良すぎて 離れられなく なってしまう。,https://raw.githubusercontent.com/PokeAPI/sprites/master/sprites/pokemon/40.png,https://raw.githubusercontent.com/PokeAPI/sprites/master/sprites/pokemon/other/official-artwork/40.png
41,ズバット,,zubat,こうもりポケモン,1,poison,flying,0.8,7.5,40,45,35,30,40,55,245,0,0,口から 出す 超音波で 両目が なくても まわりの 障害物を 察知できる。,https://raw.githubusercontent.com/PokeAPI/sprites/master/sprites/pokemon/41.png,https://raw.githubusercontent.com/PokeAPI/sprites/master/sprites/pokemon/other/official-artwork/41.png
42,ゴルバット,,golbat,こうもりポケモン,1,poison,flying,1.6,55.0,75,80,70,65,75,90,455,0,0,かみついたら 最後。死ぬほど 血を 吸いまくるので 重たくなって 自分で 飛べなくなることもある。,https://raw.githubusercontent.com/PokeAPI/sprites/master/sprites/pokemon/42.png,https://raw.githubusercontent.com/PokeAPI/sprites/master/sprites/pokemon/other/official-artwork/42.png
43,ナゾノクサ,,oddish,ざっそうポケモン,1,grass,poison,0.5,5.4,45,50,55,75,65,30,320,0,0,昼間は 太陽を 避けるため 冷たい 地面に 潜っている。 月の 光を 浴びて 育つ。,https://raw.githubusercontent.com/PokeAPI/sprites/master/sprites/pokemon/43.png,https://raw.githubusercontent.com/PokeAPI/sprites/master/sprites/pokemon/other/official-artwork/43.png
44,クサイハナ,,gloom,ざっそうポケモン,1,grass,poison,0.8,8.6,60,65,70,85,75,40,395,0,0,猛烈な クサさ！ それなのに １０００人に １人ぐらい これを 好んで かぐ 人がいる。,https://raw.githubusercontent.com/PokeAPI/sprites/master/sprites/pokemon/44.png,https://raw.githubusercontent.com/PokeAPI/sprites/master/sprites/pokemon/other/official-artwork/44.png
45,ラフレシア,,vileplume,フラワーポケモン,1,grass,poison,1.2,18.6,75,80,85,110,90,50,490,0,0,花びらが 大きいほど たくさん 花粉を 出すが 頭が 重たくて 疲れてしまうという。,https://raw.githubusercontent.com/PokeAPI/sprites/master/sprites/pokemon/45.png,https://raw.githubusercontent.com/PokeAPI/sprites/master/sprites/pokemon/other/official-artwork/45.png
46,パラス,,paras,きのこポケモン,1,bug,grass,0.3,5.4,35,70,55,45,55,25,285,0,0,虫の 背中に 生えているのは 冬虫夏草 という キノコ。 育つと キノコも 大きくなる。,https://raw.githubusercontent.com/PokeAPI/sprites/master/sprites/pokemon/46.png,https://raw.githubusercontent.com/PokeAPI/sprites/master/sprites/pokemon/other/official-artwork/46.png
47,パラセクト,,parasect,きのこポケモン,1,bug,grass,1.0,29.5,60,95,80,60,80,30,405,0,0,体よりも 大きな キノコが パラセクトを 操っている。 毒の 胞子を ばらまく。,https://raw.githubusercontent.com/PokeAPI/sprites/master/sprites/pokemon/47.png,https://raw.githubusercontent.com/PokeAPI/sprites/master/sprites/pokemon/other/official-artwork/47.png
48,コンパン,,venonat,こんちゅうポケモン,1,bug,poison,1.0,30.0,60,55,50,40,55,45,305,0,0,小さな 目が たくさん 集まって 大きな 目に なっている。 夜になると 明かりに 集まる。,https://raw.githubusercontent.com/PokeAPI/sprites/master/sprites/pokemon/48.png,https://raw.githubusercontent.com/PokeAPI/sprites/master/sprites/pokemon/other/official-artwork/48.png
49,モルフォン,,venomoth,どくがポケモン,1,bug,poison,1.5,12.5,70,65,60,90,75,90,450,0,0,ばらまかれた りんぷんに 触れると 体の 感覚が おかしくなって まっすぐ 立っていられなくなる。,https://raw.githubusercontent.com/PokeAPI/sprites/master/sprites/pokemon/49.png,https://raw.githubusercontent.com/PokeAPI/sprites/master/sprites/pokemon/other/official-artwork/49.png
50,ディグダ,,diglett,もぐらポケモン,1,ground,,0.2,0.8,10,55,25,35,45,95,265,0,0,地下１メートルくらいを 掘りすすみ 木の根っこなどを かじって 生きる。 たまに 地上に 顔を出す。,https://raw.githubusercontent.com/PokeAPI/sprites/master/sprites/pokemon/50.png,https://raw.githubusercontent.com/PokeAPI/sprites/master/sprites/pokemon/other/official-artwork/50.png
51,ダグトリオ,,dugtrio,もぐらポケモン,1,ground,,0.7,33.3,35,100,50,50,70,120,425,0,0,地中を 掘りすすんで 相手が 油断しているところを 別の 場所から 攻撃する。,https://raw.githubusercontent.com/PokeAPI/sprites/master/sprites/pokemon/51.png,https://raw.githubusercontent.com/PokeAPI/sprites/master/sprites/pokemon/other/official-artwork/51.png
52,ニャース,,meowth,ばけねこポケモン,1,normal,,0.4,4.2,40,45,35,40,40,90,290,0,0,夜中に 行動する 習性。 キラキラ 光るものを 見つけると 負けないくらい 瞳が 輝く。,https://raw.githubusercontent.com/PokeAPI/sprites/master/sprites/pokemon/52.png,https://raw.githubusercontent.com/PokeAPI/sprites/master/sprites/pokemon/other/official-artwork/52.png
53,ペルシアン,,persian,シャムネコポケモン,1,normal,,1.0,32.0,65,70,60,65,65,115,440,0,0,毛並みが 美しく ペットにしたがる 人も 多いが すぐ ひっかいたり するので 手強いぞ。,https://raw.githubusercontent.com/PokeAPI/sprites/master/sprites/pokemon/53.png,https://raw.githubusercontent.com/PokeAPI/sprites/master/sprites/pokemon/other/official-artwork/53.png
54,コダック,,psyduck,あひるポケモン,1,water,,0.8,19.6,50,52,48,65,50,55,320,0,0,いつも 頭痛に 悩まされている。 この 頭痛が 激しくなると 不思議な 力を 使いはじめる。,https://raw.githubusercontent.com/PokeAPI/sprites/master/sprites/pokemon/54.png,https://raw.githubusercontent.com/PokeAPI/sprites/master/sprites/pokemon/other/official-artwork/54.png
55,ゴルダック,,golduck,あひるポケモン,1,water,,1.7,76.6,80,82,78,95,80,85,500,0,0,夕暮れ 水辺に 姿をみせる。 額が あやしく 光るとき 神通力を 使いこなすという。,https://raw.githubusercontent.com/PokeAPI/sprites/master/sprites/pokemon/55.png,https://raw.githubusercontent.com/PokeAPI/sprites/master/sprites/pokemon/other/official-artwork/55.png
56,マンキー,,mankey,ぶたざるポケモン,1,fighting,,0.5,28.0,40,80,35,35,45,70,305,0,0,意味もなく 怒って 暴れ出すと 仲間の 区別も つかなくなるので 近寄るのは 非常に 危険だ。,https://raw.githubusercontent.com/PokeAPI/sprites/master/sprites/pokemon/56.png,https://raw.githubusercontent.com/PokeAPI/sprites/master/sprites/pokemon/other/official-artwork/56.png
57,オコリザル,,primeape,ぶたざるポケモン,1,fighting,,1.0,32.0,65,105,60,60,70,95,455,0,0,まわりに だれも いないときだけは 怒るのを やめている。しかし それを 見るのは 難しい。,https://raw.githubusercontent.com/PokeAPI/sprites/master/sprites/pokemon/57.png,https://raw.githubusercontent.com/PokeAPI/sprites/master/sprites/pokemon/other/official-artwork/57.png
58,ガーディ,,growlithe,こいぬポケモン,1,fire,,0.7,19.0,55,70,45,70,50,60,350,0,0,人懐こく 誠実な 性格。 敵には ほえて かみつき 追い払おうとする。,https://raw.githubusercontent.com/PokeAPI/sprites/master/sprites/pokemon/58.png,https://raw.githubusercontent.com/PokeAPI/sprites/master/sprites/pokemon/other/official-artwork/58.png
59,ウインディ,,arcanine,でんせつポケモン,1,fire,,1.9,155.0,90,110,80,100,80,95,555,0,0,昔から 多くの 人を 虜にした 美しい ポケモン。 飛ぶように 軽やかに 走る。,https://raw.githubusercontent.com/PokeAPI/sprites/master/sprites/pokemon/59.png,https://raw.githubusercontent.com/PokeAPI/sprites/master/sprites/pokemon/other/official-artwork/59.png
60,ニョロモ,,poliwag,おたまポケモン,1,water,,0.6,12.4,40,50,40,40,40,90,300,0,0,スベスベした 黒い皮膚は 薄く 湿っている。内臓の 一部が 透けて 渦巻状に 見える。,https://raw.githubusercontent.com/PokeAPI/sprites/master/sprites/pokemon/60.png,https://raw.githubusercontent.com/PokeAPI/sprites/master/sprites/pokemon/other/official-artwork/60.png
61,ニョロゾ,,poliwhirl,おたまポケモン,1,water,,1.0,20.0,65,65,65,50,50,90,385,0,0,陸でも 水中でも 暮らせる。 地上では いつも 汗をかき 皮膚を ぬめぬめ させている。,https://raw.githubusercontent.com/PokeAPI/sprites/master/sprites/pokemon/61.png,https://raw.githubusercontent.com/PokeAPI/sprites/master/sprites/pokemon/other/official-artwork/61.png
62,ニョロボン,,poliwrath,おたまポケモン,1,water,fighting,1.3,54.0,90,95,95,70,90,70,510,0,0,強靭な 筋肉を 持つ。 太平洋を 休むことなく 泳ぎ続けることが できるのだ。,https://raw.githubusercontent.com/PokeAPI/sprites/master/sprites/pokemon/62.png,https://raw.githubusercontent.com/PokeAPI/sprites/master/sprites/pokemon/other/official-artwork/62.png
63,ケーシィ,,abra,ねんりきポケモン,1,psychic,,0.9,19.5,25,20,15,105,55,90,310,0,0,１日 １８時間は 寝ている。 眠ってる あいだでも さまざまな 超能力を 使う。,https://raw.githubusercontent.com/PokeAPI/sprites/master/sprites/pokemon/63.png,https://raw.githubusercontent.com/PokeAPI/sprites/master/sprites/pokemon/other/official-artwork/63.png
64,ユンゲラー,,kadabra,ねんりきポケモン,1,psychic,,1.3,56.5,40,35,30,120,70,105,400,0,0,超能力を 発揮すると 強い アルファ波を 出して 精密機械を 壊してしまう。,https://raw.githubusercontent.com/PokeAPI/sprites/master/sprites/pokemon/64.png,https://raw.githubusercontent.com/PokeAPI/sprites/master/sprites/pokemon/other/official-artwork/64.png
65,フーディン,,alakazam,ねんりきポケモン,1,psychic,,1.5,48.0,55,50,45,135,95,120,500,0,0,脳細胞は いつも 分裂して 死ぬまで 増え続けるので あらゆることを 覚えておける。,https://raw.githubusercontent.com/PokeAPI/sprites/master/sprites/pokemon/65.png,https://raw.githubusercontent.com/PokeAPI/sprites/master/sprites/pokemon/other/official-artwork/65.png
66,ワンリキー,,machop,かいりきポケモン,1,fighting,,0.8,19.5,70,80,50,35,35,35,305,0,0,ゴローンを 何度も 上げ下ろしして 全身の 筋肉を 鍛える。 あらゆる 格闘技を 使う。,https://raw.githubusercontent.com/PokeAPI/sprites/master/sprites/pokemon/66.png,https://raw.githubusercontent.com/PokeAPI/sprites/master/sprites/pokemon/other/official-artwork/66.png
67,ゴーリキー,,machoke,かいりきポケモン,1,fighting,,1.5,70.5,80,100,70,50,60,45,405,0,0,すごく 強靭な 肉体なので パワーセーブ ベルトを つけて 強さを 制御している。,https://raw.githubusercontent.com/PokeAPI/sprites/master/sprites/pokemon/67.png,https://raw.githubusercontent.com/PokeAPI/sprites/master/sprites/pokemon/other/official-artwork/67.png
68,カイリキー,,machamp,かいりきポケモン,1,fighting,,1.6,130.0,90,130,80,65,85,55,505,0,0,発達した ４本の 腕は ２秒間に １０００発の パンチを 繰り出すことができる。,https://raw.githubusercontent.com/PokeAPI/sprites/master/sprites/pokemon/68.png,https://raw.githubusercontent.com/PokeAPI/sprites/master/sprites/pokemon/other/official-artwork/68.png
69,マダツボミ,,bellsprout,フラワーポケモン,1,grass,poison,0.7,4.0,50,75,35,70,30,40,300,0,0,ひょろっとした 体つきだが 獲物を 捕らえるときの 動きは 目にも とまらないほど 素早い。,https://raw.githubusercontent.com/PokeAPI/sprites/master/sprites/pokemon/69.png,https://raw.githubusercontent.com/PokeAPI/sprites/master/sprites/pokemon/other/official-artwork/69.png
70,ウツドン,,weepinbell,ハエとりポケモン,1,grass,poison,1.0,6.4,65,90,50,85,45,55,390,0,0,葉っぱの 部分は カッターになって 相手を 切り裂く。口からは なんでも 溶かす 液体を 吐く。,https://raw.githubusercontent.com/PokeAPI/sprites/master/sprites/pokemon/70.png,https://raw.githubusercontent.com/PokeAPI/sprites/master/sprites/pokemon/other/official-artwork/70.png
71,ウツボット,,victreebel,ハエとりポケモン,1,grass,poison,1.7,15.5,80,105,65,100,70,70,490,0,0,ジャングルの 奥地に ウツボット ばかり いる 地帯が あって 行ったら ２度と 帰ってこれない。,https://raw.githubusercontent.com/PokeAPI/sprites/master/sprites/pokemon/71.png,https://raw.githubusercontent.com/PokeAPI/sprites/master/sprites/pokemon/other/official-artwork/71.png
72,メノクラゲ,,tentacool,くらげポケモン,1,water,poison,0.9,45.5,40,40,35,50,100,70,335,0,0,体の ほとんどが 水分。 水晶のような 目玉から 不思議な ビームを 発射する。,https://raw.githubusercontent.com/PokeAPI/sprites/master/sprites/pokemon/72.png,https://raw.githubusercontent.com/PokeAPI/sprites/master/sprites/pokemon/other/official-artwork/72.png
73,ドククラゲ,,tentacruel,くらげポケモン,1,water,poison,1.6,55.0,80,70,65,80,120,100,515,0,0,８０本の 触手が 自由に 動く。 刺されると 毒に 侵され 鋭い 痛みが 走る。,https://raw.githubusercontent.com/PokeAPI/sprites/master/sprites/pokemon/73.png,https://raw.githubusercontent.com/PokeAPI/sprites/master/sprites/pokemon/other/official-artwork/73.png
74,イシツブテ,,geodude,がんせきポケモン,1,rock,ground,0.4,20.0,40,80,100,30,30,20,300,0,0,草原や 山に 生息する。 石ころに 似ていて 気がつかず 踏んだり つまずいたりしてしまう。,https://raw.githubusercontent.com/PokeAPI/sprites/master/sprites/pokemon/74.png,https://raw.githubusercontent.com/PokeAPI/sprites/master/sprites/pokemon/other/official-artwork/74.png
75,ゴローン,,graveler,がんせきポケモン,1,rock,ground,1.0,105.0,55,95,115,45,45,35,390,0,0,山から 転がり 落ちるとき 体の あちこちが 取れても 気にしない 豪快な 性格。,https://raw.githubusercontent.com/PokeAPI/sprites/master/sprites/pokemon/75.png,https://raw.githubusercontent.com/PokeAPI/sprites/master/sprites/pokemon/other/official-artwork/75.png
76,ゴローニャ,,golem,メガトンポケモン,1,rock,ground,1.4,300.0,80,120,130,55,65,45,495,0,0,山頂から ふもとまで 続く 溝は ゴローニャが 転がり落ちる 通り道なので 要注意。,https://raw.githubusercontent.com/PokeAPI/sprites/master/sprites/pokemon/76.png,https://raw.githubusercontent.com/PokeAPI/sprites/master/sprites/pokemon/other/official-artwork/76.png
77,ポニータ,,ponyta,ひのうまポケモン,1,fire,,1.0,30.0,50,85,55,65,65,90,410,0,0,生まれたばかりでは 立つのがやっと。 だが 走るほどに 足腰は 鍛えられて 速度が 増していく。,https://raw.githubusercontent.com/PokeAPI/sprites/master/sprites/pokemon/77.png,https://raw.githubusercontent.com/PokeAPI/sprites/master/sprites/pokemon/other/official-artwork/77.png
78,ギャロップ,,rapidash,ひのうまポケモン,1,fire,,1.7,95.0,65,100,70,80,80,105,500,0,0,速く 動く 物体を 見ると 競争したくなり 猛烈な スピードで 追いかけはじめる。,https://raw.githubusercontent.com/PokeAPI/sprites/master/sprites/pokemon/78.png,https://raw.githubusercontent.com/PokeAPI/sprites/master/sprites/pokemon/other/official-artwork/78.png
79,ヤドン,,slowpoke,まぬけポケモン,1,water,psychic,1.2,36.0,90,65,65,40,40,15,315,0,0,いつも ボーッとしていて なにを 考えているか わからない。 尻尾で エサを 釣るのが 得意。,https://raw.githubusercontent.com/PokeAPI/sprites/master/sprites/pokemon/79.png,https://raw.githubusercontent.com/PokeAPI/sprites/master/sprites/pokemon/other/official-artwork/79.png
80,ヤドラン,,slowbro,やどかりポケモン,1,water,psychic,1.6,78.5,95,75,110,100,80,30,490,0,0,くっついている シェルダーは 尻尾から にじみ出る うま味が 欲しくて ずっと 離れない。,https://raw.githubusercontent.com/PokeAPI/sprites/master/sprites/pokemon/80.png,https://raw.githubusercontent.com/PokeAPI/sprites/master/sprites/pokemon/other/official-artwork/80.png
81,コイル,,magnemite,じしゃくポケモン,1,electric,steel,0.3,6.0,25,35,70,95,55,45,325,0,0,左右の ユニットから 重力を さえぎる 力を 出すので 空中に 浮かべる。,https://raw.githubusercontent.com/PokeAPI/sprites/master/sprites/pokemon/81.png,https://raw.githubusercontent.com/PokeAPI/sprites/master/sprites/pokemon/other/official-artwork/81.png
82,レアコイル,,magneton,じしゃくポケモン,1,electric,steel,1.0,60.0,50,60,95,120,70,70,465,0,0,複数の コイルが 連結して 強力な 磁力線と 高電圧を 放射する。,https://raw.githubusercontent.com/PokeAPI/sprites/master/sprites/pokemon/82.png,https://raw.githubusercontent.com/PokeAPI/sprites/master/sprites/pokemon/other/official-artwork/82.png
83,カモネギ,,farfetchd,かるがもポケモン,1,normal,flying,0.8,15.0,52,90,55,58,62,60,377,0,0,持っている 茎は 大切な 武器でもあり 刀を 振るように いろんな ものを 切ることができる。,https://raw.githubusercontent.com/PokeAPI/sprites/master/sprites/pokemon/83.png,https://raw.githubusercontent.com/PokeAPI/sprites/master/sprites/pokemon/other/official-artwork/83.png
84,ドードー,,doduo,ふたごどりポケモン,1,normal,flying,1.4,39.2,35,85,45,35,35,75,310,0,0,突然変異で 見つかった ２つの 頭を 持つ ポケモン。 時速１００キロで 走る。,https://raw.githubusercontent.com/PokeAPI/sprites/master/sprites/pokemon/84.png,https://raw.githubusercontent.com/PokeAPI/sprites/master/sprites/pokemon/other/official-artwork/84.png
85,ドードリオ,,dodrio,みつごどりポケモン,1,normal,flying,1.8,85.2,60,110,70,60,60,110,470,0,0,３つの 頭が 見ている前で わずかでも すきを 見せると クチバシで 激しく つつかれる。,https://raw.githubusercontent.com/PokeAPI/sprites/master/sprites/pokemon/85.png,https://raw.githubusercontent.com/PokeAPI/sprites/master/sprites/pokemon/other/official-artwork/85.png
86,パウワウ,,seel,あしかポケモン,1,water,,1.1,90.0,65,45,55,45,70,45,325,0,0,氷山で 暮らす ポケモン。 頭の とがった でっぱりで 氷を 割って 海を 泳ぐ。,https://raw.githubusercontent.com/PokeAPI/sprites/master/sprites/pokemon/86.png,https://raw.githubusercontent.com/PokeAPI/sprites/master/sprites/pokemon/other/official-artwork/86.png
87,ジュゴン,,dewgong,あしかポケモン,1,water,ice,1.7,120.0,90,70,80,70,95,70,475,0,0,全身が 真っ白な 毛で 覆われている。寒さに 強く むしろ 寒いほど 元気になる。,https://raw.githubusercontent.com/PokeAPI/sprites/master/sprites/pokemon/87.png,https://raw.githubusercontent.com/PokeAPI/sprites/master/sprites/pokemon/other/official-artwork/87.png
88,ベトベター,,grimer,ヘドロポケモン,1,poison,,0.9,30.0,80,80,50,40,50,25,325,0,0,月からの エックス線を 浴びた ヘドロが ベトベターに 変化した。 汚いものが 大好物。,https://raw.githubusercontent.com/PokeAPI/sprites/master/sprites/pokemon/88.png,https://raw.githubusercontent.com/PokeAPI/sprites/master/sprites/pokemon/other/official-artwork/88.png
89,ベトベトン,,muk,ヘドロポケモン,1,poison,,1.2,30.0,105,105,75,65,100,50,500,0,0,ヘドロが たまる くさい 場所を 好んで 集まってくるので あたりは いっそう くさくなる。,https://raw.githubusercontent.com/PokeAPI/sprites/master/sprites/pokemon/89.png,https://raw.githubusercontent.com/PokeAPI/sprites/master/sprites/pokemon/other/official-artwork/89.png
90,シェルダー,,shellder,２まいがいポケモン,1,water,,0.3,4.0,30,65,100,45,25,40,305,0,0,硬い 殻は どんな 攻撃も 跳ね返す。開いたときに 中を 攻撃されると 弱い。,https://raw.githubusercontent.com/PokeAPI/sprites/master/sprites/pokemon/90.png,https://raw.githubusercontent.com/PokeAPI/sprites/master/sprites/pokemon/other/official-artwork/90.png
91,パルシェン,,cloyster,２まいがいポケモン,1,water,ice,1.5,132.5,50,95,180,85,45,70,525,0,0,潮の 流れが 激しい 海に 生息している パルシェンの 殻の トゲは 大きく 鋭い。,https://raw.githubusercontent.com/PokeAPI/sprites/master/sprites/pokemon/91.png,https://raw.githubusercontent.com/PokeAPI/sprites/master/sprites/pokemon/other/official-artwork/91.png
92,ゴース,,gastly,ガスじょうポケモン,1,ghost,poison,1.3,0.1,30,35,30,100,35,80,310,0,0,ガスでできた 薄い 体は どんな 大きさの 相手も 包みこみ 息の根を 止める。,https://raw.githubusercontent.com/PokeAPI/sprites/master/sprites/pokemon/92.png,https://raw.githubusercontent.com/PokeAPI/sprites/master/sprites/pokemon/other/official-artwork/92.png
93,ゴースト,,haunter,ガスじょうポケモン,1,ghost,poison,1.6,0.1,45,50,45,115,55,95,405,0,0,暗闇で だれもいないのに 見られているような 気がしたら そこに ゴーストが いるのだ。,https://raw.githubusercontent.com/PokeAPI/sprites/master/sprites/pokemon/93.png,https://raw.githubusercontent.com/PokeAPI/sprites/master/sprites/pokemon/other/official-artwork/93.png
94,ゲンガー,,gengar,シャドーポケモン,1,ghost,poison,1.5,40.5,60,65,60,130,75,110,500,0,0,物陰に 姿を 隠す。 ゲンガーの 潜んでいる 部屋は 温度が ５度 下がるといわれる。,https://raw.githubusercontent.com/PokeAPI/sprites/master/sprites/pokemon/94.png,https://raw.githubusercontent.com/PokeAPI/sprites/master/sprites/pokemon/other/official-artwork/94.png
95,イワーク,,onix,いわへびポケモン,1,rock,ground,8.8,210.0,35,45,160,30,45,70,385,0,0,地中を ものすごい 勢いで 掘りすすみ エサを 探す。通った 跡は ディグダの 住処になる。,https://raw.githubusercontent.com/PokeAPI/sprites/master/sprites/pokemon/95.png,https://raw.githubusercontent.com/PokeAPI/sprites/master/sprites/pokemon/other/official-artwork/95.png
96,スリープ,,drowzee,さいみんポケモン,1,psychic,,1.0,32.4,60,48,45,43,90,42,328,0,0,眠らせては 夢を 食べるが 悪い 夢ばかり 食べてると お腹を 壊すことが あるらしい。,https://raw.githubusercontent.com/PokeAPI/sprites/master/sprites/pokemon/96.png,https://raw.githubusercontent.com/PokeAPI/sprites/master/sprites/pokemon/other/official-artwork/96.png
97,スリーパー,,hypno,さいみんポケモン,1,psychic,,1.6,75.6,85,73,70,73,115,67,483,0,0,振り子のようなものを 持ち歩く。 子供に 催眠術を かけて どこかへ 連れ去る 事件があった。,https://raw.githubusercontent.com/PokeAPI/sprites/master/sprites/pokemon/97.png,https://raw.githubusercontent.com/PokeAPI/sprites/master/sprites/pokemon/other/official-artwork/97.png
98,クラブ,,krabby,さわがにポケモン,1,water,,0.4,6.5,30,105,90,25,25,50,325,0,0,危険が 迫ると 口から 吐き出す 泡で 全身を 包んで 体を 大きく みせようとする。,https://raw.githubusercontent.com/PokeAPI/sprites/master/sprites/pokemon/98.png,https://raw.githubusercontent.com/PokeAPI/sprites/master/sprites/pokemon/other/official-artwork/98.png
99,キングラー,,kingler,はさみポケモン,1,water,,1.3,60.0,55,130,115,50,50,75,475,0,0,硬い ハサミは １万馬力の パワーを 持っているが 大きすぎて 動きが 鈍い。,https://raw.githubusercontent.com/PokeAPI/sprites/master/sprites/pokemon/99.png,https://raw.githubusercontent.com/PokeAPI/sprites/master/sprites/pokemon/other/official-artwork/99.png
100,ビリリダマ,,voltorb,ボールポケモン,1,electric,,0.5,10.4,40,30,50,55,55,100,330,0,0,モンスターボールが 売り出されたのと 同じ 時期に 発見された。 なにか 関係があると いわれる。,https://raw.githubusercontent.com/PokeAPI/sprites/master/sprites/pokemon/100.png,https://raw.githubusercontent.com/PokeAPI/sprites/master/sprites/pokemon/other/official-artwork/100.png
101,マルマイン,,electrode,ボールポケモン,1,electric,,1.2,66.6,60,50,70,80,80,150,490,0,0,少しの 刺激に 反応して 爆発する。バクダンボールという あだ名で 怖がられている。,https://raw.githubusercontent.com/PokeAPI/sprites/master/sprites/pokemon/101.png,https://raw.githubusercontent.com/PokeAPI/sprites/master/sprites/pokemon/other/official-artwork/101.png
102,タマタマ,,exeggcute,たまごポケモン,1,grass,psychic,0.4,2.5,60,40,80,60,45,40,325,0,0,テレパシーで 会話をしているため タマタマを 引き離そうとしても すぐに 集まって ６匹になる。,https://raw.githubusercontent.com/PokeAPI/sprites/master/sprites/pokemon/102.png,https://raw.githubusercontent.com/PokeAPI/sprites/master/sprites/pokemon/other/official-artwork/102.png
103,ナッシー,,exeggutor,やしのみポケモン,1,grass,psychic,2.0,120.0,95,95,85,125,75,55,530,0,0,３つの 頭は 考えることは 別々でも 仲良しなので ケンカしたり しないらしい。,https://raw.githubusercontent.com/PokeAPI/sprites/master/sprites/pokemon/103.png,https://raw.githubusercontent.com/PokeAPI/sprites/master/sprites/pokemon/other/official-artwork/103.png
104,カラカラ,,cubone,こどくポケモン,1,ground,,0.4,6.5,50,50,95,40,50,35,320,0,0,死に別れた 母親の 骨を 頭に 覆っている。寂しいとき 大声で 泣くという。,https://raw.githubusercontent.com/PokeAPI/sprites/master/sprites/pokemon/104.png,https://raw.githubusercontent.com/PokeAPI/sprites/master/sprites/pokemon/other/official-artwork/104.png
105,ガラガラ,,marowak,ほねずきポケモン,1,ground,,1.0,45.0,60,80,110,50,80,45,425,0,0,体も 小さく もともと 弱かった。 骨を 使うようになり 性格が 凶暴化した。,https://raw.githubusercontent.com/PokeAPI/sprites/master/sprites/pokemon/105.png,https://raw.githubusercontent.com/PokeAPI/sprites/master/sprites/pokemon/other/official-artwork/105.png
106,サワムラー,,hitmonlee,キックポケモン,1,fighting,,1.5,49.8,50,120,53,35,110,87,455,0,0,脚が 自由に 伸び縮みして 遠く 離れている 場合でも 相手を 蹴り上げることができる。,https://raw.githubusercontent.com/PokeAPI/sprites/master/sprites/pokemon/106.png,https://raw.githubusercontent.com/PokeAPI/sprites/master/sprites/pokemon/other/official-artwork/106.png
107,エビワラー,,hitmonchan,パンチポケモン,1,fighting,,1.4,50.2,50,105,79,35,110,76,455,0,0,腕を ねじりながら 繰り出す パンチは コンクリートも 粉砕。 ３分 戦うと ひとやすみする。,https://raw.githubusercontent.com/PokeAPI/sprites/master/sprites/pokemon/107.png,https://raw.githubusercontent.com/PokeAPI/sprites/master/sprites/pokemon/other/official-artwork/107.png
108,ベロリンガ,,lickitung,なめまわしポケモン,1,normal,,1.2,65.5,90,55,75,60,75,30,385,0,0,長い 舌は ねばねばした だえきで べっとり。どんなものでも くっついて とても 便利。,https://raw.githubusercontent.com/PokeAPI/sprites/master/sprites/pokemon/108.png,https://raw.githubusercontent.com/PokeAPI/sprites/master/sprites/pokemon/other/official-artwork/108.png
109,ドガース,,koffing,どくガスポケモン,1,poison,,0.6,1.0,40,65,95,60,45,35,340,0,0,薄い バルーン状の 体に 猛毒の ガスが つまっている。 近くに 来ると くさい。,https://raw.githubusercontent.com/PokeAPI/sprites/master/sprites/pokemon/109.png,https://raw.githubusercontent.com/PokeAPI/sprites/master/sprites/pokemon/other/official-artwork/109.png
110,マタドガス,,weezing,どくガスポケモン,1,poison,,1.2,9.5,65,90,120,85,70,60,490,0,0,どちらかが ふくらむと 片方は しぼむ 双子の ドガース。いつも 体内の 毒ガスを 混ぜている。,https://raw.githubusercontent.com/PokeAPI/sprites/master/sprites/pokemon/110.png,https://raw.githubusercontent.com/PokeAPI/sprites/master/sprites/pokemon/other/official-artwork/110.png
111,サイホーン,,rhyhorn,とげとげポケモン,1,ground,rock,1.0,115.0,80,85,95,30,30,25,345,0,0,頭は 悪いが 力が 強く 高層ビルも 体当たりで コナゴナに 粉砕する。,https://raw.githubusercontent.com/PokeAPI/sprites/master/sprites/pokemon/111.png,https://raw.githubusercontent.com/PokeAPI/sprites/master/sprites/pokemon/other/official-artwork/111.png
112,サイドン,,rhydon,ドリルポケモン,1,ground,rock,1.9,120.0,105,130,120,45,45,40,485,0,0,全身を よろいのような 皮膚で 守っている。２０００度の マグマの 中でも 生きられる。,https://raw.githubusercontent.com/PokeAPI/sprites/master/sprites/pokemon/112.png,https://raw.githubusercontent.com/PokeAPI/sprites/master/sprites/pokemon/other/official-artwork/112.png
113,ラッキー,,chansey,たまごポケモン,1,normal,,1.1,34.6,250,5,5,35,105,50,450,0,0,幸せを 運ぶと いわれている。 傷ついた 人に タマゴを 分けてあげる 優しい ポケモン。,https://raw.githubusercontent.com/PokeAPI/sprites/master/sprites/pokemon/113.png,https://raw.githubusercontent.com/PokeAPI/sprites/master/sprites/pokemon/other/official-artwork/113.png
114,モンジャラ,,tangela,ツルじょうポケモン,1,grass,,1.0,35.0,65,55,115,100,40,60,435,0,0,たくさんの うごめく ツルに 覆われて 正体不明。 青いツルは 一生 伸びる。,https://raw.githubusercontent.com/PokeAPI/sprites/master/sprites/pokemon/114.png,https://raw.githubusercontent.com/PokeAPI/sprites/master/sprites/pokemon/other/official-artwork/114.png
115,ガルーラ,,kangaskhan,おやこポケモン,1,normal,,2.2,80.0,105,95,80,40,80,90,490,0,0,お腹の 袋で 子育てをする。 安全な ときだけ 子供を 袋から 出して 遊ばせる。,https://raw.githubusercontent.com/PokeAPI/sprites/master/sprites/pokemon/115.png,https://raw.githubusercontent.com/PokeAPI/sprites/master/sprites/pokemon/other/official-artwork/115.png
116,タッツー,,horsea,ドラゴンポケモン,1,water,,0.4,8.0,30,40,70,70,25,60,295,0,0,水面から 勢いよく 墨を 発射して 飛んでいる 虫を 撃ち落とすことがあるという。,https://raw.githubusercontent.com/PokeAPI/sprites/master/sprites/pokemon/116.png,https://raw.githubusercontent.com/PokeAPI/sprites/master/sprites/pokemon/other/official-artwork/116.png
117,シードラ,,seadra,ドラゴンポケモン,1,water,,1.2,25.0,55,65,95,95,45,85,440,0,0,うかつに 触ろうとすると 体中に 生える トゲに 刺されて 気絶することもある。,https://raw.githubusercontent.com/PokeAPI/sprites/master/sprites/pokemon/117.png,https://raw.githubusercontent.com/PokeAPI/sprites/master/sprites/pokemon/other/official-artwork/117.png
118,トサキント,,goldeen,きんぎょポケモン,1,water,,0.6,15.0,45,67,60,35,50,63,320,0,0,５ノットの スピードで 泳ぐ。 身の 危険を 感じると 鋭い ツノで 反撃する。,https://raw.githubusercontent.com/PokeAPI/sprites/master/sprites/pokemon/118.png,https://raw.githubusercontent.com/PokeAPI/sprites/master/sprites/pokemon/other/official-artwork/118.png
119,アズマオウ,,seaking,きんぎょポケモン,1,water,,1.3,39.0,80,92,65,65,80,68,450,0,0,秋が くると 産卵のために 流れに 逆らって 力強く 川を 泳ぐ 姿が みられる。,https://raw.githubusercontent.com/PokeAPI/sprites/master/sprites/pokemon/119.png,https://raw.githubusercontent.com/PokeAPI/sprites/master/sprites/pokemon/other/official-artwork/119.png
120,ヒトデマン,,staryu,ほしがたポケモン,1,water,,0.8,34.5,30,45,55,70,55,85,340,0,0,体の 中心で 光る コアが ある限り 体が ちぎれても 再生できる。,https://raw.githubusercontent.com/PokeAPI/sprites/master/sprites/pokemon/120.png,https://raw.githubusercontent.com/PokeAPI/sprites/master/sprites/pokemon/other/official-artwork/120.png
121,スターミー,,starmie,なぞのポケモン,1,water,psychic,1.1,80.0,60,75,85,100,85,115,520,0,0,真ん中の コアと呼ばれる 部分は 七色に 輝く。これを 宝石にする 人も いるという。,https://raw.githubusercontent.com/PokeAPI/sprites/master/sprites/pokemon/121.png,https://raw.githubusercontent.com/PokeAPI/sprites/master/sprites/pokemon/other/official-artwork/121.png
122,バリヤード,,mr-mime,バリアーポケモン,1,psychic,fairy,1.3,54.5,40,45,65,100,120,90,460,0,0,指先から 出す 波動が 空気を 固めて 壁を 作る。 激しい 攻撃も 跳ね返す。,https://raw.githubusercontent.com/PokeAPI/sprites/master/sprites/pokemon/122.png,https://raw.githubusercontent.com/PokeAPI/sprites/master/sprites/pokemon/other/official-artwork/122.png
123,ストライク,,scyther,かまきりポケモン,1,bug,flying,1.5,56.0,70,110,80,55,80,105,500,0,0,鋭い カマで 獲物を 切り裂き 息の根を 止める。ごくまれに 羽を 使って 飛ぶ。,https://raw.githubusercontent.com/PokeAPI/sprites/master/sprites/pokemon/123.png,https://raw.githubusercontent.com/PokeAPI/sprites/master/sprites/pokemon/other/official-artwork/123.png
124,ルージュラ,,jynx,ひとがたポケモン,1,ice,psychic,1.4,40.6,65,50,35,115,95,95,455,0,0,腰を 振るように 歩いている。 油断をすると 思わず 釣られて 踊ってしまうという。,https://raw.githubusercontent.com/PokeAPI/sprites/master/sprites/pokemon/124.png,https://raw.githubusercontent.com/PokeAPI/sprites/master/sprites/pokemon/other/official-artwork/124.png
125,エレブー,,electabuzz,でんげきポケモン,1,electric,,1.1,30.0,65,83,57,95,85,105,490,0,0,体の 表面には 電気が 流れている。あたりが 暗いと 全身が 青白く 光るのだ。,https://raw.githubusercontent.com/PokeAPI/sprites/master/sprites/pokemon/125.png,https://raw.githubusercontent.com/PokeAPI/sprites/master/sprites/pokemon/other/official-artwork/125.png
126,ブーバー,,magmar,ひふきポケモン,1,fire,,1.3,44.5,65,95,57,100,85,93,495,0,0,火山の 火口近くで 見つかった。 口から 炎を 吐く。 体温は １２００度もある。,https://raw.githubusercontent.com/PokeAPI/sprites/master/sprites/pokemon/126.png,https://raw.githubusercontent.com/PokeAPI/sprites/master/sprites/pokemon/other/official-artwork/126.png
127,カイロス,,pinsir,くわがたポケモン,1,bug,,1.5,55.0,65,125,100,55,70,85,500,0,0,２本の ツノで 獲物を 挟んで ちぎれるまで 放さない。ちぎれない ときは かなたまで 投げ飛ばすのだ。,https://raw.githubusercontent.com/PokeAPI/sprites/master/sprites/pokemon/127.png,https://raw.githubusercontent.com/PokeAPI/sprites/master/sprites/pokemon/other/official-artwork/127.png
128,ケンタロス,,tauros,あばれうしポケモン,1,normal,,1.4,88.4,75,100,95,40,70,110,490,0,0,３本の 尻尾で 自分を たたき 戦う 気持ちを 高めると 全速力で 突っこんでくる。,https://raw.githubusercontent.com/PokeAPI/sprites/master/sprites/pokemon/128.png,https://raw.githubusercontent.com/PokeAPI/sprites/master/sprites/pokemon/other/official-artwork/128.png
129,コイキング,,magikarp,さかなポケモン,1,water,,0.9,10.0,20,10,55,15,20,80,200,0,0,力も スピードも ほとんど ダメ。 世界で 一番 弱くて 情けない ポケモンだ。,https://raw.githubusercontent.com/PokeAPI/sprites/master/sprites/pokemon/129.png,https://raw.githubusercontent.com/PokeAPI/sprites/master/sprites/pokemon/other/official-artwork/129.png
130,ギャラドス,,gyarados,きょうあくポケモン,1,water,flying,6.5,235.0,95,125,79,60,100,81,540,0,0,争いの 起こった 村を 焼きつくしたという 記録が 古文書に 残されている。,https://raw.githubusercontent.com/PokeAPI/sprites/master/sprites/pokemon/130.png,https://raw.githubusercontent.com/PokeAPI/sprites/master/sprites/pokemon/other/official-artwork/130.png
131,ラプラス,,lapras,のりものポケモン,1,water,ice,2.5,220.0,130,85,80,85,95,60,535,0,0,優しい 心の 持ち主。 めったに 争わないため たくさん 捕まえられ 数が 減った。,https://raw.githubusercontent.com/PokeAPI/sprites/master/sprites/pokemon/131.png,https://raw.githubusercontent.com/PokeAPI/sprites/master/sprites/pokemon/other/official-artwork/131.png
132,メタモン,,ditto,へんしんポケモン,1,normal,,0.3,4.0,48,48,48,48,48,48,288,0,0,全身の 細胞を 組み替えて 見たものの 形 そっくりに 変身する 能力を 持つ。,https://raw.githubusercontent.com/PokeAPI/sprites/master/sprites/pokemon/132.png,https://raw.githubusercontent.com/PokeAPI/sprites/master/sprites/pokemon/other/official-artwork/132.png
133,イーブイ,,eevee,しんかポケモン,1,normal,,0.3,6.5,55,55,50,45,65,55,325,0,0,進化のとき 姿と 能力が 変わることで きびしい 環境に 対応する 珍しい ポケモン。,https://raw.githubusercontent.com/PokeAPI/sprites/master/sprites/pokemon/133.png,https://raw.githubusercontent.com/PokeAPI/sprites/master/sprites/pokemon/other/official-artwork/133.png
134,シャワーズ,,vaporeon,あわはきポケモン,1,water,,1.0,29.0,130,65,60,110,95,65,525,0,0,きれいな 水辺を 好んでいる。 細胞が 水の 分子に 似ており 水に 溶けることもできる。,https://raw.githubusercontent.com/PokeAPI/sprites/master/sprites/pokemon/134.png,https://raw.githubusercontent.com/PokeAPI/sprites/master/sprites/pokemon/other/official-artwork/134.png
135,サンダース,,jolteon,かみなりポケモン,1,electric,,0.8,24.5,65,65,60,110,95,130,525,0,0,体内に 電気が たまると 全身の 体毛が 全部 鋭く とがりはじめる。,https://raw.githubusercontent.com/PokeAPI/sprites/master/sprites/pokemon/135.png,https://raw.githubusercontent.com/PokeAPI/sprites/master/sprites/pokemon/other/official-artwork/135.png
136,ブースター,,flareon,ほのおポケモン,1,fire,,0.9,25.0,65,130,60,95,110,65,525,0,0,体内に 炎袋を 持つ。 戦いが はじまる 直前には 体温が ９００度まで 上がる。,https://raw.githubusercontent.com/PokeAPI/sprites/master/sprites/pokemon/136.png,https://raw.githubusercontent.com/PokeAPI/sprites/master/sprites/pokemon/other/official-artwork/136.png
137,ポリゴン,,porygon,バーチャルポケモン,1,normal,,0.8,36.5,65,60,70,85,75,40,395,0,0,研究の末 生み出された 人工の ポケモン。基本的な 動作しか プログラムされていない。,https://raw.githubusercontent.com/PokeAPI/sprites/master/sprites/pokemon/137.png,https://raw.githubusercontent.com/PokeAPI/sprites/master/sprites/pokemon/other/official-artwork/137.png
138,オムナイト,,omanyte,うずまきポケモン,1,rock,water,0.4,7.5,35,40,100,90,55,35,355,0,0,大昔 海に 住んでいた 古代ポケモン。１０本の 脚を くねらせて 泳ぐ。,https://raw.githubusercontent.com/PokeAPI/sprites/master/sprites/pokemon/138.png,https://raw.githubusercontent.com/PokeAPI/sprites/master/sprites/pokemon/other/official-artwork/138.png
139,オムスター,,omastar,うずまきポケモン,1,rock,water,1.0,35.0,70,60,125,115,70,55,495,0,0,触手が 手足のように 発達している。しがみつくと 同時に かみついてくる。,https://raw.githubusercontent.com/PokeAPI/sprites/master/sprites/pokemon/139.png,https://raw.githubusercontent.com/PokeAPI/sprites/master/sprites/pokemon/other/official-artwork/139.png
140,カブト,,kabuto,こうらポケモン,1,rock,water,0.5,11.5,30,80,90,55,45,55,355,0,0,３億年前の 砂浜で 暮らしていたと 考えられている。 硬い 殻が 身を 守る。,https://raw.githubusercontent.com/PokeAPI/sprites/master/sprites/pokemon/140.png,https://raw.githubusercontent.com/PokeAPI/sprites/master/sprites/pokemon/other/official-artwork/140.png
141,カブトプス,,kabutops,こうらポケモン,1,rock,water,1.3,40.5,60,115,105,65,70,80,495,0,0,獲物を 切り裂き 体液を すする。 残った 体は ほかのポケモンの エサになる。,https://raw.githubusercontent.com/PokeAPI/sprites/master/sprites/pokemon/141.png,https://raw.githubusercontent.com/PokeAPI/sprites/master/sprites/pokemon/other/official-artwork/141.png
142,プテラ,,aerodactyl,かせきポケモン,1,rock,flying,1.8,59.0,80,105,65,60,75,130,515,0,0,こはくに 残された 恐竜の 遺伝子から 復活させた。 高い 声で 鳴きながら 飛ぶ。,https://raw.githubusercontent.com/PokeAPI/sprites/master/sprites/pokemon/142.png,https://raw.githubusercontent.com/PokeAPI/sprites/master/sprites/pokemon/other/official-artwork/142.png
143,カビゴン,,snorlax,いねむりポケモン,1,normal,,2.1,460.0,160,110,65,65,110,30,540,0,0,１日に 食べ物を ４００キロ 食べないと 気がすまない。 食べ終わると 眠ってしまう。,https://raw.githubusercontent.com/PokeAPI/sprites/master/sprites/pokemon/143.png,https://raw.githubusercontent.com/PokeAPI/sprites/master/sprites/pokemon/other/official-artwork/143.png
144,フリーザー,,articuno,れいとうポケモン,1,ice,flying,1.7,55.4,90,85,100,95,125,85,580,1,0,伝説の とりポケモン。 空気中の 水分を 凍らせ 吹雪を 作り出すことが できる。,https://raw.githubusercontent.com/PokeAPI/sprites/master/sprites/pokemon/144.png,https://raw.githubusercontent.com/PokeAPI/sprites/master/sprites/pokemon/other/official-artwork/144.png
145,サンダー,,zapdos,でんげきポケモン,1,electric,flying,1.6,52.6,90,90,85,125,90,100,580,1,0,雲の 上から 巨大な 稲妻を 落としながら 現れる 伝説の とりポケモンである。,https://raw.githubusercontent.com/PokeAPI/sprites/master/sprites/pokemon/145.png,https://raw.githubusercontent.com/PokeAPI/sprites/master/sprites/pokemon/other/official-artwork/145.png
146,ファイヤー,,moltres,かえんポケモン,1,fire,flying,2.0,60.0,90,100,90,125,85,90,580,1,0,昔から 火の鳥伝説として 知られる。羽ばたくたびに 羽が 明るく 燃え上がり 美しい。,https://raw.githubusercontent.com/PokeAPI/sprites/master/sprites/pokemon/146.png,https://raw.githubusercontent.com/PokeAPI/sprites/master/sprites/pokemon/other/official-artwork/146.png
147,ミニリュウ,,dratini,ドラゴンポケモン,1,dragon,,1.8,3.3,41,64,45,50,50,50,300,0,0,目撃者が 少ないために 幻のポケモンと 呼ばれていた。 脱皮した 皮が 見つかっている。,https://raw.githubusercontent.com/PokeAPI/sprites/master/sprites/pokemon/147.png,https://raw.githubusercontent.com/PokeAPI/sprites/master/sprites/pokemon/other/official-artwork/147.png
148,ハクリュー,,dragonair,ドラゴンポケモン,1,dragon,,4.0,16.5,61,84,65,70,70,70,420,0,0,水晶のような 玉には 天候を 自由に 操る 能力が 秘められているらしい。,https://raw.githubusercontent.com/PokeAPI/sprites/master/sprites/pokemon/148.png,https://raw.githubusercontent.com/PokeAPI/sprites/master/sprites/pokemon/other/official-artwork/148.png
149,カイリュー,,dragonite,ドラゴンポケモン,1,dragon,flying,2.2,210.0,91,134,95,100,100,80,600,0,0,大きな 体格で 空を 飛ぶ。 地球を 約１６時間で １周してしまう。,https://raw.githubusercontent.com/PokeAPI/sprites/master/sprites/pokemon/149.png,https://raw.githubusercontent.com/PokeAPI/sprites/master/sprites/pokemon/other/official-artwork/149.png
150,ミュウツー,,mewtwo,いでんしポケモン,1,psychic,,2.0,122.0,106,110,90,154,90,130,680,1,0,１人の 科学者が 何年も 恐ろしい 遺伝子 研究を 続けた 結果 誕生した。,https://raw.githubusercontent.com/PokeAPI/sprites/master/sprites/pokemon/150.png,https://raw.githubusercontent.com/PokeAPI/sprites/master/sprites/pokemon/other/official-artwork/150.png
151,ミュウ,,mew,しんしゅポケモン,1,psychic,,0.4,4.0,100,100,100,100,100,100,600,0,1,あらゆる 技を 使うため ポケモンの 先祖と 考える 学者が たくさん いる。,https://raw.githubusercontent.com/PokeAPI/sprites/master/sprites/pokemon/151.png,https://raw.githubusercontent.com/PokeAPI/sprites/master/sprites/pokemon/other/official-artwork/151.png
152,チコリータ,,chikorita,はっぱポケモン,2,grass,,0.9,6.4,45,49,65,49,65,45,318,0,0,頭の 葉っぱから ほのかに 甘い 香りが 漂う。おとなしくて 日差しを 浴びるのが 大好き。,https://raw.githubusercontent.com/PokeAPI/sprites/master/sprites/pokemon/152.png,https://raw.githubusercontent.com/PokeAPI/sprites/master/sprites/pokemon/other/official-artwork/152.png
153,ベイリーフ,,bayleef,はっぱポケモン,2,grass,,1.2,15.8,60,62,80,63,80,60,405,0,0,首の まわりから 発散する スパイスのような 香りには 元気を 出させる 効果がある。,https://raw.githubusercontent.com/PokeAPI/sprites/master/sprites/pokemon/153.png,https://raw.githubusercontent.com/PokeAPI/sprites/master/sprites/pokemon/other/official-artwork/153.png
154,メガニウム,,meganium,ハーブポケモン,2,grass,,1.8,100.5,80,82,100,83,100,80,525,0,0,花びらから 発散される においには 争う 気持ちを 静める 成分が 含まれる。,https://raw.githubusercontent.com/PokeAPI/sprites/master/sprites/pokemon/154.png,https://raw.githubusercontent.com/PokeAPI/sprites/master/sprites/pokemon/other/official-artwork/154.png
155,ヒノアラシ,,cyndaquil,ひねずみポケモン,2,fire,,0.5,7.9,39,52,43,60,50,65,309,0,0,臆病で いつも 体を まるめている。 襲われると 背中の 炎を 燃え上がらせて 身を守る。,https://raw.githubusercontent.com/PokeAPI/sprites/master/sprites/pokemon/155.png,https://raw.githubusercontent.com/PokeAPI/sprites/master/sprites/pokemon/other/official-artwork/155.png
156,マグマラシ,,quilava,かざんポケモン,2,fire,,0.9,19.0,58,64,58,80,65,80,405,0,0,戦いの前 背中を 向けて 自分の 炎が どれくらい すごいかを 相手に 見せつける。,https://raw.githubusercontent.com/PokeAPI/sprites/master/sprites/pokemon/156.png,https://raw.githubusercontent.com/PokeAPI/sprites/master/sprites/pokemon/other/official-artwork/156.png
157,バクフーン,,typhlosion,かざんポケモン,2,fire,,1.7,79.5,78,84,78,109,85,100,534,0,0,怒りが 最高潮のとき 触ったもの すべて 一瞬で 燃え上がらせるほどに 熱い。,https://raw.githubusercontent.com/PokeAPI/sprites/master/sprites/pokemon/157.png,https://raw.githubusercontent.com/PokeAPI/sprites/master/sprites/pokemon/other/official-artwork/157.png
158,ワニノコ,,totodile,おおあごポケモン,2,water,,0.6,9.5,50,65,64,44,48,43,314,0,0,小さいながらも 暴れん坊。 目の前で 動くものが あれば とにかく かみついてくる。,https://raw.githubusercontent.com/PokeAPI/sprites/master/sprites/pokemon/158.png,https://raw.githubusercontent.com/PokeAPI/sprites/master/sprites/pokemon/other/official-artwork/158.png
159,アリゲイツ,,croconaw,おおあごポケモン,2,water,,1.1,25.0,65,80,80,59,63,58,405,0,0,一度 かみつくと キバが 抜けるまで 絶対に 離さない。 抜けた キバは すぐに 生えてくる。,https://raw.githubusercontent.com/PokeAPI/sprites/master/sprites/pokemon/159.png,https://raw.githubusercontent.com/PokeAPI/sprites/master/sprites/pokemon/other/official-artwork/159.png
160,オーダイル,,feraligatr,おおあごポケモン,2,water,,2.3,88.8,85,105,100,79,83,78,530,0,0,普段は ゆっくりとした 動きだが 獲物に かみつくときは 目にも 止まらない スピードだ。,https://raw.githubusercontent.com/PokeAPI/sprites/master/sprites/pokemon/160.png,https://raw.githubusercontent.com/PokeAPI/sprites/master/sprites/pokemon/other/official-artwork/160.png
161,オタチ,,sentret,みはりポケモン,2,normal,,0.8,6.0,35,46,34,35,45,20,215,0,0,見張り役は 鋭く 鳴いたり 尻尾で 地面を たたいたりして 仲間に 危険を 知らせる。,https://raw.githubusercontent.com/PokeAPI/sprites/master/sprites/pokemon/161.png,https://raw.githubusercontent.com/PokeAPI/sprites/master/sprites/pokemon/other/official-artwork/161.png
162,オオタチ,,furret,どうながポケモン,2,normal,,1.8,32.5,85,76,64,45,55,90,415,0,0,母親は 細長い 体で 子供を 包みこみ 眠らせる。 速い 動きで 敵を 追いこむ。,https://raw.githubusercontent.com/PokeAPI/sprites/master/sprites/pokemon/162.png,https://raw.githubusercontent.com/PokeAPI/sprites/master/sprites/pokemon/other/official-artwork/162.png
163,ホーホー,,hoothoot,ふくろうポケモン,2,normal,flying,0.7,21.2,60,30,30,36,56,50,262,0,0,体内の 時間の 間隔は どんなときでも 正確で 決まった リズムで 首をかしげる。,https://raw.githubusercontent.com/PokeAPI/sprites/master/sprites/pokemon/163.png,https://raw.githubusercontent.com/PokeAPI/sprites/master/sprites/pokemon/other/official-artwork/163.png
164,ヨルノズク,,noctowl,ふくろうポケモン,2,normal,flying,1.6,40.8,100,50,50,86,96,70,452,0,0,両目は 特殊な つくり。 わずかな 光を 集めては 暗闇でも まわりを 見分ける。,https://raw.githubusercontent.com/PokeAPI/sprites/master/sprites/pokemon/164.png,https://raw.githubusercontent.com/PokeAPI/sprites/master/sprites/pokemon/other/official-artwork/164.png
165,レディバ,,ledyba,いつつぼしポケモン,2,bug,flying,1.0,10.8,40,20,30,40,80,55,265,0,0,寒くなると あちこちから レディバが たくさん 集まって 寄り添いあい 温め合う。,https://raw.githubusercontent.com/PokeAPI/sprites/master/sprites/pokemon/165.png,https://raw.githubusercontent.com/PokeAPI/sprites/master/sprites/pokemon/other/official-artwork/165.png
166,レディアン,,ledian,いつつぼしポケモン,2,bug,flying,1.4,35.6,55,35,50,55,110,85,390,0,0,夜空に 星が 瞬くとき 輝く 粉を 振りまきながら ひらひらと 飛んでいく。,https://raw.githubusercontent.com/PokeAPI/sprites/master/sprites/pokemon/166.png,https://raw.githubusercontent.com/PokeAPI/sprites/master/sprites/pokemon/other/official-artwork/166.png
167,イトマル,,spinarak,いとはきポケモン,2,bug,poison,0.5,8.5,40,60,40,40,40,30,250,0,0,細くて 丈夫な 糸を 張り巡らして わなを 仕掛けると 獲物が かかるのを ひたすら待つ。,https://raw.githubusercontent.com/PokeAPI/sprites/master/sprites/pokemon/167.png,https://raw.githubusercontent.com/PokeAPI/sprites/master/sprites/pokemon/other/official-artwork/167.png
168,アリアドス,,ariados,あしながポケモン,2,bug,poison,1.1,33.5,70,90,70,60,70,40,400,0,0,お尻からだけでなく 口からも 糸を 出すので 見ただけでは どっちが 頭か わからない。,https://raw.githubusercontent.com/PokeAPI/sprites/master/sprites/pokemon/168.png,https://raw.githubusercontent.com/PokeAPI/sprites/master/sprites/pokemon/other/official-artwork/168.png
169,クロバット,,crobat,こうもりポケモン,2,poison,flying,1.8,75.0,85,90,80,70,80,130,535,0,0,４枚に 増えた 翼で 暗闇を 静かに 飛んでいく。 となりを 通られても 気づかない。,https://raw.githubusercontent.com/PokeAPI/sprites/master/sprites/pokemon/169.png,https://raw.githubusercontent.com/PokeAPI/sprites/master/sprites/pokemon/other/official-artwork/169.png
170,チョンチー,,chinchou,あんこうポケモン,2,water,electric,0.5,12.0,75,38,38,56,56,67,330,0,0,暗い 海底では いつも 点滅している 触手の 明かり だけが 通信手段。,https://raw.githubusercontent.com/PokeAPI/sprites/master/sprites/pokemon/170.png,https://raw.githubusercontent.com/PokeAPI/sprites/master/sprites/pokemon/other/official-artwork/170.png
171,ランターン,,lanturn,ライトポケモン,2,water,electric,1.2,22.5,125,58,58,76,76,67,460,0,0,深海を 泳ぐ ランターンの 明かりは 水面まで 届く。 深海の星 と 呼ばれている。,https://raw.githubusercontent.com/PokeAPI/sprites/master/sprites/pokemon/171.png,https://raw.githubusercontent.com/PokeAPI/sprites/master/sprites/pokemon/other/official-artwork/171.png
172,ピチュー,,pichu,こねずみポケモン,2,electric,,0.3,2.0,20,40,15,35,35,60,205,0,0,仲間と 尻尾の 先を あわせて 火花を 飛ばす 遊びをする。 度胸試しを しているらしい。,https://raw.githubusercontent.com/PokeAPI/sprites/master/sprites/pokemon/172.png,https://raw.githubusercontent.com/PokeAPI/sprites/master/sprites/pokemon/other/official-artwork/172.png
173,ピィ,,cleffa,ほしがたポケモン,2,fairy,,0.3,3.0,50,25,28,45,55,15,218,0,0,お星さまのような シルエット。 その姿から 流れ星に乗って やって来ると 信じられている。,https://raw.githubusercontent.com/PokeAPI/sprites/master/sprites/pokemon/173.png,https://raw.githubusercontent.com/PokeAPI/sprites/master/sprites/pokemon/other/official-artwork/173.png
174,ププリン,,igglybuff,ふうせんポケモン,2,normal,fairy,0.3,1.0,90,30,15,40,20,15,210,0,0,短い 脚で 歩くより やわらかい 体を 使って 飛び跳ねながら 動き回る。,https://raw.githubusercontent.com/PokeAPI/sprites/master/sprites/pokemon/174.png,https://raw.githubusercontent.com/PokeAPI/sprites/master/sprites/pokemon/other/official-artwork/174.png
175,トゲピー,,togepi,はりたまポケモン,2,fairy,,0.3,1.5,35,20,65,40,65,20,245,0,0,殻の中に 幸せが たくさん つまっているらしく 優しくされると 幸運を 分け与える という。,https://raw.githubusercontent.com/PokeAPI/sprites/master/sprites/pokemon/175.png,https://raw.githubusercontent.com/PokeAPI/sprites/master/sprites/pokemon/other/official-artwork/175.png
176,トゲチック,,togetic,しあわせポケモン,2,fairy,flying,0.6,3.2,55,40,85,80,105,40,405,0,0,優しい人の そばに いないと 元気が 出なくなってしまう。 羽を動かさずに 空に浮かべる。,https://raw.githubusercontent.com/PokeAPI/sprites/master/sprites/pokemon/176.png,https://raw.githubusercontent.com/PokeAPI/sprites/master/sprites/pokemon/other/official-artwork/176.png
177,ネイティ,,natu,ことりポケモン,2,psychic,flying,0.2,2.0,40,50,45,70,45,70,320,0,0,羽が 育ちきって おらず 飛び跳ねるようにして 移動する。 いつも なにかを 見つめている。,https://raw.githubusercontent.com/PokeAPI/sprites/master/sprites/pokemon/177.png,https://raw.githubusercontent.com/PokeAPI/sprites/master/sprites/pokemon/other/official-artwork/177.png
178,ネイティオ,,xatu,せいれいポケモン,2,psychic,flying,1.5,15.0,65,75,70,95,70,95,470,0,0,朝方 昇る 太陽を じっと 見つめ 祈りを ささげると ほとんど 動かず １日を終える。,https://raw.githubusercontent.com/PokeAPI/sprites/master/sprites/pokemon/178.png,https://raw.githubusercontent.com/PokeAPI/sprites/master/sprites/pokemon/other/official-artwork/178.png
179,メリープ,,mareep,わたげポケモン,2,electric,,0.6,7.8,55,40,40,65,45,35,280,0,0,ふわふわの 体毛は 静電気が たまると ２倍に ふくらむ。 触ると 感電してしまう。,https://raw.githubusercontent.com/PokeAPI/sprites/master/sprites/pokemon/179.png,https://raw.githubusercontent.com/PokeAPI/sprites/master/sprites/pokemon/other/official-artwork/179.png
180,モココ,,flaaffy,わたげポケモン,2,electric,,0.8,13.3,70,55,55,80,60,45,365,0,0,ふかふかの 体毛は 電気を ためやすいが ゴムのような 皮膚の おかげで 自分は しびれない。,https://raw.githubusercontent.com/PokeAPI/sprites/master/sprites/pokemon/180.png,https://raw.githubusercontent.com/PokeAPI/sprites/master/sprites/pokemon/other/official-artwork/180.png
181,デンリュウ,,ampharos,ライトポケモン,2,electric,,1.4,61.5,90,75,85,115,90,55,510,0,0,尻尾の先が 光り輝く。 光は はるか 遠くまで 届き 迷った者の 道標となる。,https://raw.githubusercontent.com/PokeAPI/sprites/master/sprites/pokemon/181.png,https://raw.githubusercontent.com/PokeAPI/sprites/master/sprites/pokemon/other/official-artwork/181.png
182,キレイハナ,,bellossom,フラワーポケモン,2,grass,,0.4,5.8,75,80,95,90,100,50,490,0,0,ときおり キレイハナが 集まって 踊るような 仕草を みせる。 太陽を呼ぶ 儀式と いわれる。,https://raw.githubusercontent.com/PokeAPI/sprites/master/sprites/pokemon/182.png,https://raw.githubusercontent.com/PokeAPI/sprites/master/sprites/pokemon/other/official-artwork/182.png
183,マリル,,marill,みずねずみポケモン,2,water,fairy,0.4,8.5,70,20,50,20,50,40,250,0,0,全身の 体毛は 水を 弾く 性質を 持ち 水浴び しても 乾いている。,https://raw.githubusercontent.com/PokeAPI/sprites/master/sprites/pokemon/183.png,https://raw.githubusercontent.com/PokeAPI/sprites/master/sprites/pokemon/other/official-artwork/183.png
184,マリルリ,,azumarill,みずうさぎポケモン,2,water,fairy,0.8,28.5,100,50,80,60,80,50,420,0,0,長い 耳は 優れた センサー。 川底で 動く 生き物の 音を 聞き分ける ことが できる。,https://raw.githubusercontent.com/PokeAPI/sprites/master/sprites/pokemon/184.png,https://raw.githubusercontent.com/PokeAPI/sprites/master/sprites/pokemon/other/official-artwork/184.png
185,ウソッキー,,sudowoodo,まねポケモン,2,rock,,1.2,38.0,70,100,115,30,65,30,410,0,0,いつも 木のふりを している。 体の つくりは 植物より 石や 岩などに 近いようだ。,https://raw.githubusercontent.com/PokeAPI/sprites/master/sprites/pokemon/185.png,https://raw.githubusercontent.com/PokeAPI/sprites/master/sprites/pokemon/other/official-artwork/185.png
186,ニョロトノ,,politoed,かえるポケモン,2,water,,1.1,33.9,90,75,75,90,100,70,500,0,0,３匹以上 ニョロトノが 集まると かならず 怒鳴るような 鳴き声で 合唱を はじめる。,https://raw.githubusercontent.com/PokeAPI/sprites/master/sprites/pokemon/186.png,https://raw.githubusercontent.com/PokeAPI/sprites/master/sprites/pokemon/other/official-artwork/186.png
187,ハネッコ,,hoppip,わたくさポケモン,2,grass,flying,0.4,0.5,35,35,40,35,55,50,250,0,0,とても 軽い 体。 吹き飛ばされないよう しっかり 地面を 踏みしめている。,https://raw.githubusercontent.com/PokeAPI/sprites/master/sprites/pokemon/187.png,https://raw.githubusercontent.com/PokeAPI/sprites/master/sprites/pokemon/other/official-artwork/187.png
188,ポポッコ,,skiploom,わたくさポケモン,2,grass,flying,0.6,1.0,55,45,50,45,65,80,340,0,0,頭の上に 咲いた 花は 気温に よって 開いたり 閉じたりする 性質を 持つ。,https://raw.githubusercontent.com/PokeAPI/sprites/master/sprites/pokemon/188.png,https://raw.githubusercontent.com/PokeAPI/sprites/master/sprites/pokemon/other/official-artwork/188.png
189,ワタッコ,,jumpluff,わたくさポケモン,2,grass,flying,0.8,3.0,75,55,70,55,95,110,460,0,0,季節風に 流されて 世界を １周してしまう。 途中で 綿胞子を ばらまく。,https://raw.githubusercontent.com/PokeAPI/sprites/master/sprites/pokemon/189.png,https://raw.githubusercontent.com/PokeAPI/sprites/master/sprites/pokemon/other/official-artwork/189.png
190,エイパム,,aipom,おながポケモン,2,normal,,0.8,11.5,55,70,55,40,55,85,360,0,0,高い 木の上で 暮らしている。 枝から 枝へ 飛び移るとき 尻尾で 巧みに バランスをとる。,https://raw.githubusercontent.com/PokeAPI/sprites/master/sprites/pokemon/190.png,https://raw.githubusercontent.com/PokeAPI/sprites/master/sprites/pokemon/other/official-artwork/190.png
191,ヒマナッツ,,sunkern,たねポケモン,2,grass,,0.3,1.8,30,30,30,30,30,30,180,0,0,ある朝 突然 降ってくる。 オニスズメに 襲われると 葉っぱを 激しく 振って 追い払う。,https://raw.githubusercontent.com/PokeAPI/sprites/master/sprites/pokemon/191.png,https://raw.githubusercontent.com/PokeAPI/sprites/master/sprites/pokemon/other/official-artwork/191.png
192,キマワリ,,sunflora,たいようポケモン,2,grass,,0.8,8.5,75,75,55,105,85,30,425,0,0,暑い 季節が 近づくと 顔の 花びらは 鮮やかになり 活発に 動くようになる。,https://raw.githubusercontent.com/PokeAPI/sprites/master/sprites/pokemon/192.png,https://raw.githubusercontent.com/PokeAPI/sprites/master/sprites/pokemon/other/official-artwork/192.png
193,ヤンヤンマ,,yanma,うすばねポケモン,2,bug,flying,1.2,38.0,65,65,45,75,45,95,390,0,0,顔を 動かさずに ３６０度 すべてを 見渡す 目を 持つので 真後ろの 獲物も 見逃さない。,https://raw.githubusercontent.com/PokeAPI/sprites/master/sprites/pokemon/193.png,https://raw.githubusercontent.com/PokeAPI/sprites/master/sprites/pokemon/other/official-artwork/193.png
194,ウパー,,wooper,みずうおポケモン,2,water,ground,0.4,8.5,55,45,45,25,25,15,210,0,0,冷たい 水の中で 生活。 あたりが 涼しくなると エサを 探しに 地上にも 現れる。,https://raw.githubusercontent.com/PokeAPI/sprites/master/sprites/pokemon/194.png,https://raw.githubusercontent.com/PokeAPI/sprites/master/sprites/pokemon/other/official-artwork/194.png
195,ヌオー,,quagsire,みずうおポケモン,2,water,ground,1.4,75.0,95,85,85,65,65,35,430,0,0,のんびりとした 性格。 川底で 口を 開けて エサが 飛びこんでくるのを ひたすら 待つ。,https://raw.githubusercontent.com/PokeAPI/sprites/master/sprites/pokemon/195.png,https://raw.githubusercontent.com/PokeAPI/sprites/master/sprites/pokemon/other/official-artwork/195.png
196,エーフィ,,espeon,たいようポケモン,2,psychic,,0.9,26.5,65,65,60,130,95,110,525,0,0,相手の 動きを 予知するとき ふたまたに なっている 尻尾の 先は 微妙に 揺れている。,https://raw.githubusercontent.com/PokeAPI/sprites/master/sprites/pokemon/196.png,https://raw.githubusercontent.com/PokeAPI/sprites/master/sprites/pokemon/other/official-artwork/196.png
197,ブラッキー,,umbreon,げっこうポケモン,2,dark,,1.0,27.0,95,65,110,60,130,65,525,0,0,月の 光が イーブイの 遺伝子を 変化させた。 闇に 潜み 獲物を 待つ。,https://raw.githubusercontent.com/PokeAPI/sprites/master/sprites/pokemon/197.png,https://raw.githubusercontent.com/PokeAPI/sprites/master/sprites/pokemon/other/official-artwork/197.png
198,ヤミカラス,,murkrow,くらやみポケモン,2,dark,flying,0.5,2.1,60,85,42,85,42,91,405,0,0,輝く 物を 拾っては 秘密の 場所に 隠しておく。 よく ニャースと 奪い合いになる。,https://raw.githubusercontent.com/PokeAPI/sprites/master/sprites/pokemon/198.png,https://raw.githubusercontent.com/PokeAPI/sprites/master/sprites/pokemon/other/official-artwork/198.png
199,ヤドキング,,slowking,おうじゃポケモン,2,water,psychic,2.0,79.5,95,75,80,100,110,30,490,0,0,すごい 知性と ひらめきを 持っている。どんなときでも あわてず 騒がず のんびりとしている。,https://raw.githubusercontent.com/PokeAPI/sprites/master/sprites/pokemon/199.png,https://raw.githubusercontent.com/PokeAPI/sprites/master/sprites/pokemon/other/official-artwork/199.png
200,ムウマ,,misdreavus,よなきポケモン,2,ghost,,0.7,1.0,60,60,60,85,85,85,435,0,0,怖がる 心を 赤い 玉で 吸収して 栄養にする。 昼間は 暗がりで 眠っている。,https://raw.githubusercontent.com/PokeAPI/sprites/master/sprites/pokemon/200.png,https://raw.githubusercontent.com/PokeAPI/sprites/master/sprites/pokemon/other/official-artwork/200.png
201,アンノーン,,unown,シンボルポケモン,2,psychic,,0.5,5.0,48,72,48,72,48,48,336,0,0,体自体は 薄っぺらく いつも 壁に 張りついている。 形に なにか 意味があるらしい。,https://raw.githubusercontent.com/PokeAPI/sprites/master/sprites/pokemon/201.png,https://raw.githubusercontent.com/PokeAPI/sprites/master/sprites/pokemon/other/official-artwork/201.png
202,ソーナンス,,wobbuffet,がまんポケモン,2,psychic,,1.3,28.5,190,33,58,33,58,33,405,0,0,光や ショックを 嫌う。 攻撃されると 体が ふくらみ 反撃が 強力に なる。,https://raw.githubusercontent.com/PokeAPI/sprites/master/sprites/pokemon/202.png,https://raw.githubusercontent.com/PokeAPI/sprites/master/sprites/pokemon/other/official-artwork/202.png
203,キリンリキ,,girafarig,くびながポケモン,2,normal,psychic,1.5,41.5,70,80,65,90,65,85,455,0,0,眠っている あいだ 尻尾の 頭が あたりを 見張っている。 尻尾は 眠らなくても 平気。,https://raw.githubusercontent.com/PokeAPI/sprites/master/sprites/pokemon/203.png,https://raw.githubusercontent.com/PokeAPI/sprites/master/sprites/pokemon/other/official-artwork/203.png
204,クヌギダマ,,pineco,みのむしポケモン,2,bug,,0.6,7.2,50,65,90,35,35,15,290,0,0,木の 皮を 重ね合わせて 殻を 分厚くするのが 大好き。 重くなっても 気にしない。,https://raw.githubusercontent.com/PokeAPI/sprites/master/sprites/pokemon/204.png,https://raw.githubusercontent.com/PokeAPI/sprites/master/sprites/pokemon/other/official-artwork/204.png
205,フォレトス,,forretress,みのむしポケモン,2,bug,steel,1.2,125.8,75,90,140,60,60,40,465,0,0,鋼鉄の 殻で 守られている。 すきまから 目玉が のぞいているが 中身の 正体は ナゾのまま。,https://raw.githubusercontent.com/PokeAPI/sprites/master/sprites/pokemon/205.png,https://raw.githubusercontent.com/PokeAPI/sprites/master/sprites/pokemon/other/official-artwork/205.png
206,ノコッチ,,dunsparce,つちへびポケモン,2,normal,,1.5,14.0,100,70,70,65,65,45,415,0,0,だれかに 見られると 尻尾で 地面を 掘って 後ろ向きに 逃げ出すのだ。,https://raw.githubusercontent.com/PokeAPI/sprites/master/sprites/pokemon/206.png,https://raw.githubusercontent.com/PokeAPI/sprites/master/sprites/pokemon/other/official-artwork/206.png
207,グライガー,,gligar,とびさそりポケモン,2,ground,flying,1.1,64.8,65,75,105,35,65,85,430,0,0,いつもは 崖に 張りついている。 獲物を見つけると 羽を広げ 風に乗り 襲いかかってくる。,https://raw.githubusercontent.com/PokeAPI/sprites/master/sprites/pokemon/207.png,https://raw.githubusercontent.com/PokeAPI/sprites/master/sprites/pokemon/other/official-artwork/207.png
208,ハガネール,,steelix,てつへびポケモン,2,steel,ground,9.2,400.0,75,85,200,55,65,30,510,0,0,地中の 高い 圧力と 熱で 鍛えられた 体は あらゆる 金属よりも 硬い。,https://raw.githubusercontent.com/PokeAPI/sprites/master/sprites/pokemon/208.png,https://raw.githubusercontent.com/PokeAPI/sprites/master/sprites/pokemon/other/official-artwork/208.png
209,ブルー,,snubbull,ようせいポケモン,2,fairy,,0.6,7.8,60,80,50,40,40,30,300,0,0,活発で 遊び好きな 性格。 懐いてくれるので 一緒に 遊びたがる 女性も 多い。,https://raw.githubusercontent.com/PokeAPI/sprites/master/sprites/pokemon/209.png,https://raw.githubusercontent.com/PokeAPI/sprites/master/sprites/pokemon/other/official-artwork/209.png
210,グランブル,,granbull,ようせいポケモン,2,fairy,,1.4,48.7,90,120,75,60,60,45,450,0,0,顔に 似合わず 臆病。 しかし ひとたび 怒りはじめると 大きな キバで 反撃する。,https://raw.githubusercontent.com/PokeAPI/sprites/master/sprites/pokemon/210.png,https://raw.githubusercontent.com/PokeAPI/sprites/master/sprites/pokemon/other/official-artwork/210.png
211,ハリーセン,,qwilfish,ふうせんポケモン,2,water,poison,0.5,3.9,65,95,85,55,55,85,440,0,0,全身の 毒針を 飛ばすため １０リットルの 水を 一気に 飲みこみ 体を ふくらませる。,https://raw.githubusercontent.com/PokeAPI/sprites/master/sprites/pokemon/211.png,https://raw.githubusercontent.com/PokeAPI/sprites/master/sprites/pokemon/other/official-artwork/211.png
212,ハッサム,,scizor,はさみポケモン,2,bug,steel,1.8,118.0,70,130,100,55,80,65,500,0,0,鋼鉄を 含んでいる ハサミで 捕らえたものは どんなに 硬くても コナゴナに 砕く。,https://raw.githubusercontent.com/PokeAPI/sprites/master/sprites/pokemon/212.png,https://raw.githubusercontent.com/PokeAPI/sprites/master/sprites/pokemon/other/official-artwork/212.png
213,ツボツボ,,shuckle,はっこうポケモン,2,bug,rock,0.6,20.5,20,10,230,10,230,5,505,0,0,ツボのような 甲羅の 中に ためこんだ 木の実は いつの間にか ドロドロの ジュースに 変わる。,https://raw.githubusercontent.com/PokeAPI/sprites/master/sprites/pokemon/213.png,https://raw.githubusercontent.com/PokeAPI/sprites/master/sprites/pokemon/other/official-artwork/213.png
214,ヘラクロス,,heracross,１ぽんヅノポケモン,2,bug,fighting,1.5,54.0,80,125,75,40,95,85,500,0,0,自慢のツノを 相手の お腹の 下に ねじこみ 一気に 持ち上げ ぶん投げてしまう 力持ち。,https://raw.githubusercontent.com/PokeAPI/sprites/master/sprites/pokemon/214.png,https://raw.githubusercontent.com/PokeAPI/sprites/master/sprites/pokemon/other/official-artwork/214.png
215,ニューラ,,sneasel,かぎづめポケモン,2,dark,ice,0.9,28.0,55,95,55,35,75,115,430,0,0,住処から タマゴを かすめ取り 食べてしまう。鋭い カギヅメが 相手の 急所を 切り裂く。,https://raw.githubusercontent.com/PokeAPI/sprites/master/sprites/pokemon/215.png,https://raw.githubusercontent.com/PokeAPI/sprites/master/sprites/pokemon/other/official-artwork/215.png
216,ヒメグマ,,teddiursa,こぐまポケモン,2,normal,,0.6,8.8,60,80,50,50,50,40,330,0,0,ミツを見つけると 三日月模様が 輝く。甘いミツが 染みこんだ 手のひらを いつも なめている。,https://raw.githubusercontent.com/PokeAPI/sprites/master/sprites/pokemon/216.png,https://raw.githubusercontent.com/PokeAPI/sprites/master/sprites/pokemon/other/official-artwork/216.png
217,リングマ,,ursaring,とうみんポケモン,2,normal,,1.8,125.8,90,130,75,75,75,55,500,0,0,どんな においも かぎわける。 地面深くに 埋まっている 食べ物も 残らず 見つけ出す。,https://raw.githubusercontent.com/PokeAPI/sprites/master/sprites/pokemon/217.png,https://raw.githubusercontent.com/PokeAPI/sprites/master/sprites/pokemon/other/official-artwork/217.png
218,マグマッグ,,slugma,ようがんポケモン,2,fire,,0.7,35.0,40,40,40,70,40,20,250,0,0,火山地帯に 多く 発生。 暖かい ところを 探して のろのろ はいずり回っている。,https://raw.githubusercontent.com/PokeAPI/sprites/master/sprites/pokemon/218.png,https://raw.githubusercontent.com/PokeAPI/sprites/master/sprites/pokemon/other/official-artwork/218.png
219,マグカルゴ,,magcargo,ようがんポケモン,2,fire,rock,0.8,55.0,60,50,120,90,80,30,430,0,0,背中の 殻は 崩れやすいが ときどき 体内を 巡っている 高熱の 炎が 噴き出す。,https://raw.githubusercontent.com/PokeAPI/sprites/master/sprites/pokemon/219.png,https://raw.githubusercontent.com/PokeAPI/sprites/master/sprites/pokemon/other/official-artwork/219.png
220,ウリムー,,swinub,いのぶたポケモン,2,ice,ground,0.4,6.5,50,50,40,30,30,50,250,0,0,エサを 探すため 鼻を こすり合わせ 地面を 掘っている。 たまに 温泉を 掘り当てる。,https://raw.githubusercontent.com/PokeAPI/sprites/master/sprites/pokemon/220.png,https://raw.githubusercontent.com/PokeAPI/sprites/master/sprites/pokemon/other/official-artwork/220.png
221,イノムー,,piloswine,いのししポケモン,2,ice,ground,1.1,55.8,100,100,80,60,60,50,450,0,0,４本の 脚は 短いが ひづめは 広く ギザギザ なので 雪の上でも 滑らず 歩ける。,https://raw.githubusercontent.com/PokeAPI/sprites/master/sprites/pokemon/221.png,https://raw.githubusercontent.com/PokeAPI/sprites/master/sprites/pokemon/other/official-artwork/221.png
222,サニーゴ,,corsola,さんごポケモン,2,water,rock,0.6,5.0,65,55,95,65,95,35,410,0,0,どんどん 育っては 生えかわる 頭の 先は きれいなので 宝物として 人気が高い。,https://raw.githubusercontent.com/PokeAPI/sprites/master/sprites/pokemon/222.png,https://raw.githubusercontent.com/PokeAPI/sprites/master/sprites/pokemon/other/official-artwork/222.png
223,テッポウオ,,remoraid,ふんしゃポケモン,2,water,,0.6,12.0,35,65,35,65,35,65,300,0,0,ねらいは 正確。噴き出す 水は １００メートル先で 動く 獲物に かならず 命中する。,https://raw.githubusercontent.com/PokeAPI/sprites/master/sprites/pokemon/223.png,https://raw.githubusercontent.com/PokeAPI/sprites/master/sprites/pokemon/other/official-artwork/223.png
224,オクタン,,octillery,ふんしゃポケモン,2,water,,0.9,28.5,75,105,75,105,75,45,480,0,0,穴に 入りたがる 性質で 岩穴や ツボを 好み そこから 墨を 噴き出して 攻撃する。,https://raw.githubusercontent.com/PokeAPI/sprites/master/sprites/pokemon/224.png,https://raw.githubusercontent.com/PokeAPI/sprites/master/sprites/pokemon/other/official-artwork/224.png
225,デリバード,,delibird,はこびやポケモン,2,ice,flying,0.9,16.0,45,55,45,65,45,75,330,0,0,尻尾で エサを 包んで 運ぶ。 山で 遭難した 人に エサを 分け与える 習性。,https://raw.githubusercontent.com/PokeAPI/sprites/master/sprites/pokemon/225.png,https://raw.githubusercontent.com/PokeAPI/sprites/master/sprites/pokemon/other/official-artwork/225.png
226,マンタイン,,mantine,カイトポケモン,2,water,flying,2.1,220.0,85,40,70,80,140,70,485,0,0,泳いで スピードが のってくると 波の上に 飛びだし そのまま １００メートルも 滑空 する。,https://raw.githubusercontent.com/PokeAPI/sprites/master/sprites/pokemon/226.png,https://raw.githubusercontent.com/PokeAPI/sprites/master/sprites/pokemon/other/official-artwork/226.png
227,エアームド,,skarmory,よろいどりポケモン,2,steel,flying,1.7,50.5,65,80,140,40,70,70,465,0,0,いばらの 中に 巣を作る。 トゲで 傷つきながら 育てられた ヒナの 羽は 硬くなる。,https://raw.githubusercontent.com/PokeAPI/sprites/master/sprites/pokemon/227.png,https://raw.githubusercontent.com/PokeAPI/sprites/master/sprites/pokemon/other/official-artwork/227.png
228,デルビル,,houndour,ダークポケモン,2,dark,fire,0.6,10.8,45,60,30,80,50,65,330,0,0,夜明けごろ あたり一帯に 響きわたる 不気味な 遠ぼえで 自分たちの 縄張りを アピール。,https://raw.githubusercontent.com/PokeAPI/sprites/master/sprites/pokemon/228.png,https://raw.githubusercontent.com/PokeAPI/sprites/master/sprites/pokemon/other/official-artwork/228.png
229,ヘルガー,,houndoom,ダークポケモン,2,dark,fire,1.4,35.0,75,90,50,110,80,95,500,0,0,ヘルガーの 不気味な 遠ぼえは 地獄から 死神が 呼ぶ 声と 昔の 人は 想像していた。,https://raw.githubusercontent.com/PokeAPI/sprites/master/sprites/pokemon/229.png,https://raw.githubusercontent.com/PokeAPI/sprites/master/sprites/pokemon/other/official-artwork/229.png
230,キングドラ,,kingdra,ドラゴンポケモン,2,water,dragon,1.8,152.0,75,95,95,95,95,85,540,0,0,普段は 海底洞窟に 身を 潜めているらしい。 あくびで 渦潮を 発生させる。,https://raw.githubusercontent.com/PokeAPI/sprites/master/sprites/pokemon/230.png,https://raw.githubusercontent.com/PokeAPI/sprites/master/sprites/pokemon/other/official-artwork/230.png
231,ゴマゾウ,,phanpy,ながはなポケモン,2,ground,,0.5,33.5,90,60,60,40,40,40,330,0,0,愛情表現で 鼻を ぶつけてくるが 力が あるので 気をつけないと 吹っ飛ばされる。,https://raw.githubusercontent.com/PokeAPI/sprites/master/sprites/pokemon/231.png,https://raw.githubusercontent.com/PokeAPI/sprites/master/sprites/pokemon/other/official-artwork/231.png
232,ドンファン,,donphan,よろいポケモン,2,ground,,1.1,120.0,90,120,120,60,60,50,500,0,0,鋭く 硬い キバと さらに 頑丈な 皮膚で 体当たりは 家をも 壊すほど。,https://raw.githubusercontent.com/PokeAPI/sprites/master/sprites/pokemon/232.png,https://raw.githubusercontent.com/PokeAPI/sprites/master/sprites/pokemon/other/official-artwork/232.png
233,ポリゴン２,,porygon2,バーチャルポケモン,2,normal,,0.6,32.5,85,80,90,105,95,60,515,0,0,さらに 研究が 進められ 能力が 高まった。ときどき プログラムにない 仕草を 見せる。,https://raw.githubusercontent.com/PokeAPI/sprites/master/sprites/pokemon/233.png,https://raw.githubusercontent.com/PokeAPI/sprites/master/sprites/pokemon/other/official-artwork/233.png
234,オドシシ,,stantler,おおツノポケモン,2,normal,,1.4,71.2,73,95,62,85,65,85,465,0,0,ツノを 見つめていると 輪っかの 中心に 吸いこまれそうな 不思議な 気分に なってしまう。,https://raw.githubusercontent.com/PokeAPI/sprites/master/sprites/pokemon/234.png,https://raw.githubusercontent.com/PokeAPI/sprites/master/sprites/pokemon/other/official-artwork/234.png
235,ドーブル,,smeargle,えかきポケモン,2,normal,,1.2,58.0,55,20,35,20,45,75,250,0,0,尻尾を 筆のように 使って 縄張りを マークで 描く。 その 種類は ５０００以上。,https://raw.githubusercontent.com/PokeAPI/sprites/master/sprites/pokemon/235.png,https://raw.githubusercontent.com/PokeAPI/sprites/master/sprites/pokemon/other/official-artwork/235.png
236,バルキー,,tyrogue,けんかポケモン,2,fighting,,0.7,21.0,35,35,35,35,35,35,210,0,0,いつでも 元気いっぱい。 強くなるため 負けても 負けても 相手に 立ち向かっていく。,https://raw.githubusercontent.com/PokeAPI/sprites/master/sprites/pokemon/236.png,https://raw.githubusercontent.com/PokeAPI/sprites/master/sprites/pokemon/other/official-artwork/236.png
237,カポエラー,,hitmontop,さかだちポケモン,2,fighting,,1.4,48.0,50,95,95,35,110,70,455,0,0,コマのように 回転しながら 戦う。 遠心力の パワーで 破壊力は １０倍だ。,https://raw.githubusercontent.com/PokeAPI/sprites/master/sprites/pokemon/237.png,https://raw.githubusercontent.com/PokeAPI/sprites/master/sprites/pokemon/other/official-artwork/237.png
238,ムチュール,,smoochum,くちづけポケモン,2,ice,psychic,0.4,6.0,45,30,15,85,65,65,305,0,0,唇が 一番 敏感。 なんでも まず 唇で 触れて どんなものか 確認する。,https://raw.githubusercontent.com/PokeAPI/sprites/master/sprites/pokemon/238.png,https://raw.githubusercontent.com/PokeAPI/sprites/master/sprites/pokemon/other/official-artwork/238.png
239,エレキッド,,elekid,でんきポケモン,2,electric,,0.6,23.5,45,63,37,65,55,95,360,0,0,両腕を ぐるぐる 振り回して 電気を 発生させる。しかし 作った 電気は ためておけない。,https://raw.githubusercontent.com/PokeAPI/sprites/master/sprites/pokemon/239.png,https://raw.githubusercontent.com/PokeAPI/sprites/master/sprites/pokemon/other/official-artwork/239.png
240,ブビィ,,magby,ひだねポケモン,2,fire,,0.7,21.4,45,75,37,70,55,83,365,0,0,小柄だが 体温は ６００度。 息を 吸ったり 吐いたりするたび 口と 鼻から 火の粉が 漏れる。,https://raw.githubusercontent.com/PokeAPI/sprites/master/sprites/pokemon/240.png,https://raw.githubusercontent.com/PokeAPI/sprites/master/sprites/pokemon/other/official-artwork/240.png
241,ミルタンク,,miltank,ちちうしポケモン,2,normal,,1.2,75.5,95,80,105,40,70,100,490,0,0,子供が 生まれたときに しぼられた ミルクには いつもより 栄養が たっぷり つまっている。,https://raw.githubusercontent.com/PokeAPI/sprites/master/sprites/pokemon/241.png,https://raw.githubusercontent.com/PokeAPI/sprites/master/sprites/pokemon/other/official-artwork/241.png
242,ハピナス,,blissey,しあわせポケモン,2,normal,,1.5,46.8,255,10,10,75,135,55,540,0,0,ハピナスの 産む タマゴには 幸せが つまっていて ひとくち 食べると だれでも 笑顔になれる。,https://raw.githubusercontent.com/PokeAPI/sprites/master/sprites/pokemon/242.png,https://raw.githubusercontent.com/PokeAPI/sprites/master/sprites/pokemon/other/official-artwork/242.png
243,ライコウ,,raikou,いかずちポケモン,2,electric,,1.9,178.0,90,85,75,115,100,115,580,1,0,雨雲を 背負っているので どんなときでも 雷を 出せる。 雷とともに 落ちてきたという。,https://raw.githubusercontent.com/PokeAPI/sprites/master/sprites/pokemon/243.png,https://raw.githubusercontent.com/PokeAPI/sprites/master/sprites/pokemon/other/official-artwork/243.png
244,エンテイ,,entei,かざんポケモン,2,fire,,2.1,198.0,115,115,85,90,75,100,580,1,0,新しい 火山が できるたび 生まれてくると 伝えられる 大地を 駆け巡る ポケモン。,https://raw.githubusercontent.com/PokeAPI/sprites/master/sprites/pokemon/244.png,https://raw.githubusercontent.com/PokeAPI/sprites/master/sprites/pokemon/other/official-artwork/244.png
245,スイクン,,suicune,オーロラポケモン,2,water,,2.0,187.0,100,75,115,90,115,85,580,1,0,世界中を 駆け巡り 汚れた 水を 清めている。 北風と ともに 走り去る。,https://raw.githubusercontent.com/PokeAPI/sprites/master/sprites/pokemon/245.png,https://raw.githubusercontent.com/PokeAPI/sprites/master/sprites/pokemon/other/official-artwork/245.png
246,ヨーギラス,,larvitar,いわはだポケモン,2,rock,ground,0.6,72.0,50,64,50,45,50,41,300,0,0,土を 食べて 生きている。 大きな 山ひとつ 食べ終わると 成長のため 眠りはじめる。,https://raw.githubusercontent.com/PokeAPI/sprites/master/sprites/pokemon/246.png,https://raw.githubusercontent.com/PokeAPI/sprites/master/sprites/pokemon/other/official-artwork/246.png
247,サナギラス,,pupitar,だんがんポケモン,2,rock,ground,1.2,152.0,70,84,70,65,70,51,410,0,0,岩盤のような 硬い 体。 圧縮した ガスを 噴射して まるで ロケットのように 飛び出す。,https://raw.githubusercontent.com/PokeAPI/sprites/master/sprites/pokemon/247.png,https://raw.githubusercontent.com/PokeAPI/sprites/master/sprites/pokemon/other/official-artwork/247.png
248,バンギラス,,tyranitar,よろいポケモン,2,rock,dark,2.0,202.0,100,134,110,95,100,61,600,0,0,片腕を 動かしただけで 山を崩し 地響きを 起こす とてつもない パワーを 秘める。,https://raw.githubusercontent.com/PokeAPI/sprites/master/sprites/pokemon/248.png,https://raw.githubusercontent.com/PokeAPI/sprites/master/sprites/pokemon/other/official-artwork/248.png
249,ルギア,,lugia,せんすいポケモン,2,psychic,flying,5.2,216.0,106,90,130,90,154,110,680,1,0,深い 海溝の 底で 眠る。 ルギアが 羽ばたくと ４０日 嵐が 続くと 言われている。,https://raw.githubusercontent.com/PokeAPI/sprites/master/sprites/pokemon/249.png,https://raw.githubusercontent.com/PokeAPI/sprites/master/sprites/pokemon/other/official-artwork/249.png
250,ホウオウ,,ho-oh,にじいろポケモン,2,fire,flying,3.8,199.0,106,130,90,110,154,90,680,1,0,体は 七色に 輝き 飛んだあとは 虹が できると 神話に 残されている ポケモン。,https://raw.githubusercontent.com/PokeAPI/sprites/master/sprites/pokemon/250.png,https://raw.githubusercontent.com/PokeAPI/sprites/master/sprites/pokemon/other/official-artwork/250.png
251,セレビィ,,celebi,ときわたりポケモン,2,psychic,grass,0.6,5.0,100,100,100,100,100,100,600,0,1,時間を超えて あちこち さまよう。 セレビィが 姿を 現した 森は 草木が 生い茂るという。,https://raw.githubusercontent.com/PokeAPI/sprites/master/sprites/pokemon/251.png,https://raw.githubusercontent.com/PokeAPI/sprites/master/sprites/pokemon/other/official-artwork/251.png
252,キモリ,,treecko,もりトカゲポケモン,3,grass,,0.5,5.0,40,45,35,65,55,70,310,0,0,垂直の 壁も すいすい 登る。 尻尾で 空気の 湿度を 感じ 明日の 天気を 当てる。,https://raw.githubusercontent.com/PokeAPI/sprites/master/sprites/pokemon/252.png,https://raw.githubusercontent.com/PokeAPI/sprites/master/sprites/pokemon/other/official-artwork/252.png
253,ジュプトル,,grovyle,もりトカゲポケモン,3,grass,,0.9,21.6,50,65,45,85,65,95,405,0,0,発達した 太ももの 筋肉が 驚異的な 瞬発力と 跳躍力を 生み出すぞ。,https://raw.githubusercontent.com/PokeAPI/sprites/master/sprites/pokemon/253.png,https://raw.githubusercontent.com/PokeAPI/sprites/master/sprites/pokemon/other/official-artwork/253.png
254,ジュカイン,,sceptile,みつりんポケモン,3,grass,,1.7,52.2,70,85,65,105,85,120,530,0,0,腕に 生えた 葉っぱは 大木も スッパリ 切り倒す 切れ味。 密林の 戦いでは 無敵。,https://raw.githubusercontent.com/PokeAPI/sprites/master/sprites/pokemon/254.png,https://raw.githubusercontent.com/PokeAPI/sprites/master/sprites/pokemon/other/official-artwork/254.png
255,アチャモ,,torchic,ひよこポケモン,3,fire,,0.4,2.5,45,60,40,70,50,45,310,0,0,お腹に 炎袋を 持つ。 抱きしめると ぽかぽか 温かい。 命ある 限り 燃え続ける。,https://raw.githubusercontent.com/PokeAPI/sprites/master/sprites/pokemon/255.png,https://raw.githubusercontent.com/PokeAPI/sprites/master/sprites/pokemon/other/official-artwork/255.png
256,ワカシャモ,,combusken,わかどりポケモン,3,fire,fighting,0.9,19.5,60,85,60,85,60,55,405,0,0,１秒間に キックを １０発 繰り出す 足技の 持ち主。 鋭い 鳴き声で 威嚇する。,https://raw.githubusercontent.com/PokeAPI/sprites/master/sprites/pokemon/256.png,https://raw.githubusercontent.com/PokeAPI/sprites/master/sprites/pokemon/other/official-artwork/256.png
257,バシャーモ,,blaziken,もうかポケモン,3,fire,fighting,1.9,52.0,80,120,70,110,70,80,530,0,0,３０階建ての ビルを ジャンプで 跳び越す 跳躍力。炎の パンチが 相手を 焼きつくす。,https://raw.githubusercontent.com/PokeAPI/sprites/master/sprites/pokemon/257.png,https://raw.githubusercontent.com/PokeAPI/sprites/master/sprites/pokemon/other/official-artwork/257.png
258,ミズゴロウ,,mudkip,ぬまうおポケモン,3,water,,0.4,7.6,50,70,50,50,50,40,310,0,0,大きな 尾びれで 水を かけば ぐんぐん スピードが 上がる。 小さい 体でも 力持ち。,https://raw.githubusercontent.com/PokeAPI/sprites/master/sprites/pokemon/258.png,https://raw.githubusercontent.com/PokeAPI/sprites/master/sprites/pokemon/other/official-artwork/258.png
259,ヌマクロー,,marshtomp,ぬまうおポケモン,3,water,ground,0.7,28.0,70,85,70,60,70,50,405,0,0,地上でも 生活できる ように 体の 表面を 薄い 粘膜が 包んでいる。 潮の 引いた 海岸で 泥遊びを する。,https://raw.githubusercontent.com/PokeAPI/sprites/master/sprites/pokemon/259.png,https://raw.githubusercontent.com/PokeAPI/sprites/master/sprites/pokemon/other/official-artwork/259.png
260,ラグラージ,,swampert,ぬまうおポケモン,3,water,ground,1.5,81.9,100,110,90,85,90,60,535,0,0,岩の ように 硬い 腕を 一振り するだけで 巨大な 岩を コナゴナに 砕くぞ。,https://raw.githubusercontent.com/PokeAPI/sprites/master/sprites/pokemon/260.png,https://raw.githubusercontent.com/PokeAPI/sprites/master/sprites/pokemon/other/official-artwork/260.png
261,ポチエナ,,poochyena,かみつきポケモン,3,dark,,0.5,13.6,35,55,35,30,30,35,220,0,0,しつこい 性格の ポケモン。 目をつけた 獲物が ヘトヘトに 疲れるまで 追いかけ回す。,https://raw.githubusercontent.com/PokeAPI/sprites/master/sprites/pokemon/261.png,https://raw.githubusercontent.com/PokeAPI/sprites/master/sprites/pokemon/other/official-artwork/261.png
262,グラエナ,,mightyena,かみつきポケモン,3,dark,,1.0,37.0,70,90,70,60,60,70,420,0,0,優れた トレーナーの 命令には 絶対に 服従。大昔に 群れで 行動していた 名残り。,https://raw.githubusercontent.com/PokeAPI/sprites/master/sprites/pokemon/262.png,https://raw.githubusercontent.com/PokeAPI/sprites/master/sprites/pokemon/other/official-artwork/262.png
263,ジグザグマ,,zigzagoon,まめだぬきポケモン,3,normal,,0.4,17.5,38,30,41,30,41,60,240,0,0,ジグザグに 歩いて 草陰や 地面に 埋まっている 宝物を 見つけるのが 得意な ポケモン。,https://raw.githubusercontent.com/PokeAPI/sprites/master/sprites/pokemon/263.png,https://raw.githubusercontent.com/PokeAPI/sprites/master/sprites/pokemon/other/official-artwork/263.png
264,マッスグマ,,linoone,とっしんポケモン,3,normal,,0.5,32.5,78,70,61,50,61,100,420,0,0,まっすぐ 走る スピードは 時速１００キロを 軽く 超える。 曲がった 道は とても 苦手。,https://raw.githubusercontent.com/PokeAPI/sprites/master/sprites/pokemon/264.png,https://raw.githubusercontent.com/PokeAPI/sprites/master/sprites/pokemon/other/official-artwork/264.png
265,ケムッソ,,wurmple,いもむしポケモン,3,bug,,0.3,3.6,45,45,35,20,30,20,195,0,0,葉っぱが 大好物。 ムックルに 襲われたときは お尻の トゲで 撃退する。,https://raw.githubusercontent.com/PokeAPI/sprites/master/sprites/pokemon/265.png,https://raw.githubusercontent.com/PokeAPI/sprites/master/sprites/pokemon/other/official-artwork/265.png
266,カラサリス,,silcoon,さなぎポケモン,3,bug,,0.6,10.0,50,35,55,25,25,15,205,0,0,糸を 木の枝に 巻きつけている。 糸についた 雨水を 飲みながら 進化の ときを 待っている。,https://raw.githubusercontent.com/PokeAPI/sprites/master/sprites/pokemon/266.png,https://raw.githubusercontent.com/PokeAPI/sprites/master/sprites/pokemon/other/official-artwork/266.png
267,アゲハント,,beautifly,ちょうちょポケモン,3,bug,flying,1.0,28.4,60,70,50,100,50,65,395,0,0,色 鮮やかな 羽の 模様が 特徴。 細い 口を 伸ばして 花の 甘い ミツを 吸い取る。,https://raw.githubusercontent.com/PokeAPI/sprites/master/sprites/pokemon/267.png,https://raw.githubusercontent.com/PokeAPI/sprites/master/sprites/pokemon/other/official-artwork/267.png
268,マユルド,,cascoon,さなぎポケモン,3,bug,,0.7,11.5,50,35,55,25,25,15,205,0,0,やわらかい 糸で できた 体は 時間と ともに 硬くなっていく。 ひび割れると 進化は 間近だ。,https://raw.githubusercontent.com/PokeAPI/sprites/master/sprites/pokemon/268.png,https://raw.githubusercontent.com/PokeAPI/sprites/master/sprites/pokemon/other/official-artwork/268.png
269,ドクケイル,,dustox,どくがポケモン,3,bug,poison,1.2,31.6,60,50,70,50,90,65,385,0,0,夜行性の ポケモン。 明かりに 誘われた ドクケイルが 街路樹の 葉を 食い散らかす。,https://raw.githubusercontent.com/PokeAPI/sprites/master/sprites/pokemon/269.png,https://raw.githubusercontent.com/PokeAPI/sprites/master/sprites/pokemon/other/official-artwork/269.png
270,ハスボー,,lotad,うきくさポケモン,3,water,grass,0.5,2.6,40,30,30,40,50,30,220,0,0,水草に そっくりな ポケモン。 泳げない ポケモンを 葉っぱに 乗せて 向こう岸まで 運ぶ。,https://raw.githubusercontent.com/PokeAPI/sprites/master/sprites/pokemon/270.png,https://raw.githubusercontent.com/PokeAPI/sprites/master/sprites/pokemon/other/official-artwork/270.png
271,ハスブレロ,,lombre,ようきポケモン,3,water,grass,1.2,32.5,60,50,50,60,70,50,340,0,0,日当たりの 良い 水辺に 住む。 昼間は 水草の ベッドで 眠り 日が 暮れると 動き出す。,https://raw.githubusercontent.com/PokeAPI/sprites/master/sprites/pokemon/271.png,https://raw.githubusercontent.com/PokeAPI/sprites/master/sprites/pokemon/other/official-artwork/271.png
272,ルンパッパ,,ludicolo,のうてんきポケモン,3,water,grass,1.5,55.0,80,70,70,90,100,70,480,0,0,陽気な 音楽を 聴くと 体中に 力が みなぎり 踊らずには いられなくなるのだ。,https://raw.githubusercontent.com/PokeAPI/sprites/master/sprites/pokemon/272.png,https://raw.githubusercontent.com/PokeAPI/sprites/master/sprites/pokemon/other/official-artwork/272.png
273,タネボー,,seedot,どんぐりポケモン,3,grass,,0.5,4.0,40,40,50,30,30,30,220,0,0,頭の 先を 枝に くっつけて ぶら下がる。強風に あおられ 落ちてしまう ことも あるのだ。,https://raw.githubusercontent.com/PokeAPI/sprites/master/sprites/pokemon/273.png,https://raw.githubusercontent.com/PokeAPI/sprites/master/sprites/pokemon/other/official-artwork/273.png
274,コノハナ,,nuzleaf,いじわるポケモン,3,grass,dark,1.0,28.0,70,70,40,60,40,60,340,0,0,コノハナが 奏でる 草笛の 音色は 人を 不安にさせる。 森の 奥に 住んでいる。,https://raw.githubusercontent.com/PokeAPI/sprites/master/sprites/pokemon/274.png,https://raw.githubusercontent.com/PokeAPI/sprites/master/sprites/pokemon/other/official-artwork/274.png
275,ダーテング,,shiftry,よこしまポケモン,3,grass,dark,1.3,59.6,90,100,60,90,60,80,480,0,0,森の 神様と 恐れられていた ポケモン。相手の 考えを 読み 先回りする 能力を 持つ。,https://raw.githubusercontent.com/PokeAPI/sprites/master/sprites/pokemon/275.png,https://raw.githubusercontent.com/PokeAPI/sprites/master/sprites/pokemon/other/official-artwork/275.png
276,スバメ,,taillow,こツバメポケモン,3,normal,flying,0.3,2.3,40,55,30,30,30,85,270,0,0,強い 相手にも 勇敢に 立ち向かう 根性の 持ち主。 暖かい 土地を 目指して 飛ぶ。,https://raw.githubusercontent.com/PokeAPI/sprites/master/sprites/pokemon/276.png,https://raw.githubusercontent.com/PokeAPI/sprites/master/sprites/pokemon/other/official-artwork/276.png
277,オオスバメ,,swellow,ツバメポケモン,3,normal,flying,0.7,19.8,60,85,60,75,50,125,455,0,0,２本の 尾羽が ピンと 立って いれば 健康な 証拠。 優雅に 大空を 飛び回る。,https://raw.githubusercontent.com/PokeAPI/sprites/master/sprites/pokemon/277.png,https://raw.githubusercontent.com/PokeAPI/sprites/master/sprites/pokemon/other/official-artwork/277.png
278,キャモメ,,wingull,うみねこポケモン,3,water,flying,0.6,9.5,40,30,30,55,30,85,270,0,0,長い 翼で 海風を 受けて グライダーのように 滑空する。 休むときは 翼を 折り畳む。,https://raw.githubusercontent.com/PokeAPI/sprites/master/sprites/pokemon/278.png,https://raw.githubusercontent.com/PokeAPI/sprites/master/sprites/pokemon/other/official-artwork/278.png
279,ペリッパー,,pelipper,みずどりポケモン,3,water,flying,1.2,28.0,60,50,100,95,70,65,440,0,0,大きな クチバシを 海に 入れて ひとすくいすると エサが たくさん 入っているという 寸法だ。,https://raw.githubusercontent.com/PokeAPI/sprites/master/sprites/pokemon/279.png,https://raw.githubusercontent.com/PokeAPI/sprites/master/sprites/pokemon/other/official-artwork/279.png
280,ラルトス,,ralts,きもちポケモン,3,psychic,fairy,0.4,6.6,28,25,25,45,35,40,198,0,0,赤いツノで 人や ポケモンの 温かな 気持ちを キャッチすると 全身が ほのかに 熱くなる。,https://raw.githubusercontent.com/PokeAPI/sprites/master/sprites/pokemon/280.png,https://raw.githubusercontent.com/PokeAPI/sprites/master/sprites/pokemon/other/official-artwork/280.png
281,キルリア,,kirlia,かんじょうポケモン,3,psychic,fairy,0.8,20.2,38,35,35,65,55,50,278,0,0,トレーナーの 明るい 気持ちが サイコパワーの 源。楽しい 気分に なると クルクル 踊る。,https://raw.githubusercontent.com/PokeAPI/sprites/master/sprites/pokemon/281.png,https://raw.githubusercontent.com/PokeAPI/sprites/master/sprites/pokemon/other/official-artwork/281.png
282,サーナイト,,gardevoir,ほうようポケモン,3,psychic,fairy,1.6,48.4,68,65,65,125,115,80,518,0,0,トレーナーを 守るためなら サイコパワーを 使いきり 小さな ブラックホールを 作り出す。,https://raw.githubusercontent.com/PokeAPI/sprites/master/sprites/pokemon/282.png,https://raw.githubusercontent.com/PokeAPI/sprites/master/sprites/pokemon/other/official-artwork/282.png
283,アメタマ,,surskit,あめんぼポケモン,3,bug,water,0.5,1.7,40,30,32,50,52,65,269,0,0,普段は 池に 住んでいるが 夕立の 後には 街中の 水たまりに 姿を 現す。,https://raw.githubusercontent.com/PokeAPI/sprites/master/sprites/pokemon/283.png,https://raw.githubusercontent.com/PokeAPI/sprites/master/sprites/pokemon/other/official-artwork/283.png
284,アメモース,,masquerain,めだまポケモン,3,bug,flying,0.8,3.6,70,60,62,100,82,80,454,0,0,目玉模様の 触角を 持つ。 ４枚の 羽で 浮かび上がり 前後左右に 動くことができる。,https://raw.githubusercontent.com/PokeAPI/sprites/master/sprites/pokemon/284.png,https://raw.githubusercontent.com/PokeAPI/sprites/master/sprites/pokemon/other/official-artwork/284.png
285,キノココ,,shroomish,きのこポケモン,3,grass,,0.4,4.5,60,40,60,40,60,35,295,0,0,湿った 場所を 好み 昼間は 森の 木陰で じっと している。 頭から 毒の 粉を 出す。,https://raw.githubusercontent.com/PokeAPI/sprites/master/sprites/pokemon/285.png,https://raw.githubusercontent.com/PokeAPI/sprites/master/sprites/pokemon/other/official-artwork/285.png
286,キノガッサ,,breloom,きのこポケモン,3,grass,fighting,1.2,39.2,60,130,80,60,60,70,460,0,0,短い 腕は パンチを 出すとき グーンと 伸びる。プロボクサー 顔負けの テクニックを 持つ。,https://raw.githubusercontent.com/PokeAPI/sprites/master/sprites/pokemon/286.png,https://raw.githubusercontent.com/PokeAPI/sprites/master/sprites/pokemon/other/official-artwork/286.png
287,ナマケロ,,slakoth,なまけものポケモン,3,normal,,0.8,24.0,60,60,60,35,35,30,280,0,0,ナマケロの 怠けた 様子は 見ている 人の 怠け心を 存分に 刺激するのだ。,https://raw.githubusercontent.com/PokeAPI/sprites/master/sprites/pokemon/287.png,https://raw.githubusercontent.com/PokeAPI/sprites/master/sprites/pokemon/other/official-artwork/287.png
288,ヤルキモノ,,vigoroth,あばれザルポケモン,3,normal,,1.4,46.5,80,80,80,55,55,90,440,0,0,心臓の 鼓動が 速く 全身の 血が たぎっているため １秒も じっと していられない。,https://raw.githubusercontent.com/PokeAPI/sprites/master/sprites/pokemon/288.png,https://raw.githubusercontent.com/PokeAPI/sprites/master/sprites/pokemon/other/official-artwork/288.png
289,ケッキング,,slaking,ものぐさポケモン,3,normal,,2.0,130.5,150,160,100,95,65,100,670,0,0,世界一 ぐうたらな ポケモン。 手が 届く 範囲の エサを 食べつくすと 居場所を 替える。,https://raw.githubusercontent.com/PokeAPI/sprites/master/sprites/pokemon/289.png,https://raw.githubusercontent.com/PokeAPI/sprites/master/sprites/pokemon/other/official-artwork/289.png
290,ツチニン,,nincada,したづみポケモン,3,bug,ground,0.5,5.5,31,45,90,30,30,40,266,0,0,長い あいだ 地中で 暮らして いたため 目は ほとんど 見えない。 触覚で 様子を 探る。,https://raw.githubusercontent.com/PokeAPI/sprites/master/sprites/pokemon/290.png,https://raw.githubusercontent.com/PokeAPI/sprites/master/sprites/pokemon/other/official-artwork/290.png
291,テッカニン,,ninjask,しのびポケモン,3,bug,flying,0.8,12.0,61,90,45,50,50,160,456,0,0,鳴き声を 聞き続けると 頭痛が 治まらなくなる。 見えない ほどの 速さで 動く。,https://raw.githubusercontent.com/PokeAPI/sprites/master/sprites/pokemon/291.png,https://raw.githubusercontent.com/PokeAPI/sprites/master/sprites/pokemon/other/official-artwork/291.png
292,ヌケニン,,shedinja,ぬけがらポケモン,3,bug,ghost,0.8,1.2,1,90,45,30,30,40,236,0,0,抜け殻が 魂を 宿した。 背中の すきまから のぞきこむと 魂を 吸われてしまうらしい。,https://raw.githubusercontent.com/PokeAPI/sprites/master/sprites/pokemon/292.png,https://raw.githubusercontent.com/PokeAPI/sprites/master/sprites/pokemon/other/official-artwork/292.png
293,ゴニョニョ,,whismur,ささやきポケモン,3,normal,,0.6,16.3,64,51,23,51,23,28,240,0,0,普段は ささやき 声。危険を 察知すると 大声で 泣き出す。 耳の 蓋を 閉じると 泣きやむ。,https://raw.githubusercontent.com/PokeAPI/sprites/master/sprites/pokemon/293.png,https://raw.githubusercontent.com/PokeAPI/sprites/master/sprites/pokemon/other/official-artwork/293.png
294,ドゴーム,,loudred,おおごえポケモン,3,normal,,1.0,40.5,84,71,43,71,43,48,360,0,0,思い切り 吸いこんだ 空気を 発達した 腹筋を 使って 吐き出すことで 大声を 出す。,https://raw.githubusercontent.com/PokeAPI/sprites/master/sprites/pokemon/294.png,https://raw.githubusercontent.com/PokeAPI/sprites/master/sprites/pokemon/other/official-artwork/294.png
295,バクオング,,exploud,そうおんポケモン,3,normal,,1.5,84.0,104,91,63,91,73,68,490,0,0,バクオングの 遠ぼえは １０キロ 先まで 届く。体中の 穴から さまざまな 音を 出す。,https://raw.githubusercontent.com/PokeAPI/sprites/master/sprites/pokemon/295.png,https://raw.githubusercontent.com/PokeAPI/sprites/master/sprites/pokemon/other/official-artwork/295.png
296,マクノシタ,,makuhita,こんじょうポケモン,3,fighting,,1.0,86.4,72,60,30,20,30,25,237,0,0,大木に 何度も 体当たりして 強靭な 体と くじけない 心を 鍛え上げるのだ。,https://raw.githubusercontent.com/PokeAPI/sprites/master/sprites/pokemon/296.png,https://raw.githubusercontent.com/PokeAPI/sprites/master/sprites/pokemon/other/official-artwork/296.png
297,ハリテヤマ,,hariyama,つっぱりポケモン,3,fighting,,2.3,253.8,144,120,60,40,60,50,474,0,0,両足で 地面を 踏み鳴らして パワーを ためる。張り手 １発で １０トン トラックを 吹っ飛ばす。,https://raw.githubusercontent.com/PokeAPI/sprites/master/sprites/pokemon/297.png,https://raw.githubusercontent.com/PokeAPI/sprites/master/sprites/pokemon/other/official-artwork/297.png
298,ルリリ,,azurill,みずたまポケモン,3,normal,fairy,0.2,2.0,50,20,40,20,40,20,190,0,0,大きな 尻尾に 乗って 弾むと 地上では 速く 移動できる。 水辺で 暮らす ポケモン。,https://raw.githubusercontent.com/PokeAPI/sprites/master/sprites/pokemon/298.png,https://raw.githubusercontent.com/PokeAPI/sprites/master/sprites/pokemon/other/official-artwork/298.png
299,ノズパス,,nosepass,コンパスポケモン,3,rock,,1.0,97.0,30,45,135,45,90,30,375,0,0,いつも 北を 向いている 磁石の 鼻で まわりの 鉄を 引き寄せて 守りを 固めるのだ。,https://raw.githubusercontent.com/PokeAPI/sprites/master/sprites/pokemon/299.png,https://raw.githubusercontent.com/PokeAPI/sprites/master/sprites/pokemon/other/official-artwork/299.png
300,エネコ,,skitty,こねこポケモン,3,normal,,0.6,11.0,50,45,45,35,35,50,260,0,0,動くものを つい 追ってしまう。 自分の 尻尾を 追いかけて 同じ 場所を グルグル 回る。,https://raw.githubusercontent.com/PokeAPI/sprites/master/sprites/pokemon/300.png,https://raw.githubusercontent.com/PokeAPI/sprites/master/sprites/pokemon/other/official-artwork/300.png
301,エネコロロ,,delcatty,おすましポケモン,3,normal,,1.1,32.6,70,65,65,55,55,90,400,0,0,汚い 場所が 大嫌い。 居心地の 良い 場所で いつも 毛並みを 手入れしている。,https://raw.githubusercontent.com/PokeAPI/sprites/master/sprites/pokemon/301.png,https://raw.githubusercontent.com/PokeAPI/sprites/master/sprites/pokemon/other/official-artwork/301.png
302,ヤミラミ,,sableye,くらやみポケモン,3,dark,ghost,0.5,11.0,50,75,75,65,65,50,380,0,0,洞窟の 暗闇に 潜む。 宝石を 食べているうちに 目が 宝石に なってしまった。,https://raw.githubusercontent.com/PokeAPI/sprites/master/sprites/pokemon/302.png,https://raw.githubusercontent.com/PokeAPI/sprites/master/sprites/pokemon/other/official-artwork/302.png
303,クチート,,mawile,あざむきポケモン,3,steel,fairy,0.6,11.5,50,85,85,55,55,50,380,0,0,おとなしい 顔で 相手を 油断 させてから おおあごで がぶり。 かみつくと 絶対に 放さない。,https://raw.githubusercontent.com/PokeAPI/sprites/master/sprites/pokemon/303.png,https://raw.githubusercontent.com/PokeAPI/sprites/master/sprites/pokemon/other/official-artwork/303.png
304,ココドラ,,aron,てつヨロイポケモン,3,steel,rock,0.4,60.0,50,70,100,40,40,30,330,0,0,普段は 山奥で 暮らしているが お腹が すくと ふもとに 現われ 線路や 車を 食べてしまう。,https://raw.githubusercontent.com/PokeAPI/sprites/master/sprites/pokemon/304.png,https://raw.githubusercontent.com/PokeAPI/sprites/master/sprites/pokemon/other/official-artwork/304.png
305,コドラ,,lairon,てつヨロイポケモン,3,steel,rock,0.9,120.0,60,90,140,50,50,40,430,0,0,鉄鉱石が 大好物。 鋼の 体を ぶつけ合って 縄張り 争いを する。,https://raw.githubusercontent.com/PokeAPI/sprites/master/sprites/pokemon/305.png,https://raw.githubusercontent.com/PokeAPI/sprites/master/sprites/pokemon/other/official-artwork/305.png
306,ボスゴドラ,,aggron,てつヨロイポケモン,3,steel,rock,2.1,360.0,70,110,180,60,60,50,530,0,0,山を まるごと 縄張りに する。 傷が 多い ボスゴドラほど 戦っているので 侮れない。,https://raw.githubusercontent.com/PokeAPI/sprites/master/sprites/pokemon/306.png,https://raw.githubusercontent.com/PokeAPI/sprites/master/sprites/pokemon/other/official-artwork/306.png
307,アサナン,,meditite,めいそうポケモン,3,fighting,psychic,0.6,11.2,30,40,55,40,55,60,280,0,0,いつもは 山奥で 修行。 めいそうをして 精神力を 高めると 体が 浮かび上がる。,https://raw.githubusercontent.com/PokeAPI/sprites/master/sprites/pokemon/307.png,https://raw.githubusercontent.com/PokeAPI/sprites/master/sprites/pokemon/other/official-artwork/307.png
308,チャーレム,,medicham,めいそうポケモン,3,fighting,psychic,1.3,31.5,60,60,75,60,75,80,410,0,0,ダンスの ような 優雅な 動きで 攻撃を 交わして 強烈な 一撃を 相手に お見舞いする。,https://raw.githubusercontent.com/PokeAPI/sprites/master/sprites/pokemon/308.png,https://raw.githubusercontent.com/PokeAPI/sprites/master/sprites/pokemon/other/official-artwork/308.png
309,ラクライ,,electrike,いなずまポケモン,3,electric,,0.6,15.2,40,45,40,65,40,65,295,0,0,体毛に ためた 電気を 使い 筋肉を 刺激することで 瞬発力を 高める。,https://raw.githubusercontent.com/PokeAPI/sprites/master/sprites/pokemon/309.png,https://raw.githubusercontent.com/PokeAPI/sprites/master/sprites/pokemon/other/official-artwork/309.png
310,ライボルト,,manectric,ほうでんポケモン,3,electric,,1.5,40.2,70,75,60,105,60,105,475,0,0,人前には めったに 姿を 見せない。 雷の 落ちた 場所に 住処が あると いう。,https://raw.githubusercontent.com/PokeAPI/sprites/master/sprites/pokemon/310.png,https://raw.githubusercontent.com/PokeAPI/sprites/master/sprites/pokemon/other/official-artwork/310.png
311,プラスル,,plusle,おうえんポケモン,3,electric,,0.4,4.2,60,50,40,85,75,95,405,0,0,火花の ボンボンを 作って 仲間を 応援する。 電柱から 電気を 吸い取る。,https://raw.githubusercontent.com/PokeAPI/sprites/master/sprites/pokemon/311.png,https://raw.githubusercontent.com/PokeAPI/sprites/master/sprites/pokemon/other/official-artwork/311.png
312,マイナン,,minun,おうえんポケモン,3,electric,,0.4,4.2,60,40,50,75,85,95,405,0,0,マイナンと プラスルの 電気は 血液の 流れを 良くして こりを ほぐす 効果が ある。,https://raw.githubusercontent.com/PokeAPI/sprites/master/sprites/pokemon/312.png,https://raw.githubusercontent.com/PokeAPI/sprites/master/sprites/pokemon/other/official-artwork/312.png
313,バルビート,,volbeat,ほたるポケモン,3,bug,,0.7,17.7,65,73,75,47,85,85,430,0,0,夜になると お尻を 光らせ 仲間と 会話する。イルミーゼの 出す 甘い 香りが 大好き。,https://raw.githubusercontent.com/PokeAPI/sprites/master/sprites/pokemon/313.png,https://raw.githubusercontent.com/PokeAPI/sprites/master/sprites/pokemon/other/official-artwork/313.png
314,イルミーゼ,,illumise,ほたるポケモン,3,bug,,0.6,17.7,65,47,75,73,85,85,430,0,0,甘い 香りで バルビートを 誘導して ２００ 以上の 模様を 夜空に 描く。,https://raw.githubusercontent.com/PokeAPI/sprites/master/sprites/pokemon/314.png,https://raw.githubusercontent.com/PokeAPI/sprites/master/sprites/pokemon/other/official-artwork/314.png
315,ロゼリア,,roselia,いばらポケモン,3,grass,poison,0.3,2.0,50,60,45,100,80,65,400,0,0,右手と 左手で ２種類の 毒を 使いわけて 攻撃する。 香りが 強いほど 元気だ。,https://raw.githubusercontent.com/PokeAPI/sprites/master/sprites/pokemon/315.png,https://raw.githubusercontent.com/PokeAPI/sprites/master/sprites/pokemon/other/official-artwork/315.png
316,ゴクリン,,gulpin,いぶくろポケモン,3,poison,,0.4,10.3,70,43,53,43,53,40,302,0,0,心臓や 脳みそは 小さく 体の 大部分が 胃袋。 なんでも 溶かす 胃液を 出す。,https://raw.githubusercontent.com/PokeAPI/sprites/master/sprites/pokemon/316.png,https://raw.githubusercontent.com/PokeAPI/sprites/master/sprites/pokemon/other/official-artwork/316.png
317,マルノーム,,swalot,どくぶくろポケモン,3,poison,,1.7,80.0,100,73,83,73,83,55,467,0,0,なんでも まるのみしてしまう。 毛穴から 猛毒の 体液を 分泌して 敵に 浴びせかける。,https://raw.githubusercontent.com/PokeAPI/sprites/master/sprites/pokemon/317.png,https://raw.githubusercontent.com/PokeAPI/sprites/master/sprites/pokemon/other/official-artwork/317.png
318,キバニア,,carvanha,どうもうポケモン,3,water,dark,0.8,20.8,45,90,20,65,20,65,305,0,0,集団で 船に 襲いかかり 船底を 食いちぎり 沈める。 ジャングルの 川に 生息する。,https://raw.githubusercontent.com/PokeAPI/sprites/master/sprites/pokemon/318.png,https://raw.githubusercontent.com/PokeAPI/sprites/master/sprites/pokemon/other/official-artwork/318.png
319,サメハダー,,sharpedo,きょうぼうポケモン,3,water,dark,1.8,88.8,70,120,40,95,40,95,460,0,0,鉄板も かみちぎる キバを 持ち 泳ぐ 速度は 時速１２０キロ。 別名は 海のギャング。,https://raw.githubusercontent.com/PokeAPI/sprites/master/sprites/pokemon/319.png,https://raw.githubusercontent.com/PokeAPI/sprites/master/sprites/pokemon/other/official-artwork/319.png
320,ホエルコ,,wailmer,たまくじらポケモン,3,water,,2.0,130.0,130,70,35,70,35,60,400,0,0,ボールの ように 弾んで 遊ぶ。 たくさんの 海水を 飲みこむほど 高く 弾むように なるのだ。,https://raw.githubusercontent.com/PokeAPI/sprites/master/sprites/pokemon/320.png,https://raw.githubusercontent.com/PokeAPI/sprites/master/sprites/pokemon/other/official-artwork/320.png
321,ホエルオー,,wailord,うきくじらポケモン,3,water,,14.5,398.0,170,90,45,90,45,60,500,0,0,大きな 体を 波の上で ジャンプさせ 衝撃を 生みだし 相手を 気絶 させることがある。,https://raw.githubusercontent.com/PokeAPI/sprites/master/sprites/pokemon/321.png,https://raw.githubusercontent.com/PokeAPI/sprites/master/sprites/pokemon/other/official-artwork/321.png
322,ドンメル,,numel,どんかんポケモン,3,fire,ground,0.7,24.0,60,60,40,65,45,35,305,0,0,灼熱の マグマを 背中の コブに ためている。雨に 当たると マグマが 冷えて 動きが 鈍る。,https://raw.githubusercontent.com/PokeAPI/sprites/master/sprites/pokemon/322.png,https://raw.githubusercontent.com/PokeAPI/sprites/master/sprites/pokemon/other/official-artwork/322.png
323,バクーダ,,camerupt,ふんかポケモン,3,fire,ground,1.9,220.0,70,100,70,105,75,40,460,0,0,背中の コブの 火山は １０年ごとに 大噴火 するが 激しく 怒っても 噴火する。,https://raw.githubusercontent.com/PokeAPI/sprites/master/sprites/pokemon/323.png,https://raw.githubusercontent.com/PokeAPI/sprites/master/sprites/pokemon/other/official-artwork/323.png
324,コータス,,torkoal,せきたんポケモン,3,fire,,0.5,80.4,70,85,140,85,70,20,470,0,0,使われなくなった 炭鉱には たくさんの コータスが 住みついて 石炭を せっせと 掘っている。,https://raw.githubusercontent.com/PokeAPI/sprites/master/sprites/pokemon/324.png,https://raw.githubusercontent.com/PokeAPI/sprites/master/sprites/pokemon/other/official-artwork/324.png
325,バネブー,,spoink,とびはねポケモン,3,psychic,,0.7,30.6,60,25,35,70,80,60,330,0,0,尻尾を バネのかわりに いつも 飛び跳ねている。跳ねる 振動で 心臓を 鼓動 させているのだ。,https://raw.githubusercontent.com/PokeAPI/sprites/master/sprites/pokemon/325.png,https://raw.githubusercontent.com/PokeAPI/sprites/master/sprites/pokemon/other/official-artwork/325.png
326,ブーピッグ,,grumpig,あやつりポケモン,3,psychic,,0.9,71.5,80,45,65,90,110,80,470,0,0,黒真珠で サイコパワーを 強め 奇妙な ステップで 相手の 心を 操るぞ。,https://raw.githubusercontent.com/PokeAPI/sprites/master/sprites/pokemon/326.png,https://raw.githubusercontent.com/PokeAPI/sprites/master/sprites/pokemon/other/official-artwork/326.png
327,パッチール,,spinda,ぶちパンダポケモン,3,normal,,1.1,5.0,60,60,60,60,60,60,360,0,0,同じ ブチ模様の パッチールは いない。フラフラした 足取りで 相手の ねらいを 外す。,https://raw.githubusercontent.com/PokeAPI/sprites/master/sprites/pokemon/327.png,https://raw.githubusercontent.com/PokeAPI/sprites/master/sprites/pokemon/other/official-artwork/327.png
328,ナックラー,,trapinch,ありじごくポケモン,3,ground,,0.7,15.0,45,100,45,45,45,10,290,0,0,乾燥した 砂漠に 生息。 すり鉢状の 巣穴の 中で 獲物を じっと 待ち続ける。,https://raw.githubusercontent.com/PokeAPI/sprites/master/sprites/pokemon/328.png,https://raw.githubusercontent.com/PokeAPI/sprites/master/sprites/pokemon/other/official-artwork/328.png
329,ビブラーバ,,vibrava,しんどうポケモン,3,ground,dragon,1.1,15.3,50,70,50,50,50,70,340,0,0,２枚の 羽を 高速で 振動させて 出す 超音波は 激しい 頭痛を ひきおこす。,https://raw.githubusercontent.com/PokeAPI/sprites/master/sprites/pokemon/329.png,https://raw.githubusercontent.com/PokeAPI/sprites/master/sprites/pokemon/other/official-artwork/329.png
330,フライゴン,,flygon,せいれいポケモン,3,ground,dragon,2.0,82.0,80,100,80,80,80,100,520,0,0,羽の 羽ばたきで 砂漠の 砂を 巻き上げて 姿を 隠す。 赤い カバーが 砂から 目を 守る。,https://raw.githubusercontent.com/PokeAPI/sprites/master/sprites/pokemon/330.png,https://raw.githubusercontent.com/PokeAPI/sprites/master/sprites/pokemon/other/official-artwork/330.png
331,サボネア,,cacnea,サボテンポケモン,3,grass,,0.4,51.3,50,85,40,85,40,35,335,0,0,雨が 少ない 乾燥した 地域に 生息。１年に １回 黄色の 花を 咲かせる。,https://raw.githubusercontent.com/PokeAPI/sprites/master/sprites/pokemon/331.png,https://raw.githubusercontent.com/PokeAPI/sprites/master/sprites/pokemon/other/official-artwork/331.png
332,ノクタス,,cacturne,カカシぐさポケモン,3,grass,dark,1.3,77.4,70,115,60,115,60,55,475,0,0,夜になると 活動を はじめる。 砂漠の 暑さに 疲れ果てた 獲物を 見つけ出し 捕らえるのだ。,https://raw.githubusercontent.com/PokeAPI/sprites/master/sprites/pokemon/332.png,https://raw.githubusercontent.com/PokeAPI/sprites/master/sprites/pokemon/other/official-artwork/332.png
333,チルット,,swablu,わたどりポケモン,3,normal,flying,0.4,1.2,45,40,60,40,75,50,310,0,0,人の 頭の 上に ちょこんと 乗って 帽子のように ふるまうのが なぜか 大好き。,https://raw.githubusercontent.com/PokeAPI/sprites/master/sprites/pokemon/333.png,https://raw.githubusercontent.com/PokeAPI/sprites/master/sprites/pokemon/other/official-artwork/333.png
334,チルタリス,,altaria,ハミングポケモン,3,dragon,flying,1.1,20.6,75,70,90,70,105,80,490,0,0,大空を ゆったりと 飛ぶ。 チルタリスの 美しい ハミングを 聴くと うっとり 夢心地だ。,https://raw.githubusercontent.com/PokeAPI/sprites/master/sprites/pokemon/334.png,https://raw.githubusercontent.com/PokeAPI/sprites/master/sprites/pokemon/other/official-artwork/334.png
335,ザングース,,zangoose,ネコイタチポケモン,3,normal,,1.3,40.3,73,115,60,60,60,90,458,0,0,何世代にも 渡って ハブネークと 戦ってきた。 鋭い ツメが 最大の 武器。,https://raw.githubusercontent.com/PokeAPI/sprites/master/sprites/pokemon/335.png,https://raw.githubusercontent.com/PokeAPI/sprites/master/sprites/pokemon/other/official-artwork/335.png
336,ハブネーク,,seviper,キバへびポケモン,3,poison,,2.7,52.5,73,100,60,100,60,65,458,0,0,猛毒が 染み出している 鋭い 切れ味の 尻尾で 素早い ザングースに 立ち向かう。,https://raw.githubusercontent.com/PokeAPI/sprites/master/sprites/pokemon/336.png,https://raw.githubusercontent.com/PokeAPI/sprites/master/sprites/pokemon/other/official-artwork/336.png
337,ルナトーン,,lunatone,いんせきポケモン,3,rock,psychic,1.0,168.0,90,55,65,95,85,70,460,0,0,満月の 夜になると 活発に 活動するため 月の 満ち欠けと 関係していると 言われている。,https://raw.githubusercontent.com/PokeAPI/sprites/master/sprites/pokemon/337.png,https://raw.githubusercontent.com/PokeAPI/sprites/master/sprites/pokemon/other/official-artwork/337.png
338,ソルロック,,solrock,いんせきポケモン,3,rock,psychic,1.2,154.0,90,95,85,55,65,70,460,0,0,太陽エネルギーが パワーの 源 なので 昼間は 強い。 回転すると 体が 光る。,https://raw.githubusercontent.com/PokeAPI/sprites/master/sprites/pokemon/338.png,https://raw.githubusercontent.com/PokeAPI/sprites/master/sprites/pokemon/other/official-artwork/338.png
339,ドジョッチ,,barboach,ひげうおポケモン,3,water,ground,0.4,1.9,50,48,43,46,41,60,288,0,0,全身が ヌルヌルの 体液で 覆われているため 捕まっても ぬるりと 抜け出すことが できる。,https://raw.githubusercontent.com/PokeAPI/sprites/master/sprites/pokemon/339.png,https://raw.githubusercontent.com/PokeAPI/sprites/master/sprites/pokemon/other/official-artwork/339.png
340,ナマズン,,whiscash,ひげうおポケモン,3,water,ground,0.9,23.6,110,78,73,76,71,60,468,0,0,大きな 沼を 縄張りにする。 敵が 近づくと 大暴れして 大きな 地震を 起こすのだ。,https://raw.githubusercontent.com/PokeAPI/sprites/master/sprites/pokemon/340.png,https://raw.githubusercontent.com/PokeAPI/sprites/master/sprites/pokemon/other/official-artwork/340.png
341,ヘイガニ,,corphish,ごろつきポケモン,3,water,,0.6,11.5,43,80,65,50,35,35,308,0,0,どんなに 水が 汚れた 川でも 適応して 増えていく タフな 生命力の 持ち主。,https://raw.githubusercontent.com/PokeAPI/sprites/master/sprites/pokemon/341.png,https://raw.githubusercontent.com/PokeAPI/sprites/master/sprites/pokemon/other/official-artwork/341.png
342,シザリガー,,crawdaunt,ならずものポケモン,3,water,dark,1.1,32.8,63,120,85,90,55,55,468,0,0,池に 住む ほかの ポケモンを ハサミで つまみ上げ 池の 外へ 放り出してしまう 暴れん坊。,https://raw.githubusercontent.com/PokeAPI/sprites/master/sprites/pokemon/342.png,https://raw.githubusercontent.com/PokeAPI/sprites/master/sprites/pokemon/other/official-artwork/342.png
343,ヤジロン,,baltoy,どぐうポケモン,3,ground,psychic,0.5,21.5,40,40,55,40,70,55,300,0,0,一本足で 回転しながら 移動する。 逆さまに なって 回転する ヤジロンも 見かける。,https://raw.githubusercontent.com/PokeAPI/sprites/master/sprites/pokemon/343.png,https://raw.githubusercontent.com/PokeAPI/sprites/master/sprites/pokemon/other/official-artwork/343.png
344,ネンドール,,claydol,どぐうポケモン,3,ground,psychic,1.5,108.0,60,70,105,70,120,75,500,0,0,古代の 泥人形が 怪光線を 浴びたことで 命が 宿り ポケモンとなった。,https://raw.githubusercontent.com/PokeAPI/sprites/master/sprites/pokemon/344.png,https://raw.githubusercontent.com/PokeAPI/sprites/master/sprites/pokemon/other/official-artwork/344.png
345,リリーラ,,lileep,ウミユリポケモン,3,rock,grass,1.0,23.8,66,41,77,61,87,23,355,0,0,触手を 花びらに 見せかけて 近寄ってきた 獲物を 捕らえる。 １億年前に 絶滅した。,https://raw.githubusercontent.com/PokeAPI/sprites/master/sprites/pokemon/345.png,https://raw.githubusercontent.com/PokeAPI/sprites/master/sprites/pokemon/other/official-artwork/345.png
346,ユレイドル,,cradily,いわつぼポケモン,3,rock,grass,1.5,60.4,86,81,97,81,107,43,495,0,0,暖かい 海の 浅瀬に いる。 潮が 引くと 砂浜に 潜った 獲物を 掘り出して 食べる。,https://raw.githubusercontent.com/PokeAPI/sprites/master/sprites/pokemon/346.png,https://raw.githubusercontent.com/PokeAPI/sprites/master/sprites/pokemon/other/official-artwork/346.png
347,アノプス,,anorith,むかしエビポケモン,3,rock,bug,0.7,12.5,45,95,50,40,50,75,355,0,0,ポケモンの 先祖の 一種。 海底の 岩場に 隠れた 獲物を 伸びる ツノで 捕らえる。,https://raw.githubusercontent.com/PokeAPI/sprites/master/sprites/pokemon/347.png,https://raw.githubusercontent.com/PokeAPI/sprites/master/sprites/pokemon/other/official-artwork/347.png
348,アーマルド,,armaldo,かっちゅうポケモン,3,rock,bug,1.5,68.2,75,125,100,70,80,45,495,0,0,伸び縮みする 巨大な ツメで 獲物を くし刺しにして 捕らえる。 丈夫な よろいを 身に まとう。,https://raw.githubusercontent.com/PokeAPI/sprites/master/sprites/pokemon/348.png,https://raw.githubusercontent.com/PokeAPI/sprites/master/sprites/pokemon/other/official-artwork/348.png
349,ヒンバス,,feebas,さかなポケモン,3,water,,0.6,7.4,20,15,20,10,55,80,200,0,0,なんでも 食べるので 汚い 川や 湖でも 生きていける。 だれも 注目しない ポケモン。,https://raw.githubusercontent.com/PokeAPI/sprites/master/sprites/pokemon/349.png,https://raw.githubusercontent.com/PokeAPI/sprites/master/sprites/pokemon/other/official-artwork/349.png
350,ミロカロス,,milotic,いつくしみポケモン,3,water,,6.2,162.0,95,60,79,100,125,81,540,0,0,ミロカロスの 美しい 姿を 見た者は 争いの 気持ちを 忘れてしまうと 言われている。,https://raw.githubusercontent.com/PokeAPI/sprites/master/sprites/pokemon/350.png,https://raw.githubusercontent.com/PokeAPI/sprites/master/sprites/pokemon/other/official-artwork/350.png
351,ポワルン,,castform,てんきポケモン,3,normal,,0.3,0.8,70,70,70,70,70,70,420,0,0,気温や 湿度の 変化が 体の 細胞に 影響して 姿を 変える ポケモン。,https://raw.githubusercontent.com/PokeAPI/sprites/master/sprites/pokemon/351.png,https://raw.githubusercontent.com/PokeAPI/sprites/master/sprites/pokemon/other/official-artwork/351.png
352,カクレオン,,kecleon,いろへんげポケモン,3,normal,,1.0,22.0,60,90,70,60,120,40,440,0,0,体の 色を 自由に 変える 能力を 持つ。お腹にある ギザギザ模様 だけは 変わらない。,https://raw.githubusercontent.com/PokeAPI/sprites/master/sprites/pokemon/352.png,https://raw.githubusercontent.com/PokeAPI/sprites/master/sprites/pokemon/other/official-artwork/352.png
353,カゲボウズ,,shuppet,にんぎょうポケモン,3,ghost,,0.6,2.3,44,75,35,63,33,45,295,0,0,頭の ツノで 恨みや ねたみの 感情を 食べると 言われる。 真夜中 活発に 活動する。,https://raw.githubusercontent.com/PokeAPI/sprites/master/sprites/pokemon/353.png,https://raw.githubusercontent.com/PokeAPI/sprites/master/sprites/pokemon/other/official-artwork/353.png
354,ジュペッタ,,banette,ぬいぐるみポケモン,3,ghost,,1.1,12.5,64,115,65,83,63,65,455,0,0,捨てられた ぬいぐるみに おんねんが 宿り ポケモンになった。自分を 捨てた 子供を 捜している。,https://raw.githubusercontent.com/PokeAPI/sprites/master/sprites/pokemon/354.png,https://raw.githubusercontent.com/PokeAPI/sprites/master/sprites/pokemon/other/official-artwork/354.png
355,ヨマワル,,duskull,おむかえポケモン,3,ghost,,0.8,15.0,20,40,90,30,90,25,295,0,0,どこまでも 獲物を 追い続ける。 執念深い 性格だが 朝日が 昇ると あきらめる。,https://raw.githubusercontent.com/PokeAPI/sprites/master/sprites/pokemon/355.png,https://raw.githubusercontent.com/PokeAPI/sprites/master/sprites/pokemon/other/official-artwork/355.png
356,サマヨール,,dusclops,てまねきポケモン,3,ghost,,1.6,30.6,40,70,130,60,130,25,455,0,0,体の 中で 燃えている 人魂を のぞきこむと 魂を 吸い取られてしまう。,https://raw.githubusercontent.com/PokeAPI/sprites/master/sprites/pokemon/356.png,https://raw.githubusercontent.com/PokeAPI/sprites/master/sprites/pokemon/other/official-artwork/356.png
357,トロピウス,,tropius,フルーツポケモン,3,grass,flying,2.0,100.0,99,68,83,72,87,51,460,0,0,大きな 葉っぱで 空を飛んで 子供たちに 大人気の 首に できる 甘い くだものを 配る。,https://raw.githubusercontent.com/PokeAPI/sprites/master/sprites/pokemon/357.png,https://raw.githubusercontent.com/PokeAPI/sprites/master/sprites/pokemon/other/official-artwork/357.png
358,チリーン,,chimecho,ふうりんポケモン,3,psychic,,0.6,1.0,75,50,80,95,90,65,455,0,0,頭の 吸盤で 木の 枝や 家の 軒下に ぶら下がる。 ７種類 音色を 使い分ける。,https://raw.githubusercontent.com/PokeAPI/sprites/master/sprites/pokemon/358.png,https://raw.githubusercontent.com/PokeAPI/sprites/master/sprites/pokemon/other/official-artwork/358.png
359,アブソル,,absol,わざわいポケモン,3,dark,,1.2,47.0,65,130,60,75,60,75,465,0,0,災害を 予感する。 危険を 知らせる ときだけ 人前に 現れるという。,https://raw.githubusercontent.com/PokeAPI/sprites/master/sprites/pokemon/359.png,https://raw.githubusercontent.com/PokeAPI/sprites/master/sprites/pokemon/other/official-artwork/359.png
360,ソーナノ,,wynaut,ほがらかポケモン,3,psychic,,0.6,14.0,95,23,48,23,48,23,260,0,0,群れで 行動する 習性。 眠る ときは 洞窟の 中で 仲間たちと 体を 寄せ合う。,https://raw.githubusercontent.com/PokeAPI/sprites/master/sprites/pokemon/360.png,https://raw.githubusercontent.com/PokeAPI/sprites/master/sprites/pokemon/other/official-artwork/360.png
361,ユキワラシ,,snorunt,ゆきかさポケモン,3,ice,,0.7,16.8,50,50,50,50,50,50,300,0,0,大きな 葉っぱの 下に 数匹の ユキワラシが 集まり 仲良く 暮らしているという。,https://raw.githubusercontent.com/PokeAPI/sprites/master/sprites/pokemon/361.png,https://raw.githubusercontent.com/PokeAPI/sprites/master/sprites/pokemon/other/official-artwork/361.png
362,オニゴーリ,,glalie,がんめんポケモン,3,ice,,1.5,256.5,80,80,80,80,80,80,480,0,0,空気中の 水分を 凍らせ 氷の 装甲で 体を 包みこみ 身を 守っている。,https://raw.githubusercontent.com/PokeAPI/sprites/master/sprites/pokemon/362.png,https://raw.githubusercontent.com/PokeAPI/sprites/master/sprites/pokemon/other/official-artwork/362.png
363,タマザラシ,,spheal,てたたきポケモン,3,ice,water,0.8,39.5,70,40,50,55,50,25,290,0,0,まだ 上手に 泳げず 転がったほうが 速く 動ける。 うれしいと みんなで 手をたたく。,https://raw.githubusercontent.com/PokeAPI/sprites/master/sprites/pokemon/363.png,https://raw.githubusercontent.com/PokeAPI/sprites/master/sprites/pokemon/other/official-artwork/363.png
364,トドグラー,,sealeo,たままわしポケモン,3,ice,water,1.1,87.6,90,60,70,75,70,45,410,0,0,鼻の 神経が 敏感。 はじめて 目に する 物は 鼻で 触って 覚えるのだ。,https://raw.githubusercontent.com/PokeAPI/sprites/master/sprites/pokemon/364.png,https://raw.githubusercontent.com/PokeAPI/sprites/master/sprites/pokemon/other/official-artwork/364.png
365,トドゼルガ,,walrein,こおりわりポケモン,3,ice,water,1.4,150.6,110,80,90,95,90,65,530,0,0,大きな 氷を キバで 砕く。 厚い 脂肪は 寒さだけでなく 敵の 攻撃も はね返す。,https://raw.githubusercontent.com/PokeAPI/sprites/master/sprites/pokemon/365.png,https://raw.githubusercontent.com/PokeAPI/sprites/master/sprites/pokemon/other/official-artwork/365.png
366,パールル,,clamperl,２まいがいポケモン,3,water,,0.4,52.5,35,64,85,74,55,32,345,0,0,一生に １回 進化の とき サイコパワーを 増幅する 不思議な 真珠を 作るのだ。,https://raw.githubusercontent.com/PokeAPI/sprites/master/sprites/pokemon/366.png,https://raw.githubusercontent.com/PokeAPI/sprites/master/sprites/pokemon/other/official-artwork/366.png
367,ハンテール,,huntail,しんかいポケモン,3,water,,1.7,27.0,55,104,105,94,75,52,485,0,0,光の 届かない 深海に 生息。 小魚に 似た 尻尾を 光らせて 獲物を 誘い出す。,https://raw.githubusercontent.com/PokeAPI/sprites/master/sprites/pokemon/367.png,https://raw.githubusercontent.com/PokeAPI/sprites/master/sprites/pokemon/other/official-artwork/367.png
368,サクラビス,,gorebyss,なんかいポケモン,3,water,,1.8,22.6,55,84,105,114,75,52,485,0,0,海の 底で 暮らしているが 春になると 体の ピンク色が なぜか 鮮やかに 色づく。,https://raw.githubusercontent.com/PokeAPI/sprites/master/sprites/pokemon/368.png,https://raw.githubusercontent.com/PokeAPI/sprites/master/sprites/pokemon/other/official-artwork/368.png
369,ジーランス,,relicanth,ちょうじゅポケモン,3,water,rock,1.0,23.4,100,90,130,45,65,55,485,0,0,１億年前から 姿が 変わらない ポケモン。 深海を 調査中に 発見された。,https://raw.githubusercontent.com/PokeAPI/sprites/master/sprites/pokemon/369.png,https://raw.githubusercontent.com/PokeAPI/sprites/master/sprites/pokemon/other/official-artwork/369.png
370,ラブカス,,luvdisc,ランデブーポケモン,3,water,,0.6,8.7,43,30,55,40,65,97,330,0,0,暖かい 海に 生息する。 ラブカスを 見つけた カップルは 永遠の 愛が 続くという。,https://raw.githubusercontent.com/PokeAPI/sprites/master/sprites/pokemon/370.png,https://raw.githubusercontent.com/PokeAPI/sprites/master/sprites/pokemon/other/official-artwork/370.png
371,タツベイ,,bagon,いしあたまポケモン,3,dragon,,0.6,42.1,45,75,60,40,30,50,300,0,0,鍛えられた 首の 筋肉と 鉄の ように 硬い 頭で 大岩を コナゴナに 砕く。,https://raw.githubusercontent.com/PokeAPI/sprites/master/sprites/pokemon/371.png,https://raw.githubusercontent.com/PokeAPI/sprites/master/sprites/pokemon/other/official-artwork/371.png
372,コモルー,,shelgon,にんたいポケモン,3,dragon,,1.1,110.5,65,95,100,60,50,50,420,0,0,硬い 殻の 中では 細胞が 変化を はじめている。進化する 瞬間に 殻が はがれ落ちる。,https://raw.githubusercontent.com/PokeAPI/sprites/master/sprites/pokemon/372.png,https://raw.githubusercontent.com/PokeAPI/sprites/master/sprites/pokemon/other/official-artwork/372.png
373,ボーマンダ,,salamence,ドラゴンポケモン,3,dragon,flying,1.5,102.6,95,135,80,110,80,100,600,0,0,怒らせると 手が つけられない。 すべての ものを ツメで 切り裂き 炎で 燃やして 破壊する。,https://raw.githubusercontent.com/PokeAPI/sprites/master/sprites/pokemon/373.png,https://raw.githubusercontent.com/PokeAPI/sprites/master/sprites/pokemon/other/official-artwork/373.png
374,ダンバル,,beldum,てっきゅうポケモン,3,steel,psychic,0.6,95.2,40,55,80,35,60,30,300,0,0,体から 出ている 磁力と 地上の 磁力を 反発させて 空に 浮かぶのだ。,https://raw.githubusercontent.com/PokeAPI/sprites/master/sprites/pokemon/374.png,https://raw.githubusercontent.com/PokeAPI/sprites/master/sprites/pokemon/other/official-artwork/374.png
375,メタング,,metang,てつツメポケモン,3,steel,psychic,1.2,202.5,60,75,100,55,80,50,420,0,0,２匹の ダンバルが 合体した。 鋼の ボディは ジェット機と 衝突しても 傷つかない。,https://raw.githubusercontent.com/PokeAPI/sprites/master/sprites/pokemon/375.png,https://raw.githubusercontent.com/PokeAPI/sprites/master/sprites/pokemon/other/official-artwork/375.png
376,メタグロス,,metagross,てつあしポケモン,3,steel,psychic,1.6,550.0,80,135,130,95,90,70,600,0,0,４つの 脳みそが 連なり スーパーコンピュータより すごい 計算で 相手を 分析する。,https://raw.githubusercontent.com/PokeAPI/sprites/master/sprites/pokemon/376.png,https://raw.githubusercontent.com/PokeAPI/sprites/master/sprites/pokemon/other/official-artwork/376.png
377,レジロック,,regirock,いわやまポケモン,3,rock,,1.7,230.0,80,100,200,50,100,50,580,1,0,全身が 岩で できている。 戦いで 体が 欠けても 岩を くっつけて 治してしまう。,https://raw.githubusercontent.com/PokeAPI/sprites/master/sprites/pokemon/377.png,https://raw.githubusercontent.com/PokeAPI/sprites/master/sprites/pokemon/other/official-artwork/377.png
378,レジアイス,,regice,ひょうざんポケモン,3,ice,,1.8,175.0,80,50,100,100,200,50,580,1,0,氷河の 中で 数千年 眠っていたと 言われている。 マグマでも 体は 溶けない。,https://raw.githubusercontent.com/PokeAPI/sprites/master/sprites/pokemon/378.png,https://raw.githubusercontent.com/PokeAPI/sprites/master/sprites/pokemon/other/official-artwork/378.png
379,レジスチル,,registeel,くろがねポケモン,3,steel,,1.9,205.0,80,75,150,75,150,50,580,1,0,何万年も 地下の 圧力で 鍛えられた 金属の ボディは 傷ひとつ つかない。,https://raw.githubusercontent.com/PokeAPI/sprites/master/sprites/pokemon/379.png,https://raw.githubusercontent.com/PokeAPI/sprites/master/sprites/pokemon/other/official-artwork/379.png
380,ラティアス,,latias,むげんポケモン,3,dragon,psychic,1.4,40.0,80,80,90,110,130,110,600,1,0,テレパシーで 気持ちを 通わせる。 光を 屈折させる 羽毛で 体を 包み 姿を 消す。,https://raw.githubusercontent.com/PokeAPI/sprites/master/sprites/pokemon/380.png,https://raw.githubusercontent.com/PokeAPI/sprites/master/sprites/pokemon/other/official-artwork/380.png
381,ラティオス,,latios,むげんポケモン,3,dragon,psychic,2.0,60.0,80,90,80,130,110,110,600,1,0,高い 知能を 持つ ポケモン。 腕を 折りたたんで 飛べば ジェット機を 追い越す スピードだ。,https://raw.githubusercontent.com/PokeAPI/sprites/master/sprites/pokemon/381.png,https://raw.githubusercontent.com/PokeAPI/sprites/master/sprites/pokemon/other/official-artwork/381.png
382,カイオーガ,,kyogre,かいていポケモン,3,water,,4.5,352.0,100,100,90,150,140,90,670,1,0,大雨と 大津波で 海を 広げた 神話の ポケモン。 グラードンと 激しく 戦った。,https://raw.githubusercontent.com/PokeAPI/sprites/master/sprites/pokemon/382.png,https://raw.githubusercontent.com/PokeAPI/sprites/master/sprites/pokemon/other/official-artwork/382.png
383,グラードン,,groudon,たいりくポケモン,3,ground,,3.5,950.0,100,150,140,100,90,90,670,1,0,高熱で 水を 蒸発させて 大地を 広げたと 言われている。 カイオーガと 激しく 戦った。,https://raw.githubusercontent.com/PokeAPI/sprites/master/sprites/pokemon/383.png,https://raw.githubusercontent.com/PokeAPI/sprites/master/sprites/pokemon/other/official-artwork/383.png
384,レックウザ,,rayquaza,てんくうポケモン,3,dragon,flying,7.0,206.5,105,150,90,150,90,95,680,1,0,雲より はるか上の オゾン層に 生息しているため 地上から 姿を 見ることは できない。,https://raw.githubusercontent.com/PokeAPI/sprites/master/sprites/pokemon/384.png,https://raw.githubusercontent.com/PokeAPI/sprites/master/sprites/pokemon/other/official-artwork/384.png
385,ジラーチ,,jirachi,ねがいごとポケモン,3,steel,psychic,0.3,1.1,100,100,100,100,100,100,600,0,1,目覚めた とき 頭の 短冊に 書かれた 願い事を かなえると 大昔から 語り継がれてきた。,https://raw.githubusercontent.com/PokeAPI/sprites/master/sprites/pokemon/385.png,https://raw.githubusercontent.com/PokeAPI/sprites/master/sprites/pokemon/other/official-artwork/385.png
386,デオキシス,,deoxys-normal,ＤＮＡポケモン,3,psychic,,1.7,60.8,50,150,50,150,50,150,600,0,1,隕石に 付着していた 宇宙ウイルスの ＤＮＡが 変異して 生まれた ポケモン。,https://raw.githubusercontent.com/PokeAPI/sprites/master/sprites/pokemon/386.png,https://raw.githubusercontent.com/PokeAPI/sprites/master/sprites/pokemon/other/official-artwork/386.png
387,ナエトル,,turtwig,わかばポケモン,4,grass,,0.4,10.2,55,68,64,45,55,31,318,0,0,太陽の 光を 浴びて 全身で 光合成を する。 甲羅は 土が 硬くなったもの。,https://raw.githubusercontent.com/PokeAPI/sprites/master/sprites/pokemon/387.png,https://raw.githubusercontent.com/PokeAPI/sprites/master/sprites/pokemon/other/official-artwork/387.png
388,ハヤシガメ,,grotle,こだちポケモン,4,grass,,1.1,97.0,75,89,85,55,65,36,405,0,0,森の 中の 水辺で 暮らす。 昼間は 森の 外に 出て 甲羅の 木に 光を 当てる。,https://raw.githubusercontent.com/PokeAPI/sprites/master/sprites/pokemon/388.png,https://raw.githubusercontent.com/PokeAPI/sprites/master/sprites/pokemon/other/official-artwork/388.png
389,ドダイトス,,torterra,たいりくポケモン,4,grass,ground,2.2,310.0,95,109,105,75,85,56,525,0,0,大昔の 人々は 大地の 下には 巨大な ドダイトスが いると 空想していた。,https://raw.githubusercontent.com/PokeAPI/sprites/master/sprites/pokemon/389.png,https://raw.githubusercontent.com/PokeAPI/sprites/master/sprites/pokemon/other/official-artwork/389.png
390,ヒコザル,,chimchar,こざるポケモン,4,fire,,0.5,6.2,44,58,44,58,44,61,309,0,0,お尻の 炎は お腹で 作られた ガスが 燃料。 雨に ぬれても 消えない。,https://raw.githubusercontent.com/PokeAPI/sprites/master/sprites/pokemon/390.png,https://raw.githubusercontent.com/PokeAPI/sprites/master/sprites/pokemon/other/official-artwork/390.png
391,モウカザル,,monferno,やんちゃポケモン,4,fire,fighting,0.9,22.0,64,78,52,78,52,81,405,0,0,尻尾の 炎の 勢いを うまく コントロールして 自分の 得意な 間合いで 戦うのだ。,https://raw.githubusercontent.com/PokeAPI/sprites/master/sprites/pokemon/391.png,https://raw.githubusercontent.com/PokeAPI/sprites/master/sprites/pokemon/other/official-artwork/391.png
392,ゴウカザル,,infernape,かえんポケモン,4,fire,fighting,1.2,55.0,76,104,71,104,71,108,534,0,0,頭で 燃える 炎の ように 激しい 性格の ポケモン。 素早さでは だれにも 負けない。,https://raw.githubusercontent.com/PokeAPI/sprites/master/sprites/pokemon/392.png,https://raw.githubusercontent.com/PokeAPI/sprites/master/sprites/pokemon/other/official-artwork/392.png
393,ポッチャマ,,piplup,ペンギンポケモン,4,water,,0.4,5.2,53,51,53,61,56,40,314,0,0,世話を 焼かれる ことが 大嫌い。 トレーナーの 指示を 聞かないので 仲良く なるのが 難しい。,https://raw.githubusercontent.com/PokeAPI/sprites/master/sprites/pokemon/393.png,https://raw.githubusercontent.com/PokeAPI/sprites/master/sprites/pokemon/other/official-artwork/393.png
394,ポッタイシ,,prinplup,ペンギンポケモン,4,water,,0.8,23.0,64,66,68,81,76,50,405,0,0,群れを 作らずに １匹で いる。 自分が 一番 偉いと どの ポッタイシも 考えているようだ。,https://raw.githubusercontent.com/PokeAPI/sprites/master/sprites/pokemon/394.png,https://raw.githubusercontent.com/PokeAPI/sprites/master/sprites/pokemon/other/official-artwork/394.png
395,エンペルト,,empoleon,こうていポケモン,4,water,steel,1.7,84.5,84,86,88,111,101,60,530,0,0,ジェットスキーに 負けない 速度で 泳ぐ。翼の 縁は 鋭く 流氷を 切断する。,https://raw.githubusercontent.com/PokeAPI/sprites/master/sprites/pokemon/395.png,https://raw.githubusercontent.com/PokeAPI/sprites/master/sprites/pokemon/other/official-artwork/395.png
396,ムックル,,starly,むくどりポケモン,4,normal,flying,0.3,2.0,40,55,30,30,30,60,245,0,0,たくさんの 群れで 行動する。 体は 小さいが 羽ばたく 力は 非常に 強い。,https://raw.githubusercontent.com/PokeAPI/sprites/master/sprites/pokemon/396.png,https://raw.githubusercontent.com/PokeAPI/sprites/master/sprites/pokemon/other/official-artwork/396.png
397,ムクバード,,staravia,むくどりポケモン,4,normal,flying,0.6,15.5,55,75,50,40,40,80,340,0,0,大きな グループを 作って 行動する 習性。 グループ同士の 争いは 激しい。,https://raw.githubusercontent.com/PokeAPI/sprites/master/sprites/pokemon/397.png,https://raw.githubusercontent.com/PokeAPI/sprites/master/sprites/pokemon/other/official-artwork/397.png
398,ムクホーク,,staraptor,もうきんポケモン,4,normal,flying,1.2,24.9,85,120,70,50,60,100,485,0,0,翼と 脚の 筋肉が 強く 小さな ポケモンを つかんだまま らくらくと 飛ぶことが できる。,https://raw.githubusercontent.com/PokeAPI/sprites/master/sprites/pokemon/398.png,https://raw.githubusercontent.com/PokeAPI/sprites/master/sprites/pokemon/other/official-artwork/398.png
399,ビッパ,,bidoof,まるねずみポケモン,4,normal,,0.5,20.0,59,45,40,35,40,31,250,0,0,なにごとにも 動じない 図太い 神経の 持ち主。 見かけの 割には 機敏に 活動する。,https://raw.githubusercontent.com/PokeAPI/sprites/master/sprites/pokemon/399.png,https://raw.githubusercontent.com/PokeAPI/sprites/master/sprites/pokemon/other/official-artwork/399.png
400,ビーダル,,bibarel,ビーバーポケモン,4,normal,water,1.0,31.5,79,85,60,55,60,71,410,0,0,鋭い 前歯で 削り取った 木の枝や 根っこを 積み上げて 水辺に せっせと 巣を 作る。,https://raw.githubusercontent.com/PokeAPI/sprites/master/sprites/pokemon/400.png,https://raw.githubusercontent.com/PokeAPI/sprites/master/sprites/pokemon/other/official-artwork/400.png
401,コロボーシ,,kricketot,こおろぎポケモン,4,bug,,0.3,2.2,37,25,41,25,41,25,194,0,0,触覚を ぶつけ合って 鳴らす 音で 仲間と 会話をする。 音色は 秋の 夜の 風物詩。,https://raw.githubusercontent.com/PokeAPI/sprites/master/sprites/pokemon/401.png,https://raw.githubusercontent.com/PokeAPI/sprites/master/sprites/pokemon/other/official-artwork/401.png
402,コロトック,,kricketune,こおろぎポケモン,4,bug,,1.0,25.5,77,85,51,55,51,65,384,0,0,鳴くときは ナイフのような 腕を 胸の 前で 交差させる。 即興で メロディを 作る。,https://raw.githubusercontent.com/PokeAPI/sprites/master/sprites/pokemon/402.png,https://raw.githubusercontent.com/PokeAPI/sprites/master/sprites/pokemon/other/official-artwork/402.png
403,コリンク,,shinx,せんこうポケモン,4,electric,,0.5,9.5,45,65,34,40,34,45,263,0,0,体を 動かすたびに 筋肉が 伸び縮みして 電気が 生まれる。 ピンチになると 体が 輝く。,https://raw.githubusercontent.com/PokeAPI/sprites/master/sprites/pokemon/403.png,https://raw.githubusercontent.com/PokeAPI/sprites/master/sprites/pokemon/other/official-artwork/403.png
404,ルクシオ,,luxio,でんこうポケモン,4,electric,,0.9,30.5,60,85,49,60,49,60,363,0,0,１発で 気絶させるほどの 電流を ツメから 流す。 数匹の グループで 暮らす。,https://raw.githubusercontent.com/PokeAPI/sprites/master/sprites/pokemon/404.png,https://raw.githubusercontent.com/PokeAPI/sprites/master/sprites/pokemon/other/official-artwork/404.png
405,レントラー,,luxray,がんこうポケモン,4,electric,,1.4,42.0,80,120,79,95,79,70,523,0,0,瞳が 金色に 光るとき 壁の 向こうに 隠れている 獲物を 見つけることが できる。,https://raw.githubusercontent.com/PokeAPI/sprites/master/sprites/pokemon/405.png,https://raw.githubusercontent.com/PokeAPI/sprites/master/sprites/pokemon/other/official-artwork/405.png
406,スボミー,,budew,つぼみポケモン,4,grass,poison,0.2,1.2,40,30,35,50,70,55,280,0,0,暖かい 日差しを 浴びると つぼみが 開き 花粉を 飛ばす。 きれいな 水の 近くが 住処。,https://raw.githubusercontent.com/PokeAPI/sprites/master/sprites/pokemon/406.png,https://raw.githubusercontent.com/PokeAPI/sprites/master/sprites/pokemon/other/official-artwork/406.png
407,ロズレイド,,roserade,ブーケポケモン,4,grass,poison,0.9,14.5,60,70,65,125,105,90,515,0,0,甘い 香りで 獲物を 誘い 両腕の 毒のムチを 使って 刺したり 締めたりして しとめる。,https://raw.githubusercontent.com/PokeAPI/sprites/master/sprites/pokemon/407.png,https://raw.githubusercontent.com/PokeAPI/sprites/master/sprites/pokemon/other/official-artwork/407.png
408,ズガイドス,,cranidos,ずつきポケモン,4,rock,,0.9,31.5,67,125,40,30,30,58,350,0,0,鉄球の ような 化石から 復活した 古代の ポケモン。 頭突きで 獲物を しとめた。,https://raw.githubusercontent.com/PokeAPI/sprites/master/sprites/pokemon/408.png,https://raw.githubusercontent.com/PokeAPI/sprites/master/sprites/pokemon/other/official-artwork/408.png
409,ラムパルド,,rampardos,ずつきポケモン,4,rock,,1.6,102.5,97,165,60,65,50,58,495,0,0,どんな 衝撃にも 耐えられる 分厚い 頭蓋骨に 押さえられて 脳みそは 大きく ならなかった。,https://raw.githubusercontent.com/PokeAPI/sprites/master/sprites/pokemon/409.png,https://raw.githubusercontent.com/PokeAPI/sprites/master/sprites/pokemon/other/official-artwork/409.png
410,タテトプス,,shieldon,シールドポケモン,4,rock,steel,0.5,57.0,30,42,118,42,88,30,350,0,0,大木の 幹に こすりつけて 硬い 顔を 磨く 習性。 後ろからの 攻撃に 弱い。,https://raw.githubusercontent.com/PokeAPI/sprites/master/sprites/pokemon/410.png,https://raw.githubusercontent.com/PokeAPI/sprites/master/sprites/pokemon/other/official-artwork/410.png
411,トリデプス,,bastiodon,シールドポケモン,4,rock,steel,1.3,149.5,60,52,168,47,138,30,495,0,0,横一列に 並ぶと どんな ポケモンでも 突破 できない。 そうやって 子供を 守っていた。,https://raw.githubusercontent.com/PokeAPI/sprites/master/sprites/pokemon/411.png,https://raw.githubusercontent.com/PokeAPI/sprites/master/sprites/pokemon/other/official-artwork/411.png
412,ミノムッチ,,burmy,みのむしポケモン,4,bug,,0.2,3.4,40,29,45,29,45,36,224,0,0,冷たい 木枯らしを 防ぐため 小枝や 落ち葉を 材料に ミノを 作り 体を 覆う。,https://raw.githubusercontent.com/PokeAPI/sprites/master/sprites/pokemon/412.png,https://raw.githubusercontent.com/PokeAPI/sprites/master/sprites/pokemon/other/official-artwork/412.png
413,ミノマダム,,wormadam-plant,みのむしポケモン,4,bug,grass,0.5,6.5,60,59,85,79,105,36,424,0,0,進化した 場所によって 姿が 変わる。身近にある 材料が 体の 一部に なるのだ。,https://raw.githubusercontent.com/PokeAPI/sprites/master/sprites/pokemon/413.png,https://raw.githubusercontent.com/PokeAPI/sprites/master/sprites/pokemon/other/official-artwork/413.png
414,ガーメイル,,mothim,ミノガポケモン,4,bug,flying,0.9,23.3,70,94,50,94,50,66,424,0,0,花の ミツが 大好き。 ミツハニーの 集めた ミツを 横取りして 食べてしまう。,https://raw.githubusercontent.com/PokeAPI/sprites/master/sprites/pokemon/414.png,https://raw.githubusercontent.com/PokeAPI/sprites/master/sprites/pokemon/other/official-artwork/414.png
415,ミツハニー,,combee,はちのこポケモン,4,bug,flying,0.3,5.5,30,30,42,30,42,70,244,0,0,生まれたときから ３匹 一緒。 ビークインに 喜んでもらうため いつも 花のミツを 集めている。,https://raw.githubusercontent.com/PokeAPI/sprites/master/sprites/pokemon/415.png,https://raw.githubusercontent.com/PokeAPI/sprites/master/sprites/pokemon/other/official-artwork/415.png
416,ビークイン,,vespiquen,はちのすポケモン,4,bug,flying,1.2,38.5,70,80,102,80,102,40,474,0,0,胴体は 子供たちの 巣穴。 いろんな フェロモンを だして 子供たちを 自由に 操る。,https://raw.githubusercontent.com/PokeAPI/sprites/master/sprites/pokemon/416.png,https://raw.githubusercontent.com/PokeAPI/sprites/master/sprites/pokemon/other/official-artwork/416.png
417,パチリス,,pachirisu,でんきりすポケモン,4,electric,,0.4,3.9,60,45,70,45,90,95,405,0,0,静電気が たまって パチパチする 毛玉を 大好物の 木の実と 一緒に 幹の 穴に 隠す。,https://raw.githubusercontent.com/PokeAPI/sprites/master/sprites/pokemon/417.png,https://raw.githubusercontent.com/PokeAPI/sprites/master/sprites/pokemon/other/official-artwork/417.png
418,ブイゼル,,buizel,うみイタチポケモン,4,water,,0.7,29.5,55,65,35,60,30,85,330,0,0,２本の 尻尾を スクリューの ように 回して 泳ぐ。 潜る ときは 浮き袋が しぼむ。,https://raw.githubusercontent.com/PokeAPI/sprites/master/sprites/pokemon/418.png,https://raw.githubusercontent.com/PokeAPI/sprites/master/sprites/pokemon/other/official-artwork/418.png
419,フローゼル,,floatzel,うみイタチポケモン,4,water,,1.1,33.5,85,105,55,85,50,115,495,0,0,発達した 浮き袋で 浮かぶ。 おぼれた 人を 救助する 手伝いを している ポケモンだ。,https://raw.githubusercontent.com/PokeAPI/sprites/master/sprites/pokemon/419.png,https://raw.githubusercontent.com/PokeAPI/sprites/master/sprites/pokemon/other/official-artwork/419.png
420,チェリンボ,,cherubi,さくらんぼポケモン,4,grass,,0.4,3.3,45,35,45,62,53,35,275,0,0,日の光で 赤く 色づく。 栄養分が 吸われて 小さい 玉が しぼむと 進化が 近い。,https://raw.githubusercontent.com/PokeAPI/sprites/master/sprites/pokemon/420.png,https://raw.githubusercontent.com/PokeAPI/sprites/master/sprites/pokemon/other/official-artwork/420.png
421,チェリム,,cherrim,サクラポケモン,4,grass,,0.5,9.3,70,60,70,87,78,85,450,0,0,つぼみが 太陽の 光を 浴びて 花びらを 広げると 活発に 動くように なる。,https://raw.githubusercontent.com/PokeAPI/sprites/master/sprites/pokemon/421.png,https://raw.githubusercontent.com/PokeAPI/sprites/master/sprites/pokemon/other/official-artwork/421.png
422,カラナクシ,,shellos,ウミウシポケモン,4,water,,0.3,6.3,76,48,48,57,62,34,325,0,0,やわらかい 体を 強く押すと 紫色の ナゾの 液体が にじみ出るので 要注意。,https://raw.githubusercontent.com/PokeAPI/sprites/master/sprites/pokemon/422.png,https://raw.githubusercontent.com/PokeAPI/sprites/master/sprites/pokemon/other/official-artwork/422.png
423,トリトドン,,gastrodon,ウミウシポケモン,4,water,ground,0.9,29.9,111,83,68,92,82,39,475,0,0,天敵に 襲われたときは 紫色の 液体を 体から 出して 逃げる。,https://raw.githubusercontent.com/PokeAPI/sprites/master/sprites/pokemon/423.png,https://raw.githubusercontent.com/PokeAPI/sprites/master/sprites/pokemon/other/official-artwork/423.png
424,エテボース,,ambipom,おながポケモン,4,normal,,1.2,20.3,75,100,66,60,66,115,482,0,0,大勢の 群れで 行動する。 尻尾を つなぎ合わせて 輪っかを 作る。友情の 印らしい。,https://raw.githubusercontent.com/PokeAPI/sprites/master/sprites/pokemon/424.png,https://raw.githubusercontent.com/PokeAPI/sprites/master/sprites/pokemon/other/official-artwork/424.png
425,フワンテ,,drifloon,ふうせんポケモン,4,ghost,flying,0.4,1.2,90,50,34,60,44,70,348,0,0,人や ポケモンの 魂が 固まって 生まれた ポケモン。 ジメジメした 季節が 大好き。,https://raw.githubusercontent.com/PokeAPI/sprites/master/sprites/pokemon/425.png,https://raw.githubusercontent.com/PokeAPI/sprites/master/sprites/pokemon/other/official-artwork/425.png
426,フワライド,,drifblim,ききゅうポケモン,4,ghost,flying,1.2,15.0,150,80,44,90,54,80,498,0,0,人や ポケモンを 乗せて 飛ぶが 風に 流されているだけなので どこへ 飛んでいくか わからない。,https://raw.githubusercontent.com/PokeAPI/sprites/master/sprites/pokemon/426.png,https://raw.githubusercontent.com/PokeAPI/sprites/master/sprites/pokemon/other/official-artwork/426.png
427,ミミロル,,buneary,うさぎポケモン,4,normal,,0.4,5.5,55,66,44,44,56,85,350,0,0,いつも まるめている 耳を 勢いよく 伸ばすと 大きな 岩も 簡単に 壊せる。,https://raw.githubusercontent.com/PokeAPI/sprites/master/sprites/pokemon/427.png,https://raw.githubusercontent.com/PokeAPI/sprites/master/sprites/pokemon/other/official-artwork/427.png
428,ミミロップ,,lopunny,うさぎポケモン,4,normal,,1.2,33.3,65,76,84,54,96,105,480,0,0,警戒心が とても 強い。 危険を 感じると 軽やかに 飛び跳ねて 走り去ってしまう。,https://raw.githubusercontent.com/PokeAPI/sprites/master/sprites/pokemon/428.png,https://raw.githubusercontent.com/PokeAPI/sprites/master/sprites/pokemon/other/official-artwork/428.png
429,ムウマージ,,mismagius,マジカルポケモン,4,ghost,,0.9,4.4,60,60,60,105,105,105,495,0,0,じゅもんを 唱える ポケモン。 相手を 苦しめるもの だけでなく 幸せにする じゅもんも ある。,https://raw.githubusercontent.com/PokeAPI/sprites/master/sprites/pokemon/429.png,https://raw.githubusercontent.com/PokeAPI/sprites/master/sprites/pokemon/other/official-artwork/429.png
430,ドンカラス,,honchkrow,おおボスポケモン,4,dark,flying,0.9,27.3,100,125,52,105,52,71,505,0,0,ドンカラスが 低い声で 鳴くと すぐさま ヤミカラスが 集まるため 夜を招くもの とも 言われる。,https://raw.githubusercontent.com/PokeAPI/sprites/master/sprites/pokemon/430.png,https://raw.githubusercontent.com/PokeAPI/sprites/master/sprites/pokemon/other/official-artwork/430.png
431,ニャルマー,,glameow,ねこかぶりポケモン,4,normal,,0.5,3.9,49,55,42,42,37,85,310,0,0,気に入らないと ツメを 立てるが たまに のどを 鳴らして 甘える 性格が 一部に 大人気だ。,https://raw.githubusercontent.com/PokeAPI/sprites/master/sprites/pokemon/431.png,https://raw.githubusercontent.com/PokeAPI/sprites/master/sprites/pokemon/other/official-artwork/431.png
432,ブニャット,,purugly,とらねこポケモン,4,normal,,1.0,43.8,71,82,64,64,59,112,452,0,0,ほかの ポケモンの 住処でも 居心地が 良ければ 居座って 自分の 住処に してしまう。,https://raw.githubusercontent.com/PokeAPI/sprites/master/sprites/pokemon/432.png,https://raw.githubusercontent.com/PokeAPI/sprites/master/sprites/pokemon/other/official-artwork/432.png
433,リーシャン,,chingling,すずポケモン,4,psychic,,0.2,0.6,45,30,50,65,50,45,285,0,0,跳ねるたびに リリンと 音を 出す。 高い 周波数の 鳴き声で 相手の 耳を 聞こえなくする。,https://raw.githubusercontent.com/PokeAPI/sprites/master/sprites/pokemon/433.png,https://raw.githubusercontent.com/PokeAPI/sprites/master/sprites/pokemon/other/official-artwork/433.png
434,スカンプー,,stunky,スカンクポケモン,4,poison,dark,0.4,19.2,63,63,47,41,41,74,329,0,0,お尻から飛ばす くさい 汁の においは 半径２キロに 広がり まわりの ポケモンは いなくなる。,https://raw.githubusercontent.com/PokeAPI/sprites/master/sprites/pokemon/434.png,https://raw.githubusercontent.com/PokeAPI/sprites/master/sprites/pokemon/other/official-artwork/434.png
435,スカタンク,,skuntank,スカンクポケモン,4,poison,dark,1.0,38.0,103,93,67,71,61,84,479,0,0,尻尾の 先から ひどい においの 液体を 飛ばして 攻撃する。 飛距離は ５０メートル以上。,https://raw.githubusercontent.com/PokeAPI/sprites/master/sprites/pokemon/435.png,https://raw.githubusercontent.com/PokeAPI/sprites/master/sprites/pokemon/other/official-artwork/435.png
436,ドーミラー,,bronzor,せいどうポケモン,4,steel,psychic,0.5,60.5,57,24,86,24,86,23,300,0,0,ドーミラーの 背中の 模様には 神秘的な 力が 宿ると 昔の 人たちは 信じていた。,https://raw.githubusercontent.com/PokeAPI/sprites/master/sprites/pokemon/436.png,https://raw.githubusercontent.com/PokeAPI/sprites/master/sprites/pokemon/other/official-artwork/436.png
437,ドータクン,,bronzong,どうたくポケモン,4,steel,psychic,1.3,187.0,67,89,116,79,116,33,500,0,0,雨雲を 呼べる ポケモンとして 大昔から まつられていた。 ときどき 地面に 埋められている。,https://raw.githubusercontent.com/PokeAPI/sprites/master/sprites/pokemon/437.png,https://raw.githubusercontent.com/PokeAPI/sprites/master/sprites/pokemon/other/official-artwork/437.png
438,ウソハチ,,bonsly,ぼんさいポケモン,4,rock,,0.5,15.0,50,80,95,10,45,10,290,0,0,乾燥した 場所を 好む。 目から 水を 出して 体の 水分を 調節する。,https://raw.githubusercontent.com/PokeAPI/sprites/master/sprites/pokemon/438.png,https://raw.githubusercontent.com/PokeAPI/sprites/master/sprites/pokemon/other/official-artwork/438.png
439,マネネ,,mime-jr,マイムポケモン,4,psychic,fairy,0.6,13.0,20,25,45,70,90,60,310,0,0,相手の 動きを そっくりに 真似を して 戸惑わせている あいだに さっさと 逃げるのだ。,https://raw.githubusercontent.com/PokeAPI/sprites/master/sprites/pokemon/439.png,https://raw.githubusercontent.com/PokeAPI/sprites/master/sprites/pokemon/other/official-artwork/439.png
440,ピンプク,,happiny,ままごとポケモン,4,normal,,0.6,24.4,100,5,5,15,65,30,220,0,0,タマゴに 似た 真んまるい 石を お腹の 袋に 入れている。 好きな 相手に 石を 渡す。,https://raw.githubusercontent.com/PokeAPI/sprites/master/sprites/pokemon/440.png,https://raw.githubusercontent.com/PokeAPI/sprites/master/sprites/pokemon/other/official-artwork/440.png
441,ペラップ,,chatot,おんぷポケモン,4,normal,flying,0.5,1.9,76,65,45,92,42,91,411,0,0,相手と 同じ 鳴き声を 出す ことで 仲間と 思いこませて 襲われないように しているのだ。,https://raw.githubusercontent.com/PokeAPI/sprites/master/sprites/pokemon/441.png,https://raw.githubusercontent.com/PokeAPI/sprites/master/sprites/pokemon/other/official-artwork/441.png
442,ミカルゲ,,spiritomb,ふういんポケモン,4,ghost,dark,1.0,108.0,50,92,108,92,108,35,485,0,0,１０８個の 魂が 集まって 生まれた ポケモン。 要石の ひび割れに つながれている。,https://raw.githubusercontent.com/PokeAPI/sprites/master/sprites/pokemon/442.png,https://raw.githubusercontent.com/PokeAPI/sprites/master/sprites/pokemon/other/official-artwork/442.png
443,フカマル,,gible,りくザメポケモン,4,dragon,ground,0.7,20.5,58,70,45,40,45,42,300,0,0,地熱で 温められた 横穴で 暮らす。 敵が 近づくと 穴から 飛び出して 大口で かみつく。,https://raw.githubusercontent.com/PokeAPI/sprites/master/sprites/pokemon/443.png,https://raw.githubusercontent.com/PokeAPI/sprites/master/sprites/pokemon/other/official-artwork/443.png
444,ガバイト,,gabite,ほらあなポケモン,4,dragon,ground,1.4,56.0,68,90,65,50,55,82,410,0,0,光り輝く ものが 大好きで 洞窟の 中で 見つけた 宝を 自分の巣に ためこむ。,https://raw.githubusercontent.com/PokeAPI/sprites/master/sprites/pokemon/444.png,https://raw.githubusercontent.com/PokeAPI/sprites/master/sprites/pokemon/other/official-artwork/444.png
445,ガブリアス,,garchomp,マッハポケモン,4,dragon,ground,1.9,95.0,108,130,95,80,85,102,600,0,0,体を 折り畳み 翼を 伸ばすと まるで ジェット機。 音速で 飛ぶことが できる。,https://raw.githubusercontent.com/PokeAPI/sprites/master/sprites/pokemon/445.png,https://raw.githubusercontent.com/PokeAPI/sprites/master/sprites/pokemon/other/official-artwork/445.png
446,ゴンベ,,munchlax,おおぐいポケモン,4,normal,,0.6,105.0,135,85,40,40,85,5,390,0,0,長い 体の 毛の 下に 食べ物を 隠す 習性。 隠したことを 忘れてしまう。,https://raw.githubusercontent.com/PokeAPI/sprites/master/sprites/pokemon/446.png,https://raw.githubusercontent.com/PokeAPI/sprites/master/sprites/pokemon/other/official-artwork/446.png
447,リオル,,riolu,はもんポケモン,4,fighting,,0.7,20.2,40,70,40,35,40,60,285,0,0,感情で 形が 変わる 波動を だしあって 仲間同士 コミュニケーションを とっている。,https://raw.githubusercontent.com/PokeAPI/sprites/master/sprites/pokemon/447.png,https://raw.githubusercontent.com/PokeAPI/sprites/master/sprites/pokemon/other/official-artwork/447.png
448,ルカリオ,,lucario,はどうポケモン,4,fighting,steel,1.2,54.0,70,110,70,115,70,90,525,0,0,相手の 発する 波動を キャッチすることで 考えや 動きを 読み取ることが できる。,https://raw.githubusercontent.com/PokeAPI/sprites/master/sprites/pokemon/448.png,https://raw.githubusercontent.com/PokeAPI/sprites/master/sprites/pokemon/other/official-artwork/448.png
449,ヒポポタス,,hippopotas,カバポケモン,4,ground,,0.8,49.5,68,72,78,38,42,32,330,0,0,乾燥した 土地で 暮らす。 汗の かわりに 砂粒を 体から 分泌する ポケモン。,https://raw.githubusercontent.com/PokeAPI/sprites/master/sprites/pokemon/449.png,https://raw.githubusercontent.com/PokeAPI/sprites/master/sprites/pokemon/other/official-artwork/449.png
450,カバルドン,,hippowdon,じゅうりょうポケモン,4,ground,,2.0,300.0,108,112,118,68,72,47,525,0,0,大きく 口を 開けて 自分の 強さを アピール。 大量の 砂を 巻き上げて 攻撃する。,https://raw.githubusercontent.com/PokeAPI/sprites/master/sprites/pokemon/450.png,https://raw.githubusercontent.com/PokeAPI/sprites/master/sprites/pokemon/other/official-artwork/450.png
451,スコルピ,,skorupi,さそりポケモン,4,poison,bug,0.8,12.0,40,50,90,30,55,65,330,0,0,尻尾の ツメで 獲物を 挟み 毒を 送りこむ。毒が 効くまで 絶対に 放さない 執念。,https://raw.githubusercontent.com/PokeAPI/sprites/master/sprites/pokemon/451.png,https://raw.githubusercontent.com/PokeAPI/sprites/master/sprites/pokemon/other/official-artwork/451.png
452,ドラピオン,,drapion,ばけさそりポケモン,4,poison,dark,1.3,61.5,70,90,110,60,75,95,500,0,0,自慢の パワーで 相手を ばらばらに できるのに さらに 猛毒で とどめを 刺すのだ。,https://raw.githubusercontent.com/PokeAPI/sprites/master/sprites/pokemon/452.png,https://raw.githubusercontent.com/PokeAPI/sprites/master/sprites/pokemon/other/official-artwork/452.png
453,グレッグル,,croagunk,どくづきポケモン,4,poison,fighting,0.7,23.0,48,61,40,61,40,50,300,0,0,ほっぺたに 毒袋を 持つ。 相手の すきを ついて 猛毒を にじませている 指を 突き刺す。,https://raw.githubusercontent.com/PokeAPI/sprites/master/sprites/pokemon/453.png,https://raw.githubusercontent.com/PokeAPI/sprites/master/sprites/pokemon/other/official-artwork/453.png
454,ドクロッグ,,toxicroak,どくづきポケモン,4,poison,fighting,1.3,44.4,83,106,65,86,65,85,490,0,0,のど元に 毒袋を 持つ。 のどを 鳴らすと たまった 毒は 練りこまれ 強力になる。,https://raw.githubusercontent.com/PokeAPI/sprites/master/sprites/pokemon/454.png,https://raw.githubusercontent.com/PokeAPI/sprites/master/sprites/pokemon/other/official-artwork/454.png
455,マスキッパ,,carnivine,むしとりポケモン,4,grass,,1.4,27.0,74,100,72,90,72,46,454,0,0,甘い においの だえきで 獲物を おびき寄せ おおあごで がぶり。 １日 かけて 獲物を 食べる。,https://raw.githubusercontent.com/PokeAPI/sprites/master/sprites/pokemon/455.png,https://raw.githubusercontent.com/PokeAPI/sprites/master/sprites/pokemon/other/official-artwork/455.png
456,ケイコウオ,,finneon,はねうおポケモン,4,water,,0.4,7.0,49,49,56,49,61,66,330,0,0,体の 横側にある ラインは 太陽の光を ためておける。 夜になると 鮮やかに 輝く。,https://raw.githubusercontent.com/PokeAPI/sprites/master/sprites/pokemon/456.png,https://raw.githubusercontent.com/PokeAPI/sprites/master/sprites/pokemon/other/official-artwork/456.png
457,ネオラント,,lumineon,ネオンポケモン,4,water,,1.2,24.0,69,69,76,69,86,91,460,0,0,深い 海の 底で 暮らす。 ４枚の ヒレの 模様を 光らせて 獲物を おびき寄せる。,https://raw.githubusercontent.com/PokeAPI/sprites/master/sprites/pokemon/457.png,https://raw.githubusercontent.com/PokeAPI/sprites/master/sprites/pokemon/other/official-artwork/457.png
458,タマンタ,,mantyke,カイトポケモン,4,water,flying,1.0,65.0,45,20,50,60,120,50,345,0,0,背中の 模様は 地域によって 異なっている。テッポウオの 群れに 混ざって 泳ぐことが 多い。,https://raw.githubusercontent.com/PokeAPI/sprites/master/sprites/pokemon/458.png,https://raw.githubusercontent.com/PokeAPI/sprites/master/sprites/pokemon/other/official-artwork/458.png
459,ユキカブリ,,snover,じゅひょうポケモン,4,grass,ice,1.0,50.5,60,62,50,62,60,40,334,0,0,寒い 季節は 山の ふもとまで 降りてくるが 春に なると 雪が 残る 山頂に 戻っていく。,https://raw.githubusercontent.com/PokeAPI/sprites/master/sprites/pokemon/459.png,https://raw.githubusercontent.com/PokeAPI/sprites/master/sprites/pokemon/other/official-artwork/459.png
460,ユキノオー,,abomasnow,じゅひょうポケモン,4,grass,ice,2.2,135.5,90,92,75,92,85,60,494,0,0,ブリザードを 発生させて あたり 一面を 真っ白に してしまう。 別名 アイスモンスター。,https://raw.githubusercontent.com/PokeAPI/sprites/master/sprites/pokemon/460.png,https://raw.githubusercontent.com/PokeAPI/sprites/master/sprites/pokemon/other/official-artwork/460.png
461,マニューラ,,weavile,かぎづめポケモン,4,dark,ice,1.1,34.0,70,120,65,45,85,125,510,0,0,雪の 多い 地方に 生息。 樹木に ツメで サインを 描き 仲間に 合図を 送る。,https://raw.githubusercontent.com/PokeAPI/sprites/master/sprites/pokemon/461.png,https://raw.githubusercontent.com/PokeAPI/sprites/master/sprites/pokemon/other/official-artwork/461.png
462,ジバコイル,,magnezone,じばポケモン,4,electric,steel,1.2,180.0,70,70,115,130,90,60,535,0,0,強すぎる 磁力を だして ジバコイル同士 引き寄せあって まったく 動けなくなったりする。,https://raw.githubusercontent.com/PokeAPI/sprites/master/sprites/pokemon/462.png,https://raw.githubusercontent.com/PokeAPI/sprites/master/sprites/pokemon/other/official-artwork/462.png
463,ベロベルト,,lickilicky,なめまわしポケモン,4,normal,,1.7,140.0,110,85,95,80,95,50,515,0,0,ぐんぐん 伸びる ベロを なんにでも 巻きつける。うかつに 近寄ると だえきで べとべとに されてしまう。,https://raw.githubusercontent.com/PokeAPI/sprites/master/sprites/pokemon/463.png,https://raw.githubusercontent.com/PokeAPI/sprites/master/sprites/pokemon/other/official-artwork/463.png
464,ドサイドン,,rhyperior,ドリルポケモン,4,ground,rock,2.4,282.8,115,140,130,55,55,40,535,0,0,手のひらの 穴から イシツブテを 発射。全身の プロテクターは 火山の 噴火にも 耐えられる。,https://raw.githubusercontent.com/PokeAPI/sprites/master/sprites/pokemon/464.png,https://raw.githubusercontent.com/PokeAPI/sprites/master/sprites/pokemon/other/official-artwork/464.png
465,モジャンボ,,tangrowth,ツルじょうポケモン,4,grass,,2.0,128.6,100,100,125,110,50,50,535,0,0,植物の ツルで できた 腕を 伸ばして 獲物を 絡め取る。 腕を 食べられても へっちゃら。,https://raw.githubusercontent.com/PokeAPI/sprites/master/sprites/pokemon/465.png,https://raw.githubusercontent.com/PokeAPI/sprites/master/sprites/pokemon/other/official-artwork/465.png
466,エレキブル,,electivire,らいでんポケモン,4,electric,,1.8,138.6,75,123,67,95,85,95,540,0,0,電気を いっぱいに ためると ２本の ツノの あいだで 激しく 青白い 火花を 散らす。,https://raw.githubusercontent.com/PokeAPI/sprites/master/sprites/pokemon/466.png,https://raw.githubusercontent.com/PokeAPI/sprites/master/sprites/pokemon/other/official-artwork/466.png
467,ブーバーン,,magmortar,ばくえんポケモン,4,fire,,1.6,68.0,75,95,67,125,95,83,540,0,0,腕の 先から 摂氏２０００度の 火の玉を 発射する。 火山の 火口を 住処にする。,https://raw.githubusercontent.com/PokeAPI/sprites/master/sprites/pokemon/467.png,https://raw.githubusercontent.com/PokeAPI/sprites/master/sprites/pokemon/other/official-artwork/467.png
468,トゲキッス,,togekiss,しゅくふくポケモン,4,fairy,flying,1.5,38.0,85,50,95,120,115,80,545,0,0,争いのない 平和な 土地に トゲキッスは 訪れ さまざまな 恵みを 分け与えると 言われる。,https://raw.githubusercontent.com/PokeAPI/sprites/master/sprites/pokemon/468.png,https://raw.githubusercontent.com/PokeAPI/sprites/master/sprites/pokemon/other/official-artwork/468.png
469,メガヤンマ,,yanmega,オニトンボポケモン,4,bug,flying,1.9,51.5,86,76,86,116,56,95,515,0,0,高速で 飛んで すれ違った 相手の 首を 一瞬で かみちぎる 戦い方を 好む。,https://raw.githubusercontent.com/PokeAPI/sprites/master/sprites/pokemon/469.png,https://raw.githubusercontent.com/PokeAPI/sprites/master/sprites/pokemon/other/official-artwork/469.png
470,リーフィア,,leafeon,しんりょくポケモン,4,grass,,1.0,25.5,65,110,130,60,65,95,525,0,0,晴れた 日に 寝ている リーフィアは 光合成を して きれいな 空気を 作り出しているのだ。,https://raw.githubusercontent.com/PokeAPI/sprites/master/sprites/pokemon/470.png,https://raw.githubusercontent.com/PokeAPI/sprites/master/sprites/pokemon/other/official-artwork/470.png
471,グレイシア,,glaceon,しんせつポケモン,4,ice,,0.8,25.9,65,60,110,130,95,65,525,0,0,体温を コントロールすることで 周囲の 空気を 凍らせて ダイヤモンドダストを 降らせる。,https://raw.githubusercontent.com/PokeAPI/sprites/master/sprites/pokemon/471.png,https://raw.githubusercontent.com/PokeAPI/sprites/master/sprites/pokemon/other/official-artwork/471.png
472,グライオン,,gliscor,キバさそりポケモン,4,ground,flying,2.0,42.5,75,95,125,45,75,95,510,0,0,尻尾で 木の枝に ぶら下がり 獲物を 観察する。すきを 見て 上空から 襲いかかる。,https://raw.githubusercontent.com/PokeAPI/sprites/master/sprites/pokemon/472.png,https://raw.githubusercontent.com/PokeAPI/sprites/master/sprites/pokemon/other/official-artwork/472.png
473,マンムー,,mamoswine,２ほんキバポケモン,4,ice,ground,2.5,291.0,110,130,80,70,60,80,530,0,0,１万年前の 氷の 下から 発見された ことも あるほど 大昔から いた ポケモン。,https://raw.githubusercontent.com/PokeAPI/sprites/master/sprites/pokemon/473.png,https://raw.githubusercontent.com/PokeAPI/sprites/master/sprites/pokemon/other/official-artwork/473.png
474,ポリゴンＺ,,porygon-z,バーチャルポケモン,4,normal,,0.9,34.0,85,80,70,135,75,90,535,0,0,より 優れた ポケモンに するため プログラムを 追加したが なぜか おかしな 行動を はじめた。,https://raw.githubusercontent.com/PokeAPI/sprites/master/sprites/pokemon/474.png,https://raw.githubusercontent.com/PokeAPI/sprites/master/sprites/pokemon/other/official-artwork/474.png
475,エルレイド,,gallade,やいばポケモン,4,psychic,fighting,1.6,52.0,68,125,65,65,115,80,518,0,0,相手の 考えを 敏感に キャッチする 能力を 持つため 先に 攻撃が できるのだ。,https://raw.githubusercontent.com/PokeAPI/sprites/master/sprites/pokemon/475.png,https://raw.githubusercontent.com/PokeAPI/sprites/master/sprites/pokemon/other/official-artwork/475.png
476,ダイノーズ,,probopass,コンパスポケモン,4,rock,steel,1.4,340.0,60,55,145,75,150,40,525,0,0,全身から 強い 磁力を 出している。 ３個の チビノーズと 呼ばれる ユニットを 操る。,https://raw.githubusercontent.com/PokeAPI/sprites/master/sprites/pokemon/476.png,https://raw.githubusercontent.com/PokeAPI/sprites/master/sprites/pokemon/other/official-artwork/476.png
477,ヨノワール,,dusknoir,てづかみポケモン,4,ghost,,2.2,106.6,45,100,135,65,135,45,525,0,0,弾力のある 体の 中に 行き場のない 魂を 取りこんで あの世に 連れていくと 言われる。,https://raw.githubusercontent.com/PokeAPI/sprites/master/sprites/pokemon/477.png,https://raw.githubusercontent.com/PokeAPI/sprites/master/sprites/pokemon/other/official-artwork/477.png
478,ユキメノコ,,froslass,ゆきぐにポケモン,4,ice,ghost,1.3,26.6,70,80,70,80,70,110,480,0,0,マイナス５０度の 冷気を 吐いて 相手を 凍らせる。胴体に 見える 部分は じつは 空洞。,https://raw.githubusercontent.com/PokeAPI/sprites/master/sprites/pokemon/478.png,https://raw.githubusercontent.com/PokeAPI/sprites/master/sprites/pokemon/other/official-artwork/478.png
479,ロトム,,rotom,プラズマポケモン,4,electric,ghost,0.3,0.3,50,50,77,95,77,91,440,0,0,特殊な モーターを 動かす 動力源として 長い あいだ 研究されていた ポケモン。,https://raw.githubusercontent.com/PokeAPI/sprites/master/sprites/pokemon/479.png,https://raw.githubusercontent.com/PokeAPI/sprites/master/sprites/pokemon/other/official-artwork/479.png
480,ユクシー,,uxie,ちしきポケモン,4,psychic,,0.3,0.3,75,75,130,75,130,95,580,1,0,知識の神と 呼ばれている。 目を 合わせた 者の 記憶を 消してしまう 力を 持つという。,https://raw.githubusercontent.com/PokeAPI/sprites/master/sprites/pokemon/480.png,https://raw.githubusercontent.com/PokeAPI/sprites/master/sprites/pokemon/other/official-artwork/480.png
481,エムリット,,mesprit,かんじょうポケモン,4,psychic,,0.3,0.3,80,105,105,105,105,80,580,1,0,悲しみの 苦しさと 喜びの 尊さを 人々に 教えた。 感情の神と 呼ばれている。,https://raw.githubusercontent.com/PokeAPI/sprites/master/sprites/pokemon/481.png,https://raw.githubusercontent.com/PokeAPI/sprites/master/sprites/pokemon/other/official-artwork/481.png
482,アグノム,,azelf,いしポケモン,4,psychic,,0.3,0.3,75,125,70,125,70,115,580,1,0,意思の神と 呼ばれている。 湖の 底で 眠り続け 世界の バランスを とっている。,https://raw.githubusercontent.com/PokeAPI/sprites/master/sprites/pokemon/482.png,https://raw.githubusercontent.com/PokeAPI/sprites/master/sprites/pokemon/other/official-artwork/482.png
483,ディアルガ,,dialga,じかんポケモン,4,steel,dragon,5.4,683.0,100,120,120,150,100,90,680,1,0,ディアルガが 生まれたことで 時間が 動き出したという 伝説を 持つ ポケモン。,https://raw.githubusercontent.com/PokeAPI/sprites/master/sprites/pokemon/483.png,https://raw.githubusercontent.com/PokeAPI/sprites/master/sprites/pokemon/other/official-artwork/483.png
484,パルキア,,palkia,くうかんポケモン,4,water,dragon,4.2,336.0,90,120,100,150,120,100,680,1,0,並行して 並ぶ 空間の 狭間に 住むと 言われている。 神話に 登場する ポケモン。,https://raw.githubusercontent.com/PokeAPI/sprites/master/sprites/pokemon/484.png,https://raw.githubusercontent.com/PokeAPI/sprites/master/sprites/pokemon/other/official-artwork/484.png
485,ヒードラン,,heatran,かこうポケモン,4,fire,steel,1.7,430.0,91,90,106,130,106,77,600,1,0,火山の 洞穴に 生息。 十字の ツメを 食いこませて 壁や 天井を はい回る。,https://raw.githubusercontent.com/PokeAPI/sprites/master/sprites/pokemon/485.png,https://raw.githubusercontent.com/PokeAPI/sprites/master/sprites/pokemon/other/official-artwork/485.png
486,レジギガス,,regigigas,きょだいポケモン,4,normal,,3.7,420.0,110,160,110,80,110,100,670,1,0,特殊な 氷山や 岩石 マグマから 自分の 姿に 似た ポケモンを つくったと 言われる。,https://raw.githubusercontent.com/PokeAPI/sprites/master/sprites/pokemon/486.png,https://raw.githubusercontent.com/PokeAPI/sprites/master/sprites/pokemon/other/official-artwork/486.png
487,ギラティナ,,giratina-altered,はんこつポケモン,4,ghost,dragon,4.5,750.0,150,100,120,100,120,90,680,1,0,常識の 通用しない この世の 裏側にあると 言われる 破れた世界に 生息する。,https://raw.githubusercontent.com/PokeAPI/sprites/master/sprites/pokemon/487.png,https://raw.githubusercontent.com/PokeAPI/sprites/master/sprites/pokemon/other/official-artwork/487.png
488,クレセリア,,cresselia,みかづきポケモン,4,psychic,,1.5,85.6,120,70,110,75,120,85,580,1,0,飛行するときは ベールのような 羽から 光る 粒子を 出す。 三日月の化身と 呼ばれている。,https://raw.githubusercontent.com/PokeAPI/sprites/master/sprites/pokemon/488.png,https://raw.githubusercontent.com/PokeAPI/sprites/master/sprites/pokemon/other/official-artwork/488.png
489,フィオネ,,phione,かいようポケモン,4,water,,0.4,3.1,80,80,80,80,80,80,480,0,1,海の 温度が 高くなると 頭の 浮き袋を ふくらませて 海面を 集団で 漂う。,https://raw.githubusercontent.com/PokeAPI/sprites/master/sprites/pokemon/489.png,https://raw.githubusercontent.com/PokeAPI/sprites/master/sprites/pokemon/other/official-artwork/489.png
490,マナフィ,,manaphy,かいゆうポケモン,4,water,,0.3,1.4,100,100,100,100,100,100,600,0,1,生まれたときから 備わっている 不思議な 力を 使うと どんな ポケモンとも 心が 通い合う。,https://raw.githubusercontent.com/PokeAPI/sprites/master/sprites/pokemon/490.png,https://raw.githubusercontent.com/PokeAPI/sprites/master/sprites/pokemon/other/official-artwork/490.png
491,ダークライ,,darkrai,あんこくポケモン,4,dark,,1.5,50.5,70,90,90,135,90,125,600,0,1,深い 眠りに 誘う 力で 人や ポケモンに 悪夢を 見せて 自分の 縄張りから 追い出す。,https://raw.githubusercontent.com/PokeAPI/sprites/master/sprites/pokemon/491.png,https://raw.githubusercontent.com/PokeAPI/sprites/master/sprites/pokemon/other/official-artwork/491.png
492,シェイミ,,shaymin-land,かんしゃポケモン,4,grass,,0.2,2.1,100,100,100,100,100,100,600,0,1,大気の 毒素を 分解して 荒れた 大地を 一瞬のうちに 花畑にする 力を 持つ。,https://raw.githubusercontent.com/PokeAPI/sprites/master/sprites/pokemon/492.png,https://raw.githubusercontent.com/PokeAPI/sprites/master/sprites/pokemon/other/official-artwork/492.png
493,アルセウス,,arceus,そうぞうポケモン,4,normal,,3.2,320.0,120,120,120,120,120,120,720,0,1,タマゴから 姿を 現して 世界の すべてを 生み出したと シンオウ神話に 語られている。,https://raw.githubusercontent.com/PokeAPI/sprites/master/sprites/pokemon/493.png,https://raw.githubusercontent.com/PokeAPI/sprites/master/sprites/pokemon/other/official-artwork/493.png
494,ビクティニ,,victini,しょうりポケモン,5,psychic,fire,0.4,4.0,100,100,100,100,100,100,600,0,1,勝利を もたらす ポケモン。 ビクティニを 連れた トレーナーは どんな 勝負にも 勝てるという。,https://raw.githubusercontent.com/PokeAPI/sprites/master/sprites/pokemon/494.png,https://raw.githubusercontent.com/PokeAPI/sprites/master/sprites/pokemon/other/official-artwork/494.png
495,ツタージャ,,snivy,くさへびポケモン,5,grass,,0.6,8.1,45,45,55,45,55,63,308,0,0,太陽の 光を 浴びると いつもよりも 素早く 動ける。 手よりも ツルを うまく使う。,https://raw.githubusercontent.com/PokeAPI/sprites/master/sprites/pokemon/495.png,https://raw.githubusercontent.com/PokeAPI/sprites/master/sprites/pokemon/other/official-artwork/495.png
496,ジャノビー,,servine,くさへびポケモン,5,grass,,0.8,16.0,60,60,75,60,75,83,413,0,0,地面を 滑るように 走る。 素早い 動きで 敵を まどわせ つるのムチで しとめるのだ。,https://raw.githubusercontent.com/PokeAPI/sprites/master/sprites/pokemon/496.png,https://raw.githubusercontent.com/PokeAPI/sprites/master/sprites/pokemon/other/official-artwork/496.png
497,ジャローダ,,serperior,ロイヤルポケモン,5,grass,,3.3,63.0,75,75,95,75,95,113,528,0,0,ジャローダの 気高い 瞳で 射すくめられても 平気な 強い 相手にだけ 本気を 出す。,https://raw.githubusercontent.com/PokeAPI/sprites/master/sprites/pokemon/497.png,https://raw.githubusercontent.com/PokeAPI/sprites/master/sprites/pokemon/other/official-artwork/497.png
498,ポカブ,,tepig,ひぶたポケモン,5,fire,,0.5,9.9,65,63,45,45,45,45,308,0,0,敵の 攻撃を 身軽に 避けて 鼻から 火の玉を 撃ち出す。 炎で 木の実を 焼いて 食べる。,https://raw.githubusercontent.com/PokeAPI/sprites/master/sprites/pokemon/498.png,https://raw.githubusercontent.com/PokeAPI/sprites/master/sprites/pokemon/other/official-artwork/498.png
499,チャオブー,,pignite,ひぶたポケモン,5,fire,fighting,1.0,55.5,90,93,55,70,55,55,418,0,0,食べるほどに 燃やすものが 増えて 胃袋内の 炎が 強まり パワーも どんどん あふれ出すのだ。,https://raw.githubusercontent.com/PokeAPI/sprites/master/sprites/pokemon/499.png,https://raw.githubusercontent.com/PokeAPI/sprites/master/sprites/pokemon/other/official-artwork/499.png
500,エンブオー,,emboar,おおひぶたポケモン,5,fire,fighting,1.6,150.0,110,123,65,100,65,65,528,0,0,アゴの 炎で こぶしを 燃やして 炎の パンチを 繰り出す。 とても 仲間思いの ポケモン。,https://raw.githubusercontent.com/PokeAPI/sprites/master/sprites/pokemon/500.png,https://raw.githubusercontent.com/PokeAPI/sprites/master/sprites/pokemon/other/official-artwork/500.png
501,ミジュマル,,oshawott,ラッコポケモン,5,water,,0.5,5.9,55,55,45,63,45,45,308,0,0,お腹に できる ホタチは 戦うとき だけでなく 硬い 木の実を 割るときにも 使う。,https://raw.githubusercontent.com/PokeAPI/sprites/master/sprites/pokemon/501.png,https://raw.githubusercontent.com/PokeAPI/sprites/master/sprites/pokemon/other/official-artwork/501.png
502,フタチマル,,dewott,しゅぎょうポケモン,5,water,,0.8,24.5,75,75,60,83,60,60,413,0,0,流れるような 太刀さばきで ２枚の ホタチを あつかう 技は きびしい 修業によって 身につける。,https://raw.githubusercontent.com/PokeAPI/sprites/master/sprites/pokemon/502.png,https://raw.githubusercontent.com/PokeAPI/sprites/master/sprites/pokemon/other/official-artwork/502.png
503,ダイケンキ,,samurott,かんろくポケモン,5,water,,1.5,94.6,95,100,85,108,70,70,528,0,0,敵が 瞬きする あいだに 前足に ついた アシガタナで 相手を 切りつけ 元に戻せる。,https://raw.githubusercontent.com/PokeAPI/sprites/master/sprites/pokemon/503.png,https://raw.githubusercontent.com/PokeAPI/sprites/master/sprites/pokemon/other/official-artwork/503.png
504,ミネズミ,,patrat,みはりポケモン,5,normal,,0.5,11.6,45,55,39,35,39,42,255,0,0,ほほの 袋に エサを ためこみ 何日も 見張りを 続ける。 尻尾で 仲間に 合図する。,https://raw.githubusercontent.com/PokeAPI/sprites/master/sprites/pokemon/504.png,https://raw.githubusercontent.com/PokeAPI/sprites/master/sprites/pokemon/other/official-artwork/504.png
505,ミルホッグ,,watchog,けいかいポケモン,5,normal,,1.1,27.0,60,85,69,60,69,77,420,0,0,体内の 発光物質で 目玉や 体を 光らせ 襲ってきた 敵を ひるませる。,https://raw.githubusercontent.com/PokeAPI/sprites/master/sprites/pokemon/505.png,https://raw.githubusercontent.com/PokeAPI/sprites/master/sprites/pokemon/other/official-artwork/505.png
506,ヨーテリー,,lillipup,こいぬポケモン,5,normal,,0.4,4.1,45,60,45,25,45,55,275,0,0,顔を 覆う 長い 毛は 優れた レーダー。周囲の 様子を 敏感に 察知する。,https://raw.githubusercontent.com/PokeAPI/sprites/master/sprites/pokemon/506.png,https://raw.githubusercontent.com/PokeAPI/sprites/master/sprites/pokemon/other/official-artwork/506.png
507,ハーデリア,,herdier,ちゅうけんポケモン,5,normal,,0.9,14.7,65,80,65,35,65,60,370,0,0,トレーナーを 助けながら 他の ポケモンの 世話もする とても 忠実な ポケモン。,https://raw.githubusercontent.com/PokeAPI/sprites/master/sprites/pokemon/507.png,https://raw.githubusercontent.com/PokeAPI/sprites/master/sprites/pokemon/other/official-artwork/507.png
508,ムーランド,,stoutland,かんだいポケモン,5,normal,,1.2,61.0,85,110,90,45,90,80,500,0,0,吹雪で 閉ざされた 山に 入り 遭難した 人を 助ける。 長い 毛が 寒さを 防ぐ。,https://raw.githubusercontent.com/PokeAPI/sprites/master/sprites/pokemon/508.png,https://raw.githubusercontent.com/PokeAPI/sprites/master/sprites/pokemon/other/official-artwork/508.png
509,チョロネコ,,purrloin,しょうわるポケモン,5,dark,,0.4,10.1,41,50,37,50,37,66,281,0,0,かわいらしい 仕草で 油断させて その すきに 持ち物を 奪う。 怒ると ツメを 立てて 反撃。,https://raw.githubusercontent.com/PokeAPI/sprites/master/sprites/pokemon/509.png,https://raw.githubusercontent.com/PokeAPI/sprites/master/sprites/pokemon/other/official-artwork/509.png
510,レパルダス,,liepard,れいこくポケモン,5,dark,,1.1,37.5,64,88,50,88,50,106,446,0,0,美しい スタイルは 全身の 発達した 筋肉の おかげ。 音もたてずに 夜を 駆けぬける。,https://raw.githubusercontent.com/PokeAPI/sprites/master/sprites/pokemon/510.png,https://raw.githubusercontent.com/PokeAPI/sprites/master/sprites/pokemon/other/official-artwork/510.png
511,ヤナップ,,pansage,くさざるポケモン,5,grass,,0.6,10.5,50,53,48,53,48,64,316,0,0,元気の ない ポケモンに 頭の 葉っぱを 分け与える。 疲れを 取る 効果が あるのだ。,https://raw.githubusercontent.com/PokeAPI/sprites/master/sprites/pokemon/511.png,https://raw.githubusercontent.com/PokeAPI/sprites/master/sprites/pokemon/other/official-artwork/511.png
512,ヤナッキー,,simisage,とげざるポケモン,5,grass,,1.1,30.5,75,98,63,98,63,101,498,0,0,トゲの たくさん ついた 尻尾を 相手に たたきつけて 攻撃。 気性の 激しい ポケモン。,https://raw.githubusercontent.com/PokeAPI/sprites/master/sprites/pokemon/512.png,https://raw.githubusercontent.com/PokeAPI/sprites/master/sprites/pokemon/other/official-artwork/512.png
513,バオップ,,pansear,こうおんポケモン,5,fire,,0.6,11.0,50,53,48,53,48,64,316,0,0,知能が 高く 木の実は 焼いてから 食べる 習性。 人の 手伝いを 好んでいる。,https://raw.githubusercontent.com/PokeAPI/sprites/master/sprites/pokemon/513.png,https://raw.githubusercontent.com/PokeAPI/sprites/master/sprites/pokemon/other/official-artwork/513.png
514,バオッキー,,simisear,ひのこポケモン,5,fire,,1.0,28.0,75,98,63,98,63,101,498,0,0,体の 中の 炎を 燃やして 頭や 尻尾から 火の粉を まき散らせて 敵を 焦がす。,https://raw.githubusercontent.com/PokeAPI/sprites/master/sprites/pokemon/514.png,https://raw.githubusercontent.com/PokeAPI/sprites/master/sprites/pokemon/other/official-artwork/514.png
515,ヒヤップ,,panpour,みずかけポケモン,5,water,,0.6,13.5,50,53,48,53,48,64,316,0,0,頭の房に ためこんだ 水は 栄養 たっぷり。尻尾を使って その 水を 草木に かけている。,https://raw.githubusercontent.com/PokeAPI/sprites/master/sprites/pokemon/515.png,https://raw.githubusercontent.com/PokeAPI/sprites/master/sprites/pokemon/other/official-artwork/515.png
516,ヒヤッキー,,simipour,ほうすいポケモン,5,water,,1.0,29.0,75,98,63,98,63,101,498,0,0,尻尾から 高圧の 水を 発射すると コンクリートの 壁も 破壊する 威力。,https://raw.githubusercontent.com/PokeAPI/sprites/master/sprites/pokemon/516.png,https://raw.githubusercontent.com/PokeAPI/sprites/master/sprites/pokemon/other/official-artwork/516.png
517,ムンナ,,munna,ゆめくいポケモン,5,psychic,,0.6,23.3,76,25,45,67,55,24,292,0,0,悪い 夢に うなされている ポケモンや 人の 前に 現われ その夢を 食べてしまう ポケモン。,https://raw.githubusercontent.com/PokeAPI/sprites/master/sprites/pokemon/517.png,https://raw.githubusercontent.com/PokeAPI/sprites/master/sprites/pokemon/other/official-artwork/517.png
518,ムシャーナ,,musharna,ゆめうつつポケモン,5,psychic,,1.1,60.5,116,55,85,107,95,29,487,0,0,おでこから 出ている 煙の 中には 人や ポケモンの 見た 夢が たくさん つまっているのだ。,https://raw.githubusercontent.com/PokeAPI/sprites/master/sprites/pokemon/518.png,https://raw.githubusercontent.com/PokeAPI/sprites/master/sprites/pokemon/other/official-artwork/518.png
519,マメパト,,pidove,こばとポケモン,5,normal,flying,0.3,2.1,50,55,50,36,30,43,264,0,0,とても 忘れっぽい ポケモンで トレーナーに 命令 されたのに 新しい 命令を 待っている。,https://raw.githubusercontent.com/PokeAPI/sprites/master/sprites/pokemon/519.png,https://raw.githubusercontent.com/PokeAPI/sprites/master/sprites/pokemon/other/official-artwork/519.png
520,ハトーボー,,tranquill,のばとポケモン,5,normal,flying,0.6,15.0,62,77,62,50,42,65,358,0,0,ハトーボーの 住む 森の 奥には 争いのない 平和な 国が あると 信じられている。,https://raw.githubusercontent.com/PokeAPI/sprites/master/sprites/pokemon/520.png,https://raw.githubusercontent.com/PokeAPI/sprites/master/sprites/pokemon/other/official-artwork/520.png
521,ケンホロウ,,unfezant,プライドポケモン,5,normal,flying,1.2,29.0,80,115,80,65,55,93,488,0,0,オスは 頭の 飾りを 揺らして 相手を 威嚇する。 メスの 飛行能力は オスを 上回る。,https://raw.githubusercontent.com/PokeAPI/sprites/master/sprites/pokemon/521.png,https://raw.githubusercontent.com/PokeAPI/sprites/master/sprites/pokemon/other/official-artwork/521.png
522,シママ,,blitzle,たいでんポケモン,5,electric,,0.8,29.8,45,60,32,50,32,76,295,0,0,雷雲で 空が 覆われると 現れる。たてがみで 雷を キャッチして 電気を ためる。,https://raw.githubusercontent.com/PokeAPI/sprites/master/sprites/pokemon/522.png,https://raw.githubusercontent.com/PokeAPI/sprites/master/sprites/pokemon/other/official-artwork/522.png
523,ゼブライカ,,zebstrika,らいでんポケモン,5,electric,,1.6,79.5,75,100,63,80,63,116,497,0,0,激しい 気性の 持ち主。 荒ぶると たてがみから 雷を 四方八方に 放電する。,https://raw.githubusercontent.com/PokeAPI/sprites/master/sprites/pokemon/523.png,https://raw.githubusercontent.com/PokeAPI/sprites/master/sprites/pokemon/other/official-artwork/523.png
524,ダンゴロ,,roggenrola,マントルポケモン,5,rock,,0.4,18.0,55,75,85,25,25,15,280,0,0,６角形の 耳を 持つ。 地底で 圧縮された 体は 鉄に 負けないくらい 硬い。,https://raw.githubusercontent.com/PokeAPI/sprites/master/sprites/pokemon/524.png,https://raw.githubusercontent.com/PokeAPI/sprites/master/sprites/pokemon/other/official-artwork/524.png
525,ガントル,,boldore,こうせきポケモン,5,rock,,0.9,102.0,70,105,105,50,40,20,390,0,0,体内に 収まりきらず 漏れ出した エネルギーが 固まり オレンジ色の 結晶になった。,https://raw.githubusercontent.com/PokeAPI/sprites/master/sprites/pokemon/525.png,https://raw.githubusercontent.com/PokeAPI/sprites/master/sprites/pokemon/other/official-artwork/525.png
526,ギガイアス,,gigalith,こうあつポケモン,5,rock,,1.7,260.0,85,135,130,60,80,25,515,0,0,取りこんだ 太陽光線を エネルギーコアで 反応 させて 光の玉として 撃ちだしてくる。,https://raw.githubusercontent.com/PokeAPI/sprites/master/sprites/pokemon/526.png,https://raw.githubusercontent.com/PokeAPI/sprites/master/sprites/pokemon/other/official-artwork/526.png
527,コロモリ,,woobat,こうもりポケモン,5,psychic,flying,0.4,2.1,65,45,43,55,43,72,323,0,0,暗い 森や 洞穴で 暮らす。 鼻の 穴から 超音波を 出して あたりの 様子を 探る。,https://raw.githubusercontent.com/PokeAPI/sprites/master/sprites/pokemon/527.png,https://raw.githubusercontent.com/PokeAPI/sprites/master/sprites/pokemon/other/official-artwork/527.png
528,ココロモリ,,swoobat,きゅうあいポケモン,5,psychic,flying,0.9,10.5,67,57,55,77,55,114,425,0,0,コンクリートも 壊せるほどの 強い 超音波を 出すとき 尻尾が 激しく 震える。,https://raw.githubusercontent.com/PokeAPI/sprites/master/sprites/pokemon/528.png,https://raw.githubusercontent.com/PokeAPI/sprites/master/sprites/pokemon/other/official-artwork/528.png
529,モグリュー,,drilbur,もぐらポケモン,5,ground,,0.3,8.5,60,85,40,30,45,68,328,0,0,両手の ツメを 重ね合わせて 体を 高速 回転させると 猛スピードで 地中を 進む。,https://raw.githubusercontent.com/PokeAPI/sprites/master/sprites/pokemon/529.png,https://raw.githubusercontent.com/PokeAPI/sprites/master/sprites/pokemon/other/official-artwork/529.png
530,ドリュウズ,,excadrill,ちていポケモン,5,ground,steel,0.7,40.4,110,135,60,50,65,88,508,0,0,鋼に 進化した ドリルは 鉄板を つらぬく 破壊力。 トンネル工事で 大活躍する。,https://raw.githubusercontent.com/PokeAPI/sprites/master/sprites/pokemon/530.png,https://raw.githubusercontent.com/PokeAPI/sprites/master/sprites/pokemon/other/official-artwork/530.png
531,タブンネ,,audino,ヒヤリングポケモン,5,normal,,1.1,31.0,103,60,86,60,86,50,445,0,0,耳の 触角で 相手の 体調や タマゴから ポケモンが いつ でてくるのかも わかるのだ。,https://raw.githubusercontent.com/PokeAPI/sprites/master/sprites/pokemon/531.png,https://raw.githubusercontent.com/PokeAPI/sprites/master/sprites/pokemon/other/official-artwork/531.png
532,ドッコラー,,timburr,きんこつポケモン,5,fighting,,0.6,12.5,75,80,55,25,35,35,305,0,0,いつも 角材を 抱えている。 建築 現場に 現れて 工事を 手伝う ポケモン。,https://raw.githubusercontent.com/PokeAPI/sprites/master/sprites/pokemon/532.png,https://raw.githubusercontent.com/PokeAPI/sprites/master/sprites/pokemon/other/official-artwork/532.png
533,ドテッコツ,,gurdurr,きんこつポケモン,5,fighting,,1.2,40.0,85,105,85,40,50,40,405,0,0,鍛えあげた 筋肉の 持ち主。 鉄骨を たくみに 操って 一軒家を 解体してくれる。,https://raw.githubusercontent.com/PokeAPI/sprites/master/sprites/pokemon/533.png,https://raw.githubusercontent.com/PokeAPI/sprites/master/sprites/pokemon/other/official-artwork/533.png
534,ローブシン,,conkeldurr,きんこつポケモン,5,fighting,,1.4,87.0,105,140,95,55,65,45,505,0,0,コンクリートを 作る 技術は ２０００年前に ローブシンから 教わったと 考えられている。,https://raw.githubusercontent.com/PokeAPI/sprites/master/sprites/pokemon/534.png,https://raw.githubusercontent.com/PokeAPI/sprites/master/sprites/pokemon/other/official-artwork/534.png
535,オタマロ,,tympole,おたまポケモン,5,water,,0.5,4.5,50,50,40,50,40,64,294,0,0,ほほの 振動膜を 震わせ 人には きこえない 音波を だし 仲間たちに 危険を 伝える。,https://raw.githubusercontent.com/PokeAPI/sprites/master/sprites/pokemon/535.png,https://raw.githubusercontent.com/PokeAPI/sprites/master/sprites/pokemon/other/official-artwork/535.png
536,ガマガル,,palpitoad,しんどうポケモン,5,water,ground,0.8,17.0,75,65,55,65,55,69,384,0,0,頭の コブを 振動させると 水中が 波立つ だけでなく 地面も 地震のように 揺れる。,https://raw.githubusercontent.com/PokeAPI/sprites/master/sprites/pokemon/536.png,https://raw.githubusercontent.com/PokeAPI/sprites/master/sprites/pokemon/other/official-artwork/536.png
537,ガマゲロゲ,,seismitoad,しんどうポケモン,5,water,ground,1.5,62.0,105,95,75,85,75,74,509,0,0,こぶしの コブを 振動させると パンチの 威力が 倍増する。 一撃で 大岩を 粉砕。,https://raw.githubusercontent.com/PokeAPI/sprites/master/sprites/pokemon/537.png,https://raw.githubusercontent.com/PokeAPI/sprites/master/sprites/pokemon/other/official-artwork/537.png
538,ナゲキ,,throh,じゅうどうポケモン,5,fighting,,1.3,55.5,120,100,85,30,85,45,465,0,0,帯を 締めると パワーアップする。 野生の ナゲキは つる草を 編んで 自分の 帯を 作る。,https://raw.githubusercontent.com/PokeAPI/sprites/master/sprites/pokemon/538.png,https://raw.githubusercontent.com/PokeAPI/sprites/master/sprites/pokemon/other/official-artwork/538.png
539,ダゲキ,,sawk,からてポケモン,5,fighting,,1.4,51.0,75,125,75,30,75,85,465,0,0,最強の からてチョップを 求めて 山奥に こもって 眠ることなく 修行する。,https://raw.githubusercontent.com/PokeAPI/sprites/master/sprites/pokemon/539.png,https://raw.githubusercontent.com/PokeAPI/sprites/master/sprites/pokemon/other/official-artwork/539.png
540,クルミル,,sewaddle,さいほうポケモン,5,bug,grass,0.3,2.5,45,53,70,40,60,42,310,0,0,葉っぱを かみ切り 口から 出す 粘着糸で 縫い合わせる。 自分で 服を 作る ポケモン。,https://raw.githubusercontent.com/PokeAPI/sprites/master/sprites/pokemon/540.png,https://raw.githubusercontent.com/PokeAPI/sprites/master/sprites/pokemon/other/official-artwork/540.png
541,クルマユ,,swadloon,はごもりポケモン,5,bug,grass,0.5,7.3,55,63,90,50,80,42,380,0,0,クルマユの 住む 森は 草木が よく 育つ。クルマユが 落ち葉を 栄養分に 変えているのだ。,https://raw.githubusercontent.com/PokeAPI/sprites/master/sprites/pokemon/541.png,https://raw.githubusercontent.com/PokeAPI/sprites/master/sprites/pokemon/other/official-artwork/541.png
542,ハハコモリ,,leavanny,こそだてポケモン,5,bug,grass,1.2,20.5,75,103,80,70,80,92,500,0,0,幼い ポケモンを みつけると 口から 出す 粘着糸で 葉っぱの 服を 縫ってあげる。,https://raw.githubusercontent.com/PokeAPI/sprites/master/sprites/pokemon/542.png,https://raw.githubusercontent.com/PokeAPI/sprites/master/sprites/pokemon/other/official-artwork/542.png
543,フシデ,,venipede,ムカデポケモン,5,bug,poison,0.4,5.3,30,45,59,30,39,57,260,0,0,頭と 尻尾の 触角で まわりの 様子を 探る。 非常に 凶暴な 性格。,https://raw.githubusercontent.com/PokeAPI/sprites/master/sprites/pokemon/543.png,https://raw.githubusercontent.com/PokeAPI/sprites/master/sprites/pokemon/other/official-artwork/543.png
544,ホイーガ,,whirlipede,まゆムカデポケモン,5,bug,poison,1.2,58.5,40,55,99,40,79,47,360,0,0,硬い 殻に 守られている。 タイヤのように 回転して 敵に 激しく 体当たりする。,https://raw.githubusercontent.com/PokeAPI/sprites/master/sprites/pokemon/544.png,https://raw.githubusercontent.com/PokeAPI/sprites/master/sprites/pokemon/other/official-artwork/544.png
545,ペンドラー,,scolipede,メガムカデポケモン,5,bug,poison,2.5,200.5,60,100,89,55,69,112,485,0,0,獲物を 首のツメで 挟みこみ 身動きを とれなくしてから 猛毒を 与え とどめを 刺す。,https://raw.githubusercontent.com/PokeAPI/sprites/master/sprites/pokemon/545.png,https://raw.githubusercontent.com/PokeAPI/sprites/master/sprites/pokemon/other/official-artwork/545.png
546,モンメン,,cottonee,わたたまポケモン,5,grass,fairy,0.3,0.6,40,27,60,37,50,66,280,0,0,襲われると 体から 綿を 飛ばす。 敵が 綿を モンメンと 間違えている すきに 逃げるのだ。,https://raw.githubusercontent.com/PokeAPI/sprites/master/sprites/pokemon/546.png,https://raw.githubusercontent.com/PokeAPI/sprites/master/sprites/pokemon/other/official-artwork/546.png
547,エルフーン,,whimsicott,かぜかくれポケモン,5,grass,fairy,0.7,6.6,60,67,85,77,75,116,480,0,0,つむじかぜと ともに 現われて 家の 中の 家具を 動かしたり 綿を 残す いたずらをする。,https://raw.githubusercontent.com/PokeAPI/sprites/master/sprites/pokemon/547.png,https://raw.githubusercontent.com/PokeAPI/sprites/master/sprites/pokemon/other/official-artwork/547.png
548,チュリネ,,petilil,ねっこポケモン,5,grass,,0.5,6.6,45,35,50,70,50,30,280,0,0,頭の 葉っぱを かじると とても 苦いが 疲れた 体を 元気にする 効果が あるのだ。,https://raw.githubusercontent.com/PokeAPI/sprites/master/sprites/pokemon/548.png,https://raw.githubusercontent.com/PokeAPI/sprites/master/sprites/pokemon/other/official-artwork/548.png
549,ドレディア,,lilligant,はなかざりポケモン,5,grass,,1.1,16.3,70,60,75,110,75,90,480,0,0,頭の 花飾りの 香りには リラックスさせる 効果が ある。 手入れを 怠けると 枯れてしまう。,https://raw.githubusercontent.com/PokeAPI/sprites/master/sprites/pokemon/549.png,https://raw.githubusercontent.com/PokeAPI/sprites/master/sprites/pokemon/other/official-artwork/549.png
550,バスラオ,,basculin-red-striped,らんぼうポケモン,5,water,,1.0,18.0,70,92,65,80,55,98,460,0,0,とても 乱暴で いつも あかと あおの バスラオは 争っている。 食べると 意外と おいしいらしい。,https://raw.githubusercontent.com/PokeAPI/sprites/master/sprites/pokemon/550.png,https://raw.githubusercontent.com/PokeAPI/sprites/master/sprites/pokemon/other/official-artwork/550.png
551,メグロコ,,sandile,さばくワニポケモン,5,ground,dark,0.7,15.2,50,72,35,35,35,65,292,0,0,砂の 中に 潜り 目と 鼻を 外に 出して 移動する。 黒い 膜が 目を 守る。,https://raw.githubusercontent.com/PokeAPI/sprites/master/sprites/pokemon/551.png,https://raw.githubusercontent.com/PokeAPI/sprites/master/sprites/pokemon/other/official-artwork/551.png
552,ワルビル,,krokorok,さばくワニポケモン,5,ground,dark,1.0,33.4,60,82,45,45,45,74,351,0,0,数匹で 群れを 作る。 眼球を カバーする 膜が 砂嵐から 目を 守る。,https://raw.githubusercontent.com/PokeAPI/sprites/master/sprites/pokemon/552.png,https://raw.githubusercontent.com/PokeAPI/sprites/master/sprites/pokemon/other/official-artwork/552.png
553,ワルビアル,,krookodile,いかくポケモン,5,ground,dark,1.5,96.3,95,117,80,65,70,92,519,0,0,とても 凶暴な ポケモン。 目の前で 動くものは すべて 襲いかかり かみくだこうとする。,https://raw.githubusercontent.com/PokeAPI/sprites/master/sprites/pokemon/553.png,https://raw.githubusercontent.com/PokeAPI/sprites/master/sprites/pokemon/other/official-artwork/553.png
554,ダルマッカ,,darumaka,だるまポケモン,5,fire,,0.6,37.5,70,90,45,15,45,50,315,0,0,ダルマッカの フンは 熱いので 昔の 人は 懐に 入れて 体を 温めていたのだ。,https://raw.githubusercontent.com/PokeAPI/sprites/master/sprites/pokemon/554.png,https://raw.githubusercontent.com/PokeAPI/sprites/master/sprites/pokemon/other/official-artwork/554.png
555,ヒヒダルマ,,darmanitan-standard,えんじょうポケモン,5,fire,,1.3,92.9,105,140,55,30,55,95,480,0,0,激しい 戦いで 傷つくと 岩のように 固まり 黙考して 心を 研ぎ澄ませるのだ。,https://raw.githubusercontent.com/PokeAPI/sprites/master/sprites/pokemon/555.png,https://raw.githubusercontent.com/PokeAPI/sprites/master/sprites/pokemon/other/official-artwork/555.png
556,マラカッチ,,maractus,サボテンポケモン,5,grass,,1.0,28.0,75,86,67,106,67,60,461,0,0,アップテンポの 踊りと 音で 花の タネを ねらう 天敵の とりポケモンを 追い払うのだ。,https://raw.githubusercontent.com/PokeAPI/sprites/master/sprites/pokemon/556.png,https://raw.githubusercontent.com/PokeAPI/sprites/master/sprites/pokemon/other/official-artwork/556.png
557,イシズマイ,,dwebble,いしやどポケモン,5,bug,rock,0.3,14.5,50,65,85,35,35,55,325,0,0,手ごろな 石に 穴を 開けて 住処にする。壊されると かわりの 石が 見つかるまで 落ち着かない。,https://raw.githubusercontent.com/PokeAPI/sprites/master/sprites/pokemon/557.png,https://raw.githubusercontent.com/PokeAPI/sprites/master/sprites/pokemon/other/official-artwork/557.png
558,イワパレス,,crustle,いわやどポケモン,5,bug,rock,1.4,200.0,70,105,125,65,75,45,485,0,0,重たい 岩を 背負って 乾燥した 土地を 何日でも 移動できる 脚力を 持つ。,https://raw.githubusercontent.com/PokeAPI/sprites/master/sprites/pokemon/558.png,https://raw.githubusercontent.com/PokeAPI/sprites/master/sprites/pokemon/other/official-artwork/558.png
559,ズルッグ,,scraggy,だっぴポケモン,5,dark,fighting,0.6,11.8,50,75,70,35,70,48,348,0,0,皮を 首まで 引き上げて 防御の 姿勢。ゴムのような 弾力で ダメージを 減らす。,https://raw.githubusercontent.com/PokeAPI/sprites/master/sprites/pokemon/559.png,https://raw.githubusercontent.com/PokeAPI/sprites/master/sprites/pokemon/other/official-artwork/559.png
560,ズルズキン,,scrafty,あくとうポケモン,5,dark,fighting,1.1,30.0,65,90,115,45,115,58,488,0,0,脱皮した 皮を ずりあげて ダメージを 減らしつつ キック！ とさかが 大きいほど 偉そうだ。,https://raw.githubusercontent.com/PokeAPI/sprites/master/sprites/pokemon/560.png,https://raw.githubusercontent.com/PokeAPI/sprites/master/sprites/pokemon/other/official-artwork/560.png
561,シンボラー,,sigilyph,とりもどきポケモン,5,psychic,flying,1.4,14.0,72,58,80,103,80,97,490,0,0,古代都市の 守り神だった。 縄張りに 侵入した 敵を サイコパワーで 攻撃する。,https://raw.githubusercontent.com/PokeAPI/sprites/master/sprites/pokemon/561.png,https://raw.githubusercontent.com/PokeAPI/sprites/master/sprites/pokemon/other/official-artwork/561.png
562,デスマス,,yamask,たましいポケモン,5,ghost,,0.5,1.5,38,30,85,55,65,30,303,0,0,お墓に 埋葬された 人の 魂が ポケモンに 変化した。 死ぬ前の 記憶が 残っている。,https://raw.githubusercontent.com/PokeAPI/sprites/master/sprites/pokemon/562.png,https://raw.githubusercontent.com/PokeAPI/sprites/master/sprites/pokemon/other/official-artwork/562.png
563,デスカーン,,cofagrigus,かんおけポケモン,5,ghost,,1.7,76.5,58,50,145,95,105,30,483,0,0,近づいた 人間を 飲みこんで ミイラに してしまうという ウワサ。 金塊を 好んで 食べる。,https://raw.githubusercontent.com/PokeAPI/sprites/master/sprites/pokemon/563.png,https://raw.githubusercontent.com/PokeAPI/sprites/master/sprites/pokemon/other/official-artwork/563.png
564,プロトーガ,,tirtouga,こだいがめポケモン,5,water,rock,0.7,16.5,54,78,103,53,45,22,355,0,0,およそ １億年前の 海を 泳いでいた。陸地へ 上がって 獲物に 襲いかかる こともある。,https://raw.githubusercontent.com/PokeAPI/sprites/master/sprites/pokemon/564.png,https://raw.githubusercontent.com/PokeAPI/sprites/master/sprites/pokemon/other/official-artwork/564.png
565,アバゴーラ,,carracosta,こだいがめポケモン,5,water,rock,1.2,81.0,74,108,133,83,65,32,495,0,0,海と 陸地で 生活する。 張り手で タンカーの 船底に 穴を 開ける パワーの 持ち主。,https://raw.githubusercontent.com/PokeAPI/sprites/master/sprites/pokemon/565.png,https://raw.githubusercontent.com/PokeAPI/sprites/master/sprites/pokemon/other/official-artwork/565.png
566,アーケン,,archen,さいこどりポケモン,5,rock,flying,0.5,9.5,55,112,45,74,45,70,401,0,0,化石から 復活した ポケモン。 あらゆる とりポケモンの 祖先と 考えられている。,https://raw.githubusercontent.com/PokeAPI/sprites/master/sprites/pokemon/566.png,https://raw.githubusercontent.com/PokeAPI/sprites/master/sprites/pokemon/other/official-artwork/566.png
567,アーケオス,,archeops,さいこどりポケモン,5,rock,flying,1.4,32.0,75,140,65,112,65,110,567,0,0,地上で 助走を つけてから 飛び立つ。仲間と 協力して 獲物を しとめる 知能を 持つ。,https://raw.githubusercontent.com/PokeAPI/sprites/master/sprites/pokemon/567.png,https://raw.githubusercontent.com/PokeAPI/sprites/master/sprites/pokemon/other/official-artwork/567.png
568,ヤブクロン,,trubbish,ゴミぶくろポケモン,5,poison,,0.6,31.0,50,50,62,40,62,65,329,0,0,ゴミ袋が 産業廃棄物と 化学変化を 起こした ことで ポケモンとして 生まれ変わった。,https://raw.githubusercontent.com/PokeAPI/sprites/master/sprites/pokemon/568.png,https://raw.githubusercontent.com/PokeAPI/sprites/master/sprites/pokemon/other/official-artwork/568.png
569,ダストダス,,garbodor,ゴミすてばポケモン,5,poison,,1.9,107.3,80,95,82,60,82,75,474,0,0,左腕で 相手を 絞めつけて 口から 吐き出す 悪臭の 毒ガスで とどめを 刺すのだ。,https://raw.githubusercontent.com/PokeAPI/sprites/master/sprites/pokemon/569.png,https://raw.githubusercontent.com/PokeAPI/sprites/master/sprites/pokemon/other/official-artwork/569.png
570,ゾロア,,zorua,わるぎつねポケモン,5,dark,,0.7,12.5,40,65,40,80,40,65,330,0,0,相手そっくりに 化けているように みせかけ だましたり 驚かして そのすきに 逃げ出すことが 多い。,https://raw.githubusercontent.com/PokeAPI/sprites/master/sprites/pokemon/570.png,https://raw.githubusercontent.com/PokeAPI/sprites/master/sprites/pokemon/other/official-artwork/570.png
571,ゾロアーク,,zoroark,ばけぎつねポケモン,5,dark,,1.6,81.1,60,105,60,120,60,105,510,0,0,いっぺんに 大勢の 人を 化かす 力を 持つ。 幻の 景色を 見せて 住処を 守る。,https://raw.githubusercontent.com/PokeAPI/sprites/master/sprites/pokemon/571.png,https://raw.githubusercontent.com/PokeAPI/sprites/master/sprites/pokemon/other/official-artwork/571.png
572,チラーミィ,,minccino,チンチラポケモン,5,normal,,0.4,5.8,55,50,40,40,40,75,300,0,0,お互いの 尻尾で 相手を とことん きれいに してあげるのが チラーミィ同士の あいさつ。,https://raw.githubusercontent.com/PokeAPI/sprites/master/sprites/pokemon/572.png,https://raw.githubusercontent.com/PokeAPI/sprites/master/sprites/pokemon/other/official-artwork/572.png
573,チラチーノ,,cinccino,スカーフポケモン,5,normal,,0.5,7.5,75,95,60,65,60,115,470,0,0,白い 体毛は 肌触りが 抜群。 ほこりや 静電気を まったく 寄せつけないのだ。,https://raw.githubusercontent.com/PokeAPI/sprites/master/sprites/pokemon/573.png,https://raw.githubusercontent.com/PokeAPI/sprites/master/sprites/pokemon/other/official-artwork/573.png
574,ゴチム,,gothita,ぎょうしポケモン,5,psychic,,0.4,5.8,45,30,50,55,65,45,290,0,0,リボンのような 触角で サイコパワーを 増幅させる。 なにかを じっと 見つめている。,https://raw.githubusercontent.com/PokeAPI/sprites/master/sprites/pokemon/574.png,https://raw.githubusercontent.com/PokeAPI/sprites/master/sprites/pokemon/other/official-artwork/574.png
575,ゴチミル,,gothorita,あやつりポケモン,5,psychic,,0.7,18.0,60,45,70,75,85,55,390,0,0,星明りが パワーの 源。 夜になると サイコパワーで 石を 浮かべて 星の 配置を 印す。,https://raw.githubusercontent.com/PokeAPI/sprites/master/sprites/pokemon/575.png,https://raw.githubusercontent.com/PokeAPI/sprites/master/sprites/pokemon/other/official-artwork/575.png
576,ゴチルゼル,,gothitelle,てんたいポケモン,5,psychic,,1.5,44.0,70,55,95,95,110,65,490,0,0,強力な サイコパワーの 影響で ゴチルゼルの 周囲の 空間が ねじれ 何万光年も 遠くの 星空が 映る。,https://raw.githubusercontent.com/PokeAPI/sprites/master/sprites/pokemon/576.png,https://raw.githubusercontent.com/PokeAPI/sprites/master/sprites/pokemon/other/official-artwork/576.png
577,ユニラン,,solosis,さいぼうポケモン,5,psychic,,0.3,1.0,45,30,40,105,50,20,290,0,0,体が 特殊な 液体に 包まれているので どんな きびしい 状況でも 平気なのだ。,https://raw.githubusercontent.com/PokeAPI/sprites/master/sprites/pokemon/577.png,https://raw.githubusercontent.com/PokeAPI/sprites/master/sprites/pokemon/other/official-artwork/577.png
578,ダブラン,,duosion,ぶんかつポケモン,5,psychic,,0.6,8.0,65,40,50,125,60,30,370,0,0,２つに 分裂した 脳みそを 持っているため いきなり 違う 行動を とることが あるのだ。,https://raw.githubusercontent.com/PokeAPI/sprites/master/sprites/pokemon/578.png,https://raw.githubusercontent.com/PokeAPI/sprites/master/sprites/pokemon/other/official-artwork/578.png
579,ランクルス,,reuniclus,ぞうふくポケモン,5,psychic,,1.0,20.1,110,65,75,125,85,30,490,0,0,発揮した サイコパワーを 使い 特殊な 液体で つくられた 腕を 操り 岩を 砕く。,https://raw.githubusercontent.com/PokeAPI/sprites/master/sprites/pokemon/579.png,https://raw.githubusercontent.com/PokeAPI/sprites/master/sprites/pokemon/other/official-artwork/579.png
580,コアルヒー,,ducklett,みずどりポケモン,5,water,flying,0.5,5.5,62,44,50,44,50,55,305,0,0,敵に 襲われると 全身の 羽毛から 水しぶきを 出す。 水煙に 紛れて 逃げるのだ。,https://raw.githubusercontent.com/PokeAPI/sprites/master/sprites/pokemon/580.png,https://raw.githubusercontent.com/PokeAPI/sprites/master/sprites/pokemon/other/official-artwork/580.png
581,スワンナ,,swanna,しらとりポケモン,5,water,flying,1.3,24.2,75,87,63,87,63,98,473,0,0,優雅な みかけに よらず 翼で 力強く 羽ばたき 数千キロ 飛び続けられる。,https://raw.githubusercontent.com/PokeAPI/sprites/master/sprites/pokemon/581.png,https://raw.githubusercontent.com/PokeAPI/sprites/master/sprites/pokemon/other/official-artwork/581.png
582,バニプッチ,,vanillite,しんせつポケモン,5,ice,,0.4,5.7,36,50,50,65,60,44,305,0,0,マイナス５０度の 息を 吐く。 雪の 結晶を 作って あたりに 雪を 降らせる。,https://raw.githubusercontent.com/PokeAPI/sprites/master/sprites/pokemon/582.png,https://raw.githubusercontent.com/PokeAPI/sprites/master/sprites/pokemon/other/official-artwork/582.png
583,バニリッチ,,vanillish,ひょうせつポケモン,5,ice,,1.1,41.0,51,65,65,80,75,59,395,0,0,辺りの 空気を 冷やして 氷の 粒を 発生 させて 敵の 体を 凍りつかせる。,https://raw.githubusercontent.com/PokeAPI/sprites/master/sprites/pokemon/583.png,https://raw.githubusercontent.com/PokeAPI/sprites/master/sprites/pokemon/other/official-artwork/583.png
584,バイバニラ,,vanilluxe,ブリザードポケモン,5,ice,,1.3,57.5,71,95,85,110,95,79,535,0,0,２つの 頭が 同時に 怒ると ツノから 猛吹雪を 噴き出す。 あたりを 大雪で 埋めてしまう。,https://raw.githubusercontent.com/PokeAPI/sprites/master/sprites/pokemon/584.png,https://raw.githubusercontent.com/PokeAPI/sprites/master/sprites/pokemon/other/official-artwork/584.png
585,シキジカ,,deerling,きせつポケモン,5,normal,grass,0.6,19.5,60,60,50,40,50,75,335,0,0,季節が 変わったとき だけでなく 気温や 湿度に よっても 体の色は 少し 変化する。,https://raw.githubusercontent.com/PokeAPI/sprites/master/sprites/pokemon/585.png,https://raw.githubusercontent.com/PokeAPI/sprites/master/sprites/pokemon/other/official-artwork/585.png
586,メブキジカ,,sawsbuck,きせつポケモン,5,normal,grass,1.9,92.5,80,100,70,60,70,95,475,0,0,季節によって 住処を 変える。 人々は メブキジカの ツノで 季節の 移り変わりを 感じる。,https://raw.githubusercontent.com/PokeAPI/sprites/master/sprites/pokemon/586.png,https://raw.githubusercontent.com/PokeAPI/sprites/master/sprites/pokemon/other/official-artwork/586.png
587,エモンガ,,emolga,モモンガポケモン,5,electric,flying,0.4,5.0,55,75,60,75,60,103,428,0,0,森の 木の上で 暮らす。 マントのような 膜の 内側を 放電 させながら 滑空する。,https://raw.githubusercontent.com/PokeAPI/sprites/master/sprites/pokemon/587.png,https://raw.githubusercontent.com/PokeAPI/sprites/master/sprites/pokemon/other/official-artwork/587.png
588,カブルモ,,karrablast,かぶりつきポケモン,5,bug,,0.5,5.9,50,75,45,40,45,60,315,0,0,チョボマキと 一緒に いるときに 電気的な 刺激を 受けると 進化する 不思議な ポケモンだ。,https://raw.githubusercontent.com/PokeAPI/sprites/master/sprites/pokemon/588.png,https://raw.githubusercontent.com/PokeAPI/sprites/master/sprites/pokemon/other/official-artwork/588.png
589,シュバルゴ,,escavalier,きへいポケモン,5,bug,steel,1.0,33.0,70,135,105,60,105,20,495,0,0,チョボマキから 奪った 殻で 体を 覆い ガードしながら ２本の ヤリで 突いてくる。,https://raw.githubusercontent.com/PokeAPI/sprites/master/sprites/pokemon/589.png,https://raw.githubusercontent.com/PokeAPI/sprites/master/sprites/pokemon/other/official-artwork/589.png
590,タマゲタケ,,foongus,きのこポケモン,5,grass,poison,0.2,1.0,69,55,45,55,55,15,294,0,0,モンスターボールに 似た 模様で 誘い 毒胞子を 吹きかける。 なぜ 似ているかは ナゾである。,https://raw.githubusercontent.com/PokeAPI/sprites/master/sprites/pokemon/590.png,https://raw.githubusercontent.com/PokeAPI/sprites/master/sprites/pokemon/other/official-artwork/590.png
591,モロバレル,,amoonguss,きのこポケモン,5,grass,poison,0.6,10.5,114,85,70,85,80,30,464,0,0,モンスターボールの カサを 見せつけ 獲物を 誘き寄せようとするが だまされる ポケモンは 少ない。,https://raw.githubusercontent.com/PokeAPI/sprites/master/sprites/pokemon/591.png,https://raw.githubusercontent.com/PokeAPI/sprites/master/sprites/pokemon/other/official-artwork/591.png
592,プルリル,,frillish-male,ふゆうポケモン,5,water,ghost,1.2,33.0,55,40,50,65,85,40,335,0,0,獲物を 毒で しびれさせて ８０００メートルの 深海に あるという 住処に 連れていく。,https://raw.githubusercontent.com/PokeAPI/sprites/master/sprites/pokemon/592.png,https://raw.githubusercontent.com/PokeAPI/sprites/master/sprites/pokemon/other/official-artwork/592.png
593,ブルンゲル,,jellicent-male,ふゆうポケモン,5,water,ghost,2.2,135.0,100,60,70,85,105,60,480,0,0,体の ほとんどが 海水。 海底には ブルンゲルが 沈めた 船で できた 城が あるという。,https://raw.githubusercontent.com/PokeAPI/sprites/master/sprites/pokemon/593.png,https://raw.githubusercontent.com/PokeAPI/sprites/master/sprites/pokemon/other/official-artwork/593.png
594,ママンボウ,,alomomola,かいほうポケモン,5,water,,1.2,31.6,165,75,80,40,45,65,470,0,0,大海原を 漂って 暮らす。 傷ついた ポケモンを 見つけると 抱きかかえて 岸まで 運ぶ。,https://raw.githubusercontent.com/PokeAPI/sprites/master/sprites/pokemon/594.png,https://raw.githubusercontent.com/PokeAPI/sprites/master/sprites/pokemon/other/official-artwork/594.png
595,バチュル,,joltik,くっつきポケモン,5,bug,electric,0.1,0.6,50,47,50,57,50,65,319,0,0,自分では 電気を つくれないので 他の 大きな ポケモンに とりつき 静電気を 吸いとる。,https://raw.githubusercontent.com/PokeAPI/sprites/master/sprites/pokemon/595.png,https://raw.githubusercontent.com/PokeAPI/sprites/master/sprites/pokemon/other/official-artwork/595.png
596,デンチュラ,,galvantula,でんきグモポケモン,5,bug,electric,0.8,14.3,70,77,60,97,60,108,472,0,0,電気を 帯びた 糸で ワナを 仕掛ける。感電して 動けない 獲物を ゆっくりと いただくのだ。,https://raw.githubusercontent.com/PokeAPI/sprites/master/sprites/pokemon/596.png,https://raw.githubusercontent.com/PokeAPI/sprites/master/sprites/pokemon/other/official-artwork/596.png
597,テッシード,,ferroseed,とげのみポケモン,5,grass,steel,0.6,18.8,44,50,91,24,86,10,305,0,0,危険を 察知すると トゲを いっせいに 発射して 反撃。 その すきに 転がって 逃げる。,https://raw.githubusercontent.com/PokeAPI/sprites/master/sprites/pokemon/597.png,https://raw.githubusercontent.com/PokeAPI/sprites/master/sprites/pokemon/other/official-artwork/597.png
598,ナットレイ,,ferrothorn,とげだまポケモン,5,grass,steel,1.0,110.0,74,94,131,54,116,20,489,0,0,３本の 触手を たたきつけ さらに トゲを 飛ばして 相手を 跡形残らず 粉砕する。,https://raw.githubusercontent.com/PokeAPI/sprites/master/sprites/pokemon/598.png,https://raw.githubusercontent.com/PokeAPI/sprites/master/sprites/pokemon/other/official-artwork/598.png
599,ギアル,,klink,はぐるまポケモン,5,steel,,0.3,21.0,40,55,70,45,60,30,300,0,0,２つの 体が かみ合い 回転することで 生きるための エネルギーを 作り出している。,https://raw.githubusercontent.com/PokeAPI/sprites/master/sprites/pokemon/599.png,https://raw.githubusercontent.com/PokeAPI/sprites/master/sprites/pokemon/other/official-artwork/599.png
600,ギギアル,,klang,はぐるまポケモン,5,steel,,0.6,51.0,60,80,95,70,85,50,440,0,0,回転方向を 変える ことで 仲間に 気持ちを 伝えている。 怒るほど 回転が 速くなる。,https://raw.githubusercontent.com/PokeAPI/sprites/master/sprites/pokemon/600.png,https://raw.githubusercontent.com/PokeAPI/sprites/master/sprites/pokemon/other/official-artwork/600.png
601,ギギギアル,,klinklang,はぐるまポケモン,5,steel,,0.6,81.0,60,100,115,70,85,90,520,0,0,赤い コアの ついた ギアを 高速回転させて エネルギーを 急速チャージ するのだ。,https://raw.githubusercontent.com/PokeAPI/sprites/master/sprites/pokemon/601.png,https://raw.githubusercontent.com/PokeAPI/sprites/master/sprites/pokemon/other/official-artwork/601.png
602,シビシラス,,tynamo,でんきうおポケモン,5,electric,,0.2,0.3,35,55,40,45,40,60,275,0,0,１匹の 電力は 小さいが たくさんの シビシラスが つながると 雷と 同じ 威力になる。,https://raw.githubusercontent.com/PokeAPI/sprites/master/sprites/pokemon/602.png,https://raw.githubusercontent.com/PokeAPI/sprites/master/sprites/pokemon/other/official-artwork/602.png
603,シビビール,,eelektrik,でんきうおポケモン,5,electric,,1.2,22.0,65,85,70,75,70,40,405,0,0,相手に 巻きつき まるい はん点から 電気を 流して しびれたところを まるかじりする。,https://raw.githubusercontent.com/PokeAPI/sprites/master/sprites/pokemon/603.png,https://raw.githubusercontent.com/PokeAPI/sprites/master/sprites/pokemon/other/official-artwork/603.png
604,シビルドン,,eelektross,でんきうおポケモン,5,electric,,2.1,80.5,85,115,80,105,80,50,515,0,0,吸盤の 口で 獲物に 吸いつき 食いこませた キバから 電気を 流して 感電させる。,https://raw.githubusercontent.com/PokeAPI/sprites/master/sprites/pokemon/604.png,https://raw.githubusercontent.com/PokeAPI/sprites/master/sprites/pokemon/other/official-artwork/604.png
605,リグレー,,elgyem,ブレインポケモン,5,psychic,,0.5,9.0,55,55,55,85,55,30,335,0,0,強力な サイコパワーを 操る。 サイコパワーで 相手の 脳みそを 絞めつけて 頭痛を 起こさせる。,https://raw.githubusercontent.com/PokeAPI/sprites/master/sprites/pokemon/605.png,https://raw.githubusercontent.com/PokeAPI/sprites/master/sprites/pokemon/other/official-artwork/605.png
606,オーベム,,beheeyem,ブレインポケモン,5,psychic,,1.0,34.5,75,75,75,125,95,40,485,0,0,指先を 点滅 させて 会話するらしいが その パターンは まだ 解読 できていない。,https://raw.githubusercontent.com/PokeAPI/sprites/master/sprites/pokemon/606.png,https://raw.githubusercontent.com/PokeAPI/sprites/master/sprites/pokemon/other/official-artwork/606.png
607,ヒトモシ,,litwick,ろうそくポケモン,5,ghost,fire,0.3,3.1,50,30,55,65,55,20,275,0,0,明かりを 灯して 道案内を するように 見せかけながら 生命力を 吸い取っている。,https://raw.githubusercontent.com/PokeAPI/sprites/master/sprites/pokemon/607.png,https://raw.githubusercontent.com/PokeAPI/sprites/master/sprites/pokemon/other/official-artwork/607.png
608,ランプラー,,lampent,ランプポケモン,5,ghost,fire,0.6,13.0,60,40,60,95,60,55,370,0,0,魂を 吸いとり 火を灯す。 人が 死ぬのを 待つため 病院を うろつくようになった。,https://raw.githubusercontent.com/PokeAPI/sprites/master/sprites/pokemon/608.png,https://raw.githubusercontent.com/PokeAPI/sprites/master/sprites/pokemon/other/official-artwork/608.png
609,シャンデラ,,chandelure,いざないポケモン,5,ghost,fire,1.0,34.3,60,55,90,145,90,80,520,0,0,シャンデラの 炎に 包まれると 魂が 吸い取られ 燃やされる。 抜け殻の 体 だけが 残る。,https://raw.githubusercontent.com/PokeAPI/sprites/master/sprites/pokemon/609.png,https://raw.githubusercontent.com/PokeAPI/sprites/master/sprites/pokemon/other/official-artwork/609.png
610,キバゴ,,axew,キバポケモン,5,dragon,,0.6,18.0,46,87,60,30,40,57,320,0,0,木の実を キバで 砕いて 食べる。 何回も 生え変わることで 強く 鋭い キバに なる。,https://raw.githubusercontent.com/PokeAPI/sprites/master/sprites/pokemon/610.png,https://raw.githubusercontent.com/PokeAPI/sprites/master/sprites/pokemon/other/official-artwork/610.png
611,オノンド,,fraxure,あごオノポケモン,5,dragon,,1.0,36.0,66,117,70,40,50,67,410,0,0,大岩を 砕く キバを 持つ。 縄張りを 巡る オノンドたちの 争いは 非常に 激しい。,https://raw.githubusercontent.com/PokeAPI/sprites/master/sprites/pokemon/611.png,https://raw.githubusercontent.com/PokeAPI/sprites/master/sprites/pokemon/other/official-artwork/611.png
612,オノノクス,,haxorus,あごオノポケモン,5,dragon,,1.8,105.5,76,147,90,60,70,97,540,0,0,優しい 性格だが 縄張りを 荒らす 者には 容赦しない。 鉄を 切る キバで 挑みかかる。,https://raw.githubusercontent.com/PokeAPI/sprites/master/sprites/pokemon/612.png,https://raw.githubusercontent.com/PokeAPI/sprites/master/sprites/pokemon/other/official-artwork/612.png
613,クマシュン,,cubchoo,ひょうけつポケモン,5,ice,,0.5,8.5,55,70,40,60,40,40,305,0,0,いつも 鼻水を 垂らしている。 鼻水を すすって 技を 出す。 鼻水が 技の 素 なのだ。,https://raw.githubusercontent.com/PokeAPI/sprites/master/sprites/pokemon/613.png,https://raw.githubusercontent.com/PokeAPI/sprites/master/sprites/pokemon/other/official-artwork/613.png
614,ツンベアー,,beartic,とうけつポケモン,5,ice,,2.6,260.0,95,130,80,70,80,50,505,0,0,北の 冷たい 海を 好む。 口から 吐きだした 息を凍らせ 海の上に 道をつくり 歩く。,https://raw.githubusercontent.com/PokeAPI/sprites/master/sprites/pokemon/614.png,https://raw.githubusercontent.com/PokeAPI/sprites/master/sprites/pokemon/other/official-artwork/614.png
615,フリージオ,,cryogonal,けっしょうポケモン,5,ice,,1.1,148.0,80,50,50,95,135,105,515,0,0,雪雲の 中で 生まれた。 氷の 結晶で できた 鎖で 獲物を 捕まえる。,https://raw.githubusercontent.com/PokeAPI/sprites/master/sprites/pokemon/615.png,https://raw.githubusercontent.com/PokeAPI/sprites/master/sprites/pokemon/other/official-artwork/615.png
616,チョボマキ,,shelmet,マイマイポケモン,5,bug,,0.4,7.7,50,40,85,40,65,25,305,0,0,カブルモと 一緒に いるときに 電気的な 刺激を 受けると お互いの 体が 進化する。,https://raw.githubusercontent.com/PokeAPI/sprites/master/sprites/pokemon/616.png,https://raw.githubusercontent.com/PokeAPI/sprites/master/sprites/pokemon/other/official-artwork/616.png
617,アギルダー,,accelgor,からぬけポケモン,5,bug,,0.8,25.3,80,70,40,100,60,145,495,0,0,重い 殻を 脱いだために 身軽になった。まるで 忍者のような 身のこなしで 戦う。,https://raw.githubusercontent.com/PokeAPI/sprites/master/sprites/pokemon/617.png,https://raw.githubusercontent.com/PokeAPI/sprites/master/sprites/pokemon/other/official-artwork/617.png
618,マッギョ,,stunfisk,トラップポケモン,5,ground,electric,0.7,11.0,109,66,84,81,99,32,471,0,0,皮膚が 硬いので 相撲取りに 踏まれても 平気。 電気を 流すとき 笑い顔に なる。,https://raw.githubusercontent.com/PokeAPI/sprites/master/sprites/pokemon/618.png,https://raw.githubusercontent.com/PokeAPI/sprites/master/sprites/pokemon/other/official-artwork/618.png
619,コジョフー,,mienfoo,ぶじゅつポケモン,5,fighting,,0.9,20.0,45,85,50,55,50,65,350,0,0,技を繰り出す スピードが 自慢。 たとえ パワーは 低くても 手数の 多さで カバーする。,https://raw.githubusercontent.com/PokeAPI/sprites/master/sprites/pokemon/619.png,https://raw.githubusercontent.com/PokeAPI/sprites/master/sprites/pokemon/other/official-artwork/619.png
620,コジョンド,,mienshao,ぶじゅつポケモン,5,fighting,,1.4,35.5,65,125,60,95,60,105,510,0,0,腕の 体毛を ムチのように あつかう。両腕の 攻撃は 目にも 止まらぬ 速さ。,https://raw.githubusercontent.com/PokeAPI/sprites/master/sprites/pokemon/620.png,https://raw.githubusercontent.com/PokeAPI/sprites/master/sprites/pokemon/other/official-artwork/620.png
621,クリムガン,,druddigon,ほらあなポケモン,5,dragon,,1.6,139.0,77,120,90,60,90,48,485,0,0,狭い 洞穴を 走り回り 獲物を 鋭い ツメで 捕獲。 顔の 皮膚は 岩より 硬い。,https://raw.githubusercontent.com/PokeAPI/sprites/master/sprites/pokemon/621.png,https://raw.githubusercontent.com/PokeAPI/sprites/master/sprites/pokemon/other/official-artwork/621.png
622,ゴビット,,golett,ゴーレムポケモン,5,ground,ghost,1.0,92.0,59,74,50,35,50,35,303,0,0,体内で 燃える エネルギーに よって 活動しているが どんな エネルギーなのかは 不明である。,https://raw.githubusercontent.com/PokeAPI/sprites/master/sprites/pokemon/622.png,https://raw.githubusercontent.com/PokeAPI/sprites/master/sprites/pokemon/other/official-artwork/622.png
623,ゴルーグ,,golurk,ゴーレムポケモン,5,ground,ghost,2.8,330.0,89,124,80,55,80,55,483,0,0,ゴルーグを 作った 古代人から 人や ポケモンを 守るように 命令されていると 言われている。,https://raw.githubusercontent.com/PokeAPI/sprites/master/sprites/pokemon/623.png,https://raw.githubusercontent.com/PokeAPI/sprites/master/sprites/pokemon/other/official-artwork/623.png
624,コマタナ,,pawniard,はものポケモン,5,dark,steel,0.5,10.2,45,85,70,40,40,60,340,0,0,全身が 刃物の ポケモン。 戦いで 刃こぼれすると 河原の 石で 刃を とぐ。,https://raw.githubusercontent.com/PokeAPI/sprites/master/sprites/pokemon/624.png,https://raw.githubusercontent.com/PokeAPI/sprites/master/sprites/pokemon/other/official-artwork/624.png
625,キリキザン,,bisharp,とうじんポケモン,5,dark,steel,1.6,70.0,65,125,100,60,70,70,490,0,0,数匹の コマタナを 戦わせ 傷つき 動けなくなった 獲物を 真っ二つにする 怖い ポケモン。,https://raw.githubusercontent.com/PokeAPI/sprites/master/sprites/pokemon/625.png,https://raw.githubusercontent.com/PokeAPI/sprites/master/sprites/pokemon/other/official-artwork/625.png
626,バッフロン,,bouffalant,ずつきうしポケモン,5,normal,,1.6,94.6,95,110,95,40,95,55,490,0,0,見境なく 突進して 頭突きを 食らわせる。走っている 列車を 脱線させる 破壊力。,https://raw.githubusercontent.com/PokeAPI/sprites/master/sprites/pokemon/626.png,https://raw.githubusercontent.com/PokeAPI/sprites/master/sprites/pokemon/other/official-artwork/626.png
627,ワシボン,,rufflet,ヒナわしポケモン,5,normal,flying,0.5,10.5,70,83,50,37,50,60,350,0,0,脚力で 木の実を 砕く。 どんなに 強い 相手でも 勇敢に 立ち向かう 習性。,https://raw.githubusercontent.com/PokeAPI/sprites/master/sprites/pokemon/627.png,https://raw.githubusercontent.com/PokeAPI/sprites/master/sprites/pokemon/other/official-artwork/627.png
628,ウォーグル,,braviary,ゆうもうポケモン,5,normal,flying,1.5,41.0,100,123,75,57,75,80,510,0,0,仲間の ためなら どれだけ 傷つこうとも 戦いを やめない 勇敢な 大空の 戦士。,https://raw.githubusercontent.com/PokeAPI/sprites/master/sprites/pokemon/628.png,https://raw.githubusercontent.com/PokeAPI/sprites/master/sprites/pokemon/other/official-artwork/628.png
629,バルチャイ,,vullaby,おむつポケモン,5,dark,flying,0.5,9.0,70,55,75,45,65,60,370,0,0,翼が 小さいため 飛べない。 進化の ときが 近づくと 自分から ガイコツを 脱ぎ捨てる。,https://raw.githubusercontent.com/PokeAPI/sprites/master/sprites/pokemon/629.png,https://raw.githubusercontent.com/PokeAPI/sprites/master/sprites/pokemon/other/official-artwork/629.png
630,バルジーナ,,mandibuzz,ほねわしポケモン,5,dark,flying,1.2,39.5,110,65,105,55,95,80,510,0,0,大空で 円を描きつつ 飛び 獲物を みつけると 襲いかかって 巣まで 軽々と 運んでいく。,https://raw.githubusercontent.com/PokeAPI/sprites/master/sprites/pokemon/630.png,https://raw.githubusercontent.com/PokeAPI/sprites/master/sprites/pokemon/other/official-artwork/630.png
631,クイタラン,,heatmor,アリクイポケモン,5,fire,,1.4,58.0,85,97,66,105,66,65,484,0,0,高温で 燃える 炎の 舌で アイアントの 鋼の 体を 溶かして 中身を いただくのだ。,https://raw.githubusercontent.com/PokeAPI/sprites/master/sprites/pokemon/631.png,https://raw.githubusercontent.com/PokeAPI/sprites/master/sprites/pokemon/other/official-artwork/631.png
632,アイアント,,durant,てつアリポケモン,5,bug,steel,0.3,33.0,58,109,112,48,48,109,484,0,0,天敵の クイタランに 対して みんなで 役割分担 しながら 反撃して 巣から 追い払う。,https://raw.githubusercontent.com/PokeAPI/sprites/master/sprites/pokemon/632.png,https://raw.githubusercontent.com/PokeAPI/sprites/master/sprites/pokemon/other/official-artwork/632.png
633,モノズ,,deino,そぼうポケモン,5,dark,dragon,0.8,17.3,52,65,50,45,50,38,300,0,0,目が 見えないため 体当たりしたり かみついて まわりを 探る。 体中 生傷が 絶えない。,https://raw.githubusercontent.com/PokeAPI/sprites/master/sprites/pokemon/633.png,https://raw.githubusercontent.com/PokeAPI/sprites/master/sprites/pokemon/other/official-artwork/633.png
634,ジヘッド,,zweilous,らんぼうポケモン,5,dark,dragon,1.4,50.0,72,85,70,65,70,58,420,0,0,２つの 頭は 仲が 悪く 相手より 多く 食べることで 主導権を 握ろうと する。,https://raw.githubusercontent.com/PokeAPI/sprites/master/sprites/pokemon/634.png,https://raw.githubusercontent.com/PokeAPI/sprites/master/sprites/pokemon/other/official-artwork/634.png
635,サザンドラ,,hydreigon,きょうぼうポケモン,5,dark,dragon,1.8,160.0,92,105,90,125,90,98,600,0,0,両腕の 頭は 脳みそを 持たない。 ３つの 頭で すべてを 食べつくし 破壊してしまう。,https://raw.githubusercontent.com/PokeAPI/sprites/master/sprites/pokemon/635.png,https://raw.githubusercontent.com/PokeAPI/sprites/master/sprites/pokemon/other/official-artwork/635.png
636,メラルバ,,larvesta,たいまつポケモン,5,bug,fire,1.1,28.8,55,85,55,50,55,60,360,0,0,太陽から 生まれたと いわれる。 進化するとき ツノから 噴き出した 炎で 全身を 包みこむ。,https://raw.githubusercontent.com/PokeAPI/sprites/master/sprites/pokemon/636.png,https://raw.githubusercontent.com/PokeAPI/sprites/master/sprites/pokemon/other/official-artwork/636.png
637,ウルガモス,,volcarona,たいようポケモン,5,bug,fire,1.6,46.0,85,60,65,135,105,100,550,0,0,戦いになると ６枚の 羽から 火の粉の りんぷんを まき散らして あたり 一面を 火の海にする。,https://raw.githubusercontent.com/PokeAPI/sprites/master/sprites/pokemon/637.png,https://raw.githubusercontent.com/PokeAPI/sprites/master/sprites/pokemon/other/official-artwork/637.png
638,コバルオン,,cobalion,てっしんポケモン,5,steel,fighting,2.1,250.0,91,90,129,90,72,108,580,1,0,鋼の 体と 心を 持つ。 にらみつけるだけで 凶暴な ポケモンも 従わせてしまう。,https://raw.githubusercontent.com/PokeAPI/sprites/master/sprites/pokemon/638.png,https://raw.githubusercontent.com/PokeAPI/sprites/master/sprites/pokemon/other/official-artwork/638.png
639,テラキオン,,terrakion,がんくつポケモン,5,rock,fighting,1.9,260.0,91,129,90,72,90,108,580,1,0,巨大な 城壁を 一撃で 突破するほどの 突進力。 伝説で 語られる ポケモン。,https://raw.githubusercontent.com/PokeAPI/sprites/master/sprites/pokemon/639.png,https://raw.githubusercontent.com/PokeAPI/sprites/master/sprites/pokemon/other/official-artwork/639.png
640,ビリジオン,,virizion,そうげんポケモン,5,grass,fighting,2.0,200.0,91,90,72,90,129,108,580,1,0,頭の ツノは 鋭い 刃。 旋風のような 動きで 敵を 翻弄して 素早く 切りつける。,https://raw.githubusercontent.com/PokeAPI/sprites/master/sprites/pokemon/640.png,https://raw.githubusercontent.com/PokeAPI/sprites/master/sprites/pokemon/other/official-artwork/640.png
641,トルネロス,,tornadus-incarnate,せんぷうポケモン,5,flying,,1.5,63.0,79,115,70,125,80,111,580,1,0,雲のような エネルギー体に 下半身が 包まれている。 時速３００キロで 空を 飛ぶ。,https://raw.githubusercontent.com/PokeAPI/sprites/master/sprites/pokemon/641.png,https://raw.githubusercontent.com/PokeAPI/sprites/master/sprites/pokemon/other/official-artwork/641.png
642,ボルトロス,,thundurus-incarnate,らいげきポケモン,5,electric,flying,1.5,61.0,79,115,70,125,80,111,580,1,0,尻尾の トゲから 電撃を 撃ち出す。イッシュ地方の 空を 飛び回り 雷を 落とす。,https://raw.githubusercontent.com/PokeAPI/sprites/master/sprites/pokemon/642.png,https://raw.githubusercontent.com/PokeAPI/sprites/master/sprites/pokemon/other/official-artwork/642.png
643,レシラム,,reshiram,はくようポケモン,5,dragon,fire,3.2,330.0,100,120,100,150,120,90,680,1,0,炎で 世界を 燃やしつくせる 伝説の ポケモン。真実の 世界を 築く 人を 助ける。,https://raw.githubusercontent.com/PokeAPI/sprites/master/sprites/pokemon/643.png,https://raw.githubusercontent.com/PokeAPI/sprites/master/sprites/pokemon/other/official-artwork/643.png
644,ゼクロム,,zekrom,こくいんポケモン,5,dragon,electric,2.9,345.0,100,150,120,120,100,90,680,1,0,稲妻で 世界を 焼きつくせる 伝説の ポケモン。理想の 世界を つくる 人を 補佐する。,https://raw.githubusercontent.com/PokeAPI/sprites/master/sprites/pokemon/644.png,https://raw.githubusercontent.com/PokeAPI/sprites/master/sprites/pokemon/other/official-artwork/644.png
645,ランドロス,,landorus-incarnate,ほうじょうポケモン,5,ground,flying,1.5,68.0,89,125,90,115,80,101,600,1,0,ランドロスが 訪れる 土地は 作物が たくさん 実るため 畑の神様 と 言われている。,https://raw.githubusercontent.com/PokeAPI/sprites/master/sprites/pokemon/645.png,https://raw.githubusercontent.com/PokeAPI/sprites/master/sprites/pokemon/other/official-artwork/645.png
646,キュレム,,kyurem,きょうかいポケモン,5,dragon,ice,3.0,325.0,125,130,90,130,90,95,660,1,0,失った 体を 真実と 理想で 埋めてくれる 英雄を 待つ 氷の 伝説ポケモン。,https://raw.githubusercontent.com/PokeAPI/sprites/master/sprites/pokemon/646.png,https://raw.githubusercontent.com/PokeAPI/sprites/master/sprites/pokemon/other/official-artwork/646.png
647,ケルディオ,,keldeo-ordinary,わかごまポケモン,5,water,fighting,1.4,48.5,91,72,90,129,90,108,580,0,1,海や 川など 水面を 走り 世界中を 駆け巡る。 美しい 水辺に 現れる。,https://raw.githubusercontent.com/PokeAPI/sprites/master/sprites/pokemon/647.png,https://raw.githubusercontent.com/PokeAPI/sprites/master/sprites/pokemon/other/official-artwork/647.png
648,メロエッタ,,meloetta-aria,せんりつポケモン,5,normal,psychic,0.6,6.5,100,77,77,128,128,90,600,0,1,メロエッタの 奏でる 旋律は まわりの ポケモンを 喜ばせたり 悲しませるほどの パワーがある。,https://raw.githubusercontent.com/PokeAPI/sprites/master/sprites/pokemon/648.png,https://raw.githubusercontent.com/PokeAPI/sprites/master/sprites/pokemon/other/official-artwork/648.png
649,ゲノセクト,,genesect,こせいだいポケモン,5,bug,steel,1.5,82.5,71,120,95,120,95,99,600,0,1,プラズマ団によって 改造された 古代の むしポケモン。 背中の 大砲が パワーアップした。,https://raw.githubusercontent.com/PokeAPI/sprites/master/sprites/pokemon/649.png,https://raw.githubusercontent.com/PokeAPI/sprites/master/sprites/pokemon/other/official-artwork/649.png
650,ハリマロン,,chespin,いがぐりポケモン,6,grass,,0.4,9.0,56,61,65,48,45,38,313,0,0,普段 やわらかい 頭の トゲは 力を こめると 鋭く とがり 岩をも つらぬくほど 硬くなる。,https://raw.githubusercontent.com/PokeAPI/sprites/master/sprites/pokemon/650.png,https://raw.githubusercontent.com/PokeAPI/sprites/master/sprites/pokemon/other/official-artwork/650.png
651,ハリボーグ,,quilladin,とげよろいポケモン,6,grass,,0.7,29.0,61,78,95,56,58,57,405,0,0,体を 覆う 頑丈な 殻が 敵の 攻撃を 弾き返し 鋭い トゲで 反撃する。,https://raw.githubusercontent.com/PokeAPI/sprites/master/sprites/pokemon/651.png,https://raw.githubusercontent.com/PokeAPI/sprites/master/sprites/pokemon/other/official-artwork/651.png
652,ブリガロン,,chesnaught,とげよろいポケモン,6,grass,fighting,1.6,90.0,88,107,122,74,75,64,530,0,0,体当たりで ５０トンの 戦車を ひっくり返す パワー。 自分が 盾となって 仲間を 守る。,https://raw.githubusercontent.com/PokeAPI/sprites/master/sprites/pokemon/652.png,https://raw.githubusercontent.com/PokeAPI/sprites/master/sprites/pokemon/other/official-artwork/652.png
653,フォッコ,,fennekin,キツネポケモン,6,fire,,0.4,9.4,40,45,40,62,60,60,307,0,0,小枝を 食べると 元気になって 摂氏２００度を 超える 熱気を 大きな 耳から 噴き出す。,https://raw.githubusercontent.com/PokeAPI/sprites/master/sprites/pokemon/653.png,https://raw.githubusercontent.com/PokeAPI/sprites/master/sprites/pokemon/other/official-artwork/653.png
654,テールナー,,braixen,キツネポケモン,6,fire,,1.0,14.5,59,59,58,90,70,73,409,0,0,木の枝を 尻尾に 挿している。 尻尾の 毛の 摩擦熱で 枝に 火をつけて 戦う。,https://raw.githubusercontent.com/PokeAPI/sprites/master/sprites/pokemon/654.png,https://raw.githubusercontent.com/PokeAPI/sprites/master/sprites/pokemon/other/official-artwork/654.png
655,マフォクシー,,delphox,キツネポケモン,6,fire,psychic,1.5,39.0,75,69,72,114,100,104,534,0,0,杖の 先端で 燃える 炎を 見つめて 精神統一すると 未来の 出来事を 見通せる。,https://raw.githubusercontent.com/PokeAPI/sprites/master/sprites/pokemon/655.png,https://raw.githubusercontent.com/PokeAPI/sprites/master/sprites/pokemon/other/official-artwork/655.png
656,ケロマツ,,froakie,あわがえるポケモン,6,water,,0.3,7.0,41,56,40,62,44,71,314,0,0,胸と 背中から 泡を 出す。 弾力のある 泡で 攻撃を 受け止めて ダメージを 減らす。,https://raw.githubusercontent.com/PokeAPI/sprites/master/sprites/pokemon/656.png,https://raw.githubusercontent.com/PokeAPI/sprites/master/sprites/pokemon/other/official-artwork/656.png
657,ゲコガシラ,,frogadier,あわがえるポケモン,6,water,,0.6,10.9,54,63,52,83,56,97,405,0,0,泡で 包んだ 小石を 投げる 技を 使う。３０メートル 先の 空き缶に 当てる コントロール。,https://raw.githubusercontent.com/PokeAPI/sprites/master/sprites/pokemon/657.png,https://raw.githubusercontent.com/PokeAPI/sprites/master/sprites/pokemon/other/official-artwork/657.png
658,ゲッコウガ,,greninja,しのびポケモン,6,water,dark,1.5,40.0,72,95,67,103,71,122,530,0,0,水を 圧縮して 手裏剣を 作り出す。 高速回転させて 飛ばすと 金属も 真っ二つ。,https://raw.githubusercontent.com/PokeAPI/sprites/master/sprites/pokemon/658.png,https://raw.githubusercontent.com/PokeAPI/sprites/master/sprites/pokemon/other/official-artwork/658.png
659,ホルビー,,bunnelby,あなほりポケモン,6,normal,,0.4,5.0,38,36,38,32,36,57,237,0,0,大きな 耳で 地面を 掘って 巣穴を 作る。 一晩中 休まずに 掘り続けられる。,https://raw.githubusercontent.com/PokeAPI/sprites/master/sprites/pokemon/659.png,https://raw.githubusercontent.com/PokeAPI/sprites/master/sprites/pokemon/other/official-artwork/659.png
660,ホルード,,diggersby,あなほりポケモン,6,normal,ground,1.0,42.4,85,56,77,50,77,78,423,0,0,大きな 耳は １トンを 超える 岩を 楽に 持ち上げる パワー。 工事現場で 大活躍する。,https://raw.githubusercontent.com/PokeAPI/sprites/master/sprites/pokemon/660.png,https://raw.githubusercontent.com/PokeAPI/sprites/master/sprites/pokemon/other/official-artwork/660.png
661,ヤヤコマ,,fletchling,コマドリポケモン,6,normal,flying,0.3,1.7,45,50,43,40,38,62,278,0,0,人懐っこい 性格。美しい さえずりと 尾羽を 振る 動きで 仲間に 合図を 送る。,https://raw.githubusercontent.com/PokeAPI/sprites/master/sprites/pokemon/661.png,https://raw.githubusercontent.com/PokeAPI/sprites/master/sprites/pokemon/other/official-artwork/661.png
662,ヒノヤコマ,,fletchinder,ひのこポケモン,6,fire,flying,0.7,16.0,62,73,55,56,52,84,382,0,0,火の粉を クチバシから 飛ばして 草むらを 焦がし 驚いて 飛び出した 獲物を 捕まえる。,https://raw.githubusercontent.com/PokeAPI/sprites/master/sprites/pokemon/662.png,https://raw.githubusercontent.com/PokeAPI/sprites/master/sprites/pokemon/other/official-artwork/662.png
663,ファイアロー,,talonflame,れっかポケモン,6,fire,flying,1.2,24.5,78,81,71,74,69,126,499,0,0,激しい 戦いで 興奮すると 全身の 羽毛の すきまから 火の粉を 噴き出して 飛行する。,https://raw.githubusercontent.com/PokeAPI/sprites/master/sprites/pokemon/663.png,https://raw.githubusercontent.com/PokeAPI/sprites/master/sprites/pokemon/other/official-artwork/663.png
664,コフキムシ,,scatterbug,こなふきポケモン,6,bug,,0.3,2.5,38,35,40,27,25,35,200,0,0,とりポケモンに 襲われると 黒い 粉を まき散らす。 触れると マヒする 毒の粉だ。,https://raw.githubusercontent.com/PokeAPI/sprites/master/sprites/pokemon/664.png,https://raw.githubusercontent.com/PokeAPI/sprites/master/sprites/pokemon/other/official-artwork/664.png
665,コフーライ,,spewpa,こなふきポケモン,6,bug,,0.3,8.4,45,22,60,27,30,29,213,0,0,しげみの 陰に 隠れて 暮らす。 敵に 襲われると 体の 毛を 鋭く 逆立てて 威嚇する。,https://raw.githubusercontent.com/PokeAPI/sprites/master/sprites/pokemon/665.png,https://raw.githubusercontent.com/PokeAPI/sprites/master/sprites/pokemon/other/official-artwork/665.png
666,ビビヨン,,vivillon,りんぷんポケモン,6,bug,flying,1.2,17.0,80,52,50,90,50,89,411,0,0,世界には さまざまな 羽模様の ビビヨンがいる。住んでいる 土地の 気候が 影響しているようだ。,https://raw.githubusercontent.com/PokeAPI/sprites/master/sprites/pokemon/666.png,https://raw.githubusercontent.com/PokeAPI/sprites/master/sprites/pokemon/other/official-artwork/666.png
667,シシコ,,litleo,わかじしポケモン,6,fire,normal,0.6,13.5,62,50,58,73,54,72,369,0,0,強い 相手に 立ち向かうときほど たてがみが 高温になり 全身に 力が みなぎるのだ。,https://raw.githubusercontent.com/PokeAPI/sprites/master/sprites/pokemon/667.png,https://raw.githubusercontent.com/PokeAPI/sprites/master/sprites/pokemon/other/official-artwork/667.png
668,カエンジシ,,pyroar-male,おうじゃポケモン,6,fire,normal,1.5,81.5,86,68,72,109,66,106,507,0,0,群れの 中で 一番 大きな 炎の たてがみを 持つ オスが リーダーとして 仲間を 率いる。,https://raw.githubusercontent.com/PokeAPI/sprites/master/sprites/pokemon/668.png,https://raw.githubusercontent.com/PokeAPI/sprites/master/sprites/pokemon/other/official-artwork/668.png
669,フラベベ,,flabebe,いちりんポケモン,6,fairy,,0.1,0.1,44,38,39,61,79,42,303,0,0,花の 秘めた 力を 引き出して 自在に 操る。フラベベが 持つ 花は もはや 体の 一部だ。,https://raw.githubusercontent.com/PokeAPI/sprites/master/sprites/pokemon/669.png,https://raw.githubusercontent.com/PokeAPI/sprites/master/sprites/pokemon/other/official-artwork/669.png
670,フラエッテ,,floette,いちりんポケモン,6,fairy,,0.2,0.9,54,45,47,75,98,52,371,0,0,花畑を 飛び回り 枯れかけた 花を 世話する。花の 秘められた 力を 引き出して 戦う。,https://raw.githubusercontent.com/PokeAPI/sprites/master/sprites/pokemon/670.png,https://raw.githubusercontent.com/PokeAPI/sprites/master/sprites/pokemon/other/official-artwork/670.png
671,フラージェス,,florges,ガーデンポケモン,6,fairy,,1.1,10.0,78,65,68,112,154,75,552,0,0,テリトリーは 見事な 花園。 草花の 放つ エネルギーを 浴びて 自分の パワーにするのだ。,https://raw.githubusercontent.com/PokeAPI/sprites/master/sprites/pokemon/671.png,https://raw.githubusercontent.com/PokeAPI/sprites/master/sprites/pokemon/other/official-artwork/671.png
672,メェークル,,skiddo,ライドポケモン,6,grass,,0.9,31.0,66,65,48,62,57,52,350,0,0,人と 暮らすようになった 最初の ポケモンと 言われる。 穏やかな 性格の ポケモン。,https://raw.githubusercontent.com/PokeAPI/sprites/master/sprites/pokemon/672.png,https://raw.githubusercontent.com/PokeAPI/sprites/master/sprites/pokemon/other/official-artwork/672.png
673,ゴーゴート,,gogoat,ライドポケモン,6,grass,,1.7,91.0,123,100,62,97,81,68,531,0,0,ツノを 握る わずかな 違いから トレーナーの 気持ちを 読み取るので 一体となって 走れるのだ。,https://raw.githubusercontent.com/PokeAPI/sprites/master/sprites/pokemon/673.png,https://raw.githubusercontent.com/PokeAPI/sprites/master/sprites/pokemon/other/official-artwork/673.png
674,ヤンチャム,,pancham,やんちゃポケモン,6,fighting,,0.6,8.0,67,82,62,46,48,43,348,0,0,敵に なめられないよう がんばって にらみつけるが 効果は 薄い。 くわえた 葉っぱが トレードマーク。,https://raw.githubusercontent.com/PokeAPI/sprites/master/sprites/pokemon/674.png,https://raw.githubusercontent.com/PokeAPI/sprites/master/sprites/pokemon/other/official-artwork/674.png
675,ゴロンダ,,pangoro,こわもてポケモン,6,fighting,dark,2.1,136.0,95,124,78,69,71,58,495,0,0,気性が 荒く ケンカっ早いが 弱いものいじめは 許さない。 葉っぱで 敵の 動きを 読む。,https://raw.githubusercontent.com/PokeAPI/sprites/master/sprites/pokemon/675.png,https://raw.githubusercontent.com/PokeAPI/sprites/master/sprites/pokemon/other/official-artwork/675.png
676,トリミアン,,furfrou,プードルポケモン,6,normal,,1.2,28.0,75,80,60,65,90,102,472,0,0,ボサボサの 体毛を 刈りこむと 姿が 美しくなる だけでなく 身体の キレが 良くなるのだ。,https://raw.githubusercontent.com/PokeAPI/sprites/master/sprites/pokemon/676.png,https://raw.githubusercontent.com/PokeAPI/sprites/master/sprites/pokemon/other/official-artwork/676.png
677,ニャスパー,,espurr,じせいポケモン,6,psychic,,0.3,3.5,62,48,54,63,60,68,355,0,0,強力な サイコパワーが 漏れ出さないように 放出する 器官を 耳で ふさいでいるのだ。,https://raw.githubusercontent.com/PokeAPI/sprites/master/sprites/pokemon/677.png,https://raw.githubusercontent.com/PokeAPI/sprites/master/sprites/pokemon/other/official-artwork/677.png
678,ニャオニクス,,meowstic-male,よくせいポケモン,6,psychic,,0.6,8.5,74,48,76,83,81,104,466,0,0,危険が 迫ると 耳を 持ち上げ １０トン トラックを ひねりつぶす サイコパワーを 解放する。,https://raw.githubusercontent.com/PokeAPI/sprites/master/sprites/pokemon/678.png,https://raw.githubusercontent.com/PokeAPI/sprites/master/sprites/pokemon/other/official-artwork/678.png
679,ヒトツキ,,honedge,とうけんポケモン,6,steel,ghost,0.8,2.0,45,80,100,35,37,28,325,0,0,死者の 魂が 古代の 剣に 宿って 生まれたらしい。 人に とりつき 命を 吸う。,https://raw.githubusercontent.com/PokeAPI/sprites/master/sprites/pokemon/679.png,https://raw.githubusercontent.com/PokeAPI/sprites/master/sprites/pokemon/other/official-artwork/679.png
680,ニダンギル,,doublade,とうけんポケモン,6,steel,ghost,0.8,4.5,59,110,150,45,49,35,448,0,0,進化して ２本に 分裂した。 テレパシーで 会話して 連係攻撃で 敵を 切り刻む。,https://raw.githubusercontent.com/PokeAPI/sprites/master/sprites/pokemon/680.png,https://raw.githubusercontent.com/PokeAPI/sprites/master/sprites/pokemon/other/official-artwork/680.png
681,ギルガルド,,aegislash-shield,おうけんポケモン,6,steel,ghost,1.7,53.0,60,50,140,50,140,60,500,0,0,歴代の 王が 連れていた。 霊力で 人や ポケモンの 心を 操り 従わせる。,https://raw.githubusercontent.com/PokeAPI/sprites/master/sprites/pokemon/681.png,https://raw.githubusercontent.com/PokeAPI/sprites/master/sprites/pokemon/other/official-artwork/681.png
682,シュシュプ,,spritzee,こうすいポケモン,6,fairy,,0.2,0.5,78,52,60,63,65,23,341,0,0,かいだ 者を うっとりさせる 香りを 体から 漂わせる。 食べた もので 香りが 変わる。,https://raw.githubusercontent.com/PokeAPI/sprites/master/sprites/pokemon/682.png,https://raw.githubusercontent.com/PokeAPI/sprites/master/sprites/pokemon/other/official-artwork/682.png
683,フレフワン,,aromatisse,ほうこうポケモン,6,fairy,,0.8,15.5,101,72,72,99,89,29,462,0,0,さまざまな においを 作り出す。 相手の 嫌がる においを 出して 戦いを 有利に 進めるのだ。,https://raw.githubusercontent.com/PokeAPI/sprites/master/sprites/pokemon/683.png,https://raw.githubusercontent.com/PokeAPI/sprites/master/sprites/pokemon/other/official-artwork/683.png
684,ペロッパフ,,swirlix,わたあめポケモン,6,fairy,,0.4,3.5,62,48,66,59,57,49,341,0,0,わたあめのような 甘くて ベタつく 白い 糸を 出して 相手を 絡め取り 動きを 封じる。,https://raw.githubusercontent.com/PokeAPI/sprites/master/sprites/pokemon/684.png,https://raw.githubusercontent.com/PokeAPI/sprites/master/sprites/pokemon/other/official-artwork/684.png
685,ペロリーム,,slurpuff,ホイップポケモン,6,fairy,,0.8,5.0,82,80,86,85,75,72,480,0,0,わずかな においでも かぎわける 敏感な きゅうかくを 活かして パティシエの 手伝いを している。,https://raw.githubusercontent.com/PokeAPI/sprites/master/sprites/pokemon/685.png,https://raw.githubusercontent.com/PokeAPI/sprites/master/sprites/pokemon/other/official-artwork/685.png
686,マーイーカ,,inkay,かいてんポケモン,6,dark,psychic,0.4,3.5,53,54,53,37,46,45,288,0,0,発光体の 点滅を 見つめた 相手は 目が くらみ 戦う 気持ちが なくなってしまうのだ。,https://raw.githubusercontent.com/PokeAPI/sprites/master/sprites/pokemon/686.png,https://raw.githubusercontent.com/PokeAPI/sprites/master/sprites/pokemon/other/official-artwork/686.png
687,カラマネロ,,malamar,ぎゃくてんポケモン,6,dark,psychic,1.5,47.0,86,92,88,68,75,73,482,0,0,ポケモンで 一番 強力な 催眠術を 使う。相手を 意のままに 操ってしまうのだ。,https://raw.githubusercontent.com/PokeAPI/sprites/master/sprites/pokemon/687.png,https://raw.githubusercontent.com/PokeAPI/sprites/master/sprites/pokemon/other/official-artwork/687.png
688,カメテテ,,binacle,ふたてポケモン,6,rock,water,0.5,31.0,42,52,67,39,56,50,306,0,0,２匹の カメテテが ひとつの 岩で 暮らす。ケンカすると どちらかが 他の 岩に 移る。,https://raw.githubusercontent.com/PokeAPI/sprites/master/sprites/pokemon/688.png,https://raw.githubusercontent.com/PokeAPI/sprites/master/sprites/pokemon/other/official-artwork/688.png
689,ガメノデス,,barbaracle,しゅうごうポケモン,6,rock,water,1.3,96.0,72,105,115,54,86,68,500,0,0,進化のとき ２匹の カメテテが ７匹に 分裂した ポケモン。 ７匹分の パワーで 戦う。,https://raw.githubusercontent.com/PokeAPI/sprites/master/sprites/pokemon/689.png,https://raw.githubusercontent.com/PokeAPI/sprites/master/sprites/pokemon/other/official-artwork/689.png
690,クズモー,,skrelp,クサモドキポケモン,6,poison,water,0.5,7.3,50,60,60,60,60,30,320,0,0,腐った 海藻に 擬態する。 気づかずに 近寄ってきた 獲物に 毒液を 浴びせて しとめる。,https://raw.githubusercontent.com/PokeAPI/sprites/master/sprites/pokemon/690.png,https://raw.githubusercontent.com/PokeAPI/sprites/master/sprites/pokemon/other/official-artwork/690.png
691,ドラミドロ,,dragalge,クサモドキポケモン,6,poison,dragon,1.8,81.5,65,75,90,97,123,44,494,0,0,タンカーの 船体を 腐らせる 猛毒を 縄張りに 入りこんだ ものに 見境なく 吐きかける。,https://raw.githubusercontent.com/PokeAPI/sprites/master/sprites/pokemon/691.png,https://raw.githubusercontent.com/PokeAPI/sprites/master/sprites/pokemon/other/official-artwork/691.png
692,ウデッポウ,,clauncher,みずでっぽうポケモン,6,water,,0.5,8.3,50,53,62,58,63,44,330,0,0,大きな ハサミから 圧縮した 水を ピストルのように 撃ち出し 飛んでいる 獲物を 撃ち落とす。,https://raw.githubusercontent.com/PokeAPI/sprites/master/sprites/pokemon/692.png,https://raw.githubusercontent.com/PokeAPI/sprites/master/sprites/pokemon/other/official-artwork/692.png
693,ブロスター,,clawitzer,ランチャーポケモン,6,water,,1.3,35.3,71,73,88,120,89,59,500,0,0,水の 砲弾を 発射する 巨大な 腕を 持つ。 タンカーの 船体を 撃ち抜くぞ。,https://raw.githubusercontent.com/PokeAPI/sprites/master/sprites/pokemon/693.png,https://raw.githubusercontent.com/PokeAPI/sprites/master/sprites/pokemon/other/official-artwork/693.png
694,エリキテル,,helioptile,はつでんポケモン,6,electric,normal,0.5,6.0,44,38,33,61,43,70,289,0,0,砂漠で 生活する。 太陽の 光を 浴びて 発電すれば エサを 食べなくても 平気なのだ。,https://raw.githubusercontent.com/PokeAPI/sprites/master/sprites/pokemon/694.png,https://raw.githubusercontent.com/PokeAPI/sprites/master/sprites/pokemon/other/official-artwork/694.png
695,エレザード,,heliolisk,はつでんポケモン,6,electric,normal,1.0,21.0,62,55,52,109,94,109,481,0,0,エリマキを 広げて 発電する。 エレザード １匹で 高層ビルで 必要な 電気を 作れるのだ。,https://raw.githubusercontent.com/PokeAPI/sprites/master/sprites/pokemon/695.png,https://raw.githubusercontent.com/PokeAPI/sprites/master/sprites/pokemon/other/official-artwork/695.png
696,チゴラス,,tyrunt,ようくんポケモン,6,rock,dragon,0.8,26.0,58,89,77,45,45,48,362,0,0,化石から 復活した ポケモン。 気に入らない ことが あると かんしゃくを 起こして 大暴れ。,https://raw.githubusercontent.com/PokeAPI/sprites/master/sprites/pokemon/696.png,https://raw.githubusercontent.com/PokeAPI/sprites/master/sprites/pokemon/other/official-artwork/696.png
697,ガチゴラス,,tyrantrum,ぼうくんポケモン,6,rock,dragon,2.5,270.0,82,121,119,69,59,71,521,0,0,分厚い 鉄板を 紙のように かみちぎる おおあごで 古代の 世界では 無敵を 誇った。,https://raw.githubusercontent.com/PokeAPI/sprites/master/sprites/pokemon/697.png,https://raw.githubusercontent.com/PokeAPI/sprites/master/sprites/pokemon/other/official-artwork/697.png
698,アマルス,,amaura,ツンドラポケモン,6,rock,ice,1.3,25.2,77,59,50,67,63,46,362,0,0,化石から 復元が 成功。 敵の 少ない 寒い土地で 群れを つくり 暮らしていた。,https://raw.githubusercontent.com/PokeAPI/sprites/master/sprites/pokemon/698.png,https://raw.githubusercontent.com/PokeAPI/sprites/master/sprites/pokemon/other/official-artwork/698.png
699,アマルルガ,,aurorus,ツンドラポケモン,6,rock,ice,2.7,225.0,123,77,72,99,92,58,521,0,0,マイナス１５０度の 冷気を ひし形の 結晶から 出して 敵を 包み 氷漬けにする。,https://raw.githubusercontent.com/PokeAPI/sprites/master/sprites/pokemon/699.png,https://raw.githubusercontent.com/PokeAPI/sprites/master/sprites/pokemon/other/official-artwork/699.png
700,ニンフィア,,sylveon,むすびつきポケモン,6,fairy,,1.0,23.5,95,65,65,110,130,60,525,0,0,リボンのような 触覚から 気持ちを 和らげる 波動を 送りこみ 戦いを やめさせる。,https://raw.githubusercontent.com/PokeAPI/sprites/master/sprites/pokemon/700.png,https://raw.githubusercontent.com/PokeAPI/sprites/master/sprites/pokemon/other/official-artwork/700.png
701,ルチャブル,,hawlucha,レスリングポケモン,6,fighting,flying,0.8,21.5,78,92,75,74,63,118,500,0,0,体格は 小柄だが カイリキーや ハリテヤマなど 大きな ポケモンと 互角に 戦う テクニシャン。,https://raw.githubusercontent.com/PokeAPI/sprites/master/sprites/pokemon/701.png,https://raw.githubusercontent.com/PokeAPI/sprites/master/sprites/pokemon/other/official-artwork/701.png
702,デデンネ,,dedenne,アンテナポケモン,6,electric,fairy,0.2,2.2,67,58,57,81,67,101,431,0,0,ヒゲが アンテナの 役割。 電波を 送受信して 遠くの 仲間と 連絡を 取り合うのだ。,https://raw.githubusercontent.com/PokeAPI/sprites/master/sprites/pokemon/702.png,https://raw.githubusercontent.com/PokeAPI/sprites/master/sprites/pokemon/other/official-artwork/702.png
703,メレシー,,carbink,ほうせきポケモン,6,rock,fairy,0.3,5.7,50,50,150,50,150,50,500,0,0,地下深くの 高温 高圧な 環境で 生まれた。 頭の 石から エネルギーを 放つ。,https://raw.githubusercontent.com/PokeAPI/sprites/master/sprites/pokemon/703.png,https://raw.githubusercontent.com/PokeAPI/sprites/master/sprites/pokemon/other/official-artwork/703.png
704,ヌメラ,,goomy,なんたいポケモン,6,dragon,,0.3,2.8,45,50,35,55,75,40,300,0,0,一番 弱い ドラゴンポケモン。 ヌメヌメの 体が 乾かないよう ジメジメした 日陰で 暮らす。,https://raw.githubusercontent.com/PokeAPI/sprites/master/sprites/pokemon/704.png,https://raw.githubusercontent.com/PokeAPI/sprites/master/sprites/pokemon/other/official-artwork/704.png
705,ヌメイル,,sliggoo,なんたいポケモン,6,dragon,,0.8,17.5,68,75,53,83,113,60,452,0,0,なんでも 溶かしてしまう 粘液を 分泌して 敵を 撃退する。 目玉は 退化して 見えていない。,https://raw.githubusercontent.com/PokeAPI/sprites/master/sprites/pokemon/705.png,https://raw.githubusercontent.com/PokeAPI/sprites/master/sprites/pokemon/other/official-artwork/705.png
706,ヌメルゴン,,goodra,ドラゴンポケモン,6,dragon,,2.0,150.5,90,100,70,110,150,80,600,0,0,人懐っこい ドラゴンポケモン。 大好きな トレーナーに 抱き着いて 粘液で ヌルヌルにしてしまう。,https://raw.githubusercontent.com/PokeAPI/sprites/master/sprites/pokemon/706.png,https://raw.githubusercontent.com/PokeAPI/sprites/master/sprites/pokemon/other/official-artwork/706.png
707,クレッフィ,,klefki,かぎたばポケモン,6,steel,fairy,0.2,3.0,57,80,91,80,87,75,470,0,0,カギを 集める 習性。 敵に 襲われると ジャラジャラと カギを 打ち鳴らして 威嚇する。,https://raw.githubusercontent.com/PokeAPI/sprites/master/sprites/pokemon/707.png,https://raw.githubusercontent.com/PokeAPI/sprites/master/sprites/pokemon/other/official-artwork/707.png
708,ボクレー,,phantump,きりかぶポケモン,6,ghost,grass,0.4,7.0,43,70,48,50,60,38,309,0,0,腐った 切り株に 魂が 宿り ポケモンに なった。 人の 寄りつかない 森に 住む。,https://raw.githubusercontent.com/PokeAPI/sprites/master/sprites/pokemon/708.png,https://raw.githubusercontent.com/PokeAPI/sprites/master/sprites/pokemon/other/official-artwork/708.png
709,オーロット,,trevenant,ろうぼくポケモン,6,ghost,grass,1.5,71.0,85,110,76,65,82,56,474,0,0,ほかの 木々を 自在に 操る。 森を 荒らす 人間は 死ぬまで 森から 出られないようにするのだ。,https://raw.githubusercontent.com/PokeAPI/sprites/master/sprites/pokemon/709.png,https://raw.githubusercontent.com/PokeAPI/sprites/master/sprites/pokemon/other/official-artwork/709.png
710,バケッチャ,,pumpkaboo-average,かぼちゃポケモン,6,ghost,grass,0.4,5.0,49,66,70,44,55,51,335,0,0,成仏できない 魂を カボチャの 体に 入れている。 日暮れと ともに 動きはじめる。,https://raw.githubusercontent.com/PokeAPI/sprites/master/sprites/pokemon/710.png,https://raw.githubusercontent.com/PokeAPI/sprites/master/sprites/pokemon/other/official-artwork/710.png
711,パンプジン,,gourgeist-average,かぼちゃポケモン,6,ghost,grass,0.9,12.5,65,90,122,58,75,84,494,0,0,新月の 夜に 不気味な 声で 歌いながら 街中を さまよう。 その歌を 聞くと のろわれる。,https://raw.githubusercontent.com/PokeAPI/sprites/master/sprites/pokemon/711.png,https://raw.githubusercontent.com/PokeAPI/sprites/master/sprites/pokemon/other/official-artwork/711.png
712,カチコール,,bergmite,ひょうかいポケモン,6,ice,,1.0,99.5,55,69,85,32,35,28,304,0,0,体を 覆う 氷が 敵の 攻撃を 防ぐ。割られても 冷気で すぐに 氷を 張る。,https://raw.githubusercontent.com/PokeAPI/sprites/master/sprites/pokemon/712.png,https://raw.githubusercontent.com/PokeAPI/sprites/master/sprites/pokemon/other/official-artwork/712.png
713,クレベース,,avalugg,ひょうざんポケモン,6,ice,,2.0,505.0,95,117,184,44,46,28,514,0,0,凍りついた 体は 鋼鉄のように 硬い。立ちふさがる ものを 巨体で 押しつぶし 移動する。,https://raw.githubusercontent.com/PokeAPI/sprites/master/sprites/pokemon/713.png,https://raw.githubusercontent.com/PokeAPI/sprites/master/sprites/pokemon/other/official-artwork/713.png
714,オンバット,,noibat,おんぱポケモン,6,flying,dragon,0.5,8.0,40,30,35,45,40,55,245,0,0,真っ暗な 洞窟で 暮らす。 ２０万ヘルツの 超音波を 大きな 耳から 発射する。,https://raw.githubusercontent.com/PokeAPI/sprites/master/sprites/pokemon/714.png,https://raw.githubusercontent.com/PokeAPI/sprites/master/sprites/pokemon/other/official-artwork/714.png
715,オンバーン,,noivern,おんぱポケモン,6,flying,dragon,1.5,85.0,85,70,80,97,80,123,535,0,0,月明かりすら ない 闇夜を 飛び 油断している 獲物を 襲う。 暗闇の 戦いでは 無敵だ。,https://raw.githubusercontent.com/PokeAPI/sprites/master/sprites/pokemon/715.png,https://raw.githubusercontent.com/PokeAPI/sprites/master/sprites/pokemon/other/official-artwork/715.png
716,ゼルネアス,,xerneas,せいめいポケモン,6,fairy,,3.0,215.0,126,131,95,131,98,99,680,1,0,永遠の 命を 分け与えると 言われている。樹木の 姿で １０００年 眠り 復活する。,https://raw.githubusercontent.com/PokeAPI/sprites/master/sprites/pokemon/716.png,https://raw.githubusercontent.com/PokeAPI/sprites/master/sprites/pokemon/other/official-artwork/716.png
717,イベルタル,,yveltal,はかいポケモン,6,dark,flying,5.8,203.0,126,131,95,131,98,99,680,1,0,翼と 尾羽を 広げて 赤く 輝くとき 生き物の 命を 吸い取る 伝説の ポケモン。,https://raw.githubusercontent.com/PokeAPI/sprites/master/sprites/pokemon/717.png,https://raw.githubusercontent.com/PokeAPI/sprites/master/sprites/pokemon/other/official-artwork/717.png
718,ジガルデ,,zygarde-50,ちつじょポケモン,6,dragon,ground,5.0,305.0,108,100,121,81,95,95,600,1,0,カロス地方の 生態系が 崩れると 姿を 現して 秘めた 力を 発揮するらしい。,https://raw.githubusercontent.com/PokeAPI/sprites/master/sprites/pokemon/718.png,https://raw.githubusercontent.com/PokeAPI/sprites/master/sprites/pokemon/other/official-artwork/718.png
719,ディアンシー,,diancie,ほうせきポケモン,6,rock,fairy,0.7,8.8,50,100,150,100,150,50,600,0,1,メレシーの 突然変異。 ピンク色に 輝く 体は 世界一 美しいと 言われる。,https://raw.githubusercontent.com/PokeAPI/sprites/master/sprites/pokemon/719.png,https://raw.githubusercontent.com/PokeAPI/sprites/master/sprites/pokemon/other/official-artwork/719.png
720,フーパ,,hoopa,いたずらポケモン,6,psychic,ghost,0.5,9.0,80,110,60,150,130,70,600,0,1,空間を ゆがめる リングで あらゆる ものを 離れた 場所へ 飛ばしてしまう トラブルメーカー。,https://raw.githubusercontent.com/PokeAPI/sprites/master/sprites/pokemon/720.png,https://raw.githubusercontent.com/PokeAPI/sprites/master/sprites/pokemon/other/official-artwork/720.png
721,ボルケニオン,,volcanion,スチームポケモン,6,fire,water,1.7,195.0,80,110,120,130,90,70,600,0,1,水蒸気を 噴き出して 自分の 姿を 濃霧で 隠す。人の 立ち入らない 山に 住むという。,https://raw.githubusercontent.com/PokeAPI/sprites/master/sprites/pokemon/721.png,https://raw.githubusercontent.com/PokeAPI/sprites/master/sprites/pokemon/other/official-artwork/721.png
722,モクロー,,rowlet,くさばねポケモン,7,grass,flying,0.3,1.5,68,55,55,50,50,42,320,0,0,警戒心が 強い。 昼は 光合成で 力を 溜めて 夜になったら 活動開始。,https://raw.githubusercontent.com/PokeAPI/sprites/master/sprites/pokemon/722.png,https://raw.githubusercontent.com/PokeAPI/sprites/master/sprites/pokemon/other/official-artwork/722.png
723,フクスロー,,dartrix,はばねポケモン,7,grass,flying,0.7,16.0,78,75,75,70,70,52,420,0,0,気取り屋で 暇が あれば 翼の 手入れ。 羽毛の 汚れが 気に なりすぎて 戦えないことも。,https://raw.githubusercontent.com/PokeAPI/sprites/master/sprites/pokemon/723.png,https://raw.githubusercontent.com/PokeAPI/sprites/master/sprites/pokemon/other/official-artwork/723.png
724,ジュナイパー,,decidueye,やばねポケモン,7,grass,ghost,1.6,36.6,78,107,75,100,100,70,530,0,0,翼に 仕込まれた 矢羽を 番えて放つ。 １００メートル先の 小石も 貫く 精度。,https://raw.githubusercontent.com/PokeAPI/sprites/master/sprites/pokemon/724.png,https://raw.githubusercontent.com/PokeAPI/sprites/master/sprites/pokemon/other/official-artwork/724.png
725,ニャビー,,litten,ひねこポケモン,7,fire,,0.4,4.3,45,65,40,60,40,70,320,0,0,毛づくろいで お腹に 溜まった 抜け毛を 燃やして 火を 吹く。 毛の 吐きかたで 炎も 変化。,https://raw.githubusercontent.com/PokeAPI/sprites/master/sprites/pokemon/725.png,https://raw.githubusercontent.com/PokeAPI/sprites/master/sprites/pokemon/other/official-artwork/725.png
726,ニャヒート,,torracat,ひねこポケモン,7,fire,,0.7,25.0,65,85,50,80,50,90,420,0,0,首の 付け根に 炎の 鈴が ある。 炎が 噴きだすとき リンリンと 高い音が 鳴る。,https://raw.githubusercontent.com/PokeAPI/sprites/master/sprites/pokemon/726.png,https://raw.githubusercontent.com/PokeAPI/sprites/master/sprites/pokemon/other/official-artwork/726.png
727,ガオガエン,,incineroar,ヒールポケモン,7,fire,dark,1.8,83.0,95,115,90,80,90,60,530,0,0,粗暴で 身勝手な 性格。 気分が 乗らなければ トレーナーの 命令も 平気で 無視するぞ。,https://raw.githubusercontent.com/PokeAPI/sprites/master/sprites/pokemon/727.png,https://raw.githubusercontent.com/PokeAPI/sprites/master/sprites/pokemon/other/official-artwork/727.png
728,アシマリ,,popplio,あしかポケモン,7,water,,0.4,7.5,50,54,54,66,56,40,320,0,0,頑張り屋な 性質で 有名。 体液を 鼻で 膨らませた バルーンを 敵に ぶつける。,https://raw.githubusercontent.com/PokeAPI/sprites/master/sprites/pokemon/728.png,https://raw.githubusercontent.com/PokeAPI/sprites/master/sprites/pokemon/other/official-artwork/728.png
729,オシャマリ,,brionne,アイドルポケモン,7,water,,0.6,17.5,60,69,69,91,81,50,420,0,0,ダンスが 得意で 踊りながら 次々に 水の バルーンを 作りだし 敵に ぶつけるぞ。,https://raw.githubusercontent.com/PokeAPI/sprites/master/sprites/pokemon/729.png,https://raw.githubusercontent.com/PokeAPI/sprites/master/sprites/pokemon/other/official-artwork/729.png
730,アシレーヌ,,primarina,ソリストポケモン,7,water,fairy,1.8,44.0,80,74,74,126,116,60,530,0,0,水のバルーンを 歌で 操る。 そのメロディは 仲間に 学び 代々 群れに 引き継がれていく。,https://raw.githubusercontent.com/PokeAPI/sprites/master/sprites/pokemon/730.png,https://raw.githubusercontent.com/PokeAPI/sprites/master/sprites/pokemon/other/official-artwork/730.png
731,ツツケラ,,pikipek,きつつきポケモン,7,normal,flying,0.3,1.2,35,75,30,30,30,65,265,0,0,秒間１６連打 で 木を 突き 穴を ほる。 開けた 穴は 餌を 仕舞う 貯蔵庫や 巣に 使う。,https://raw.githubusercontent.com/PokeAPI/sprites/master/sprites/pokemon/731.png,https://raw.githubusercontent.com/PokeAPI/sprites/master/sprites/pokemon/other/official-artwork/731.png
732,ケララッパ,,trumbeak,ラッパぐちポケモン,7,normal,flying,0.6,14.8,55,85,50,40,50,75,355,0,0,クチバシに 喰った きのみの タネを 溜め込む。 敵や 獲物に 出会うと 一気に 発射する。,https://raw.githubusercontent.com/PokeAPI/sprites/master/sprites/pokemon/732.png,https://raw.githubusercontent.com/PokeAPI/sprites/master/sprites/pokemon/other/official-artwork/732.png
733,ドデカバシ,,toucannon,おおづつポケモン,7,normal,flying,1.1,26.0,80,120,75,75,75,60,485,0,0,クチバシを 発熱させ 戦う。 その温度は １００度を 優に 超え 突かれるだけで 大火傷。,https://raw.githubusercontent.com/PokeAPI/sprites/master/sprites/pokemon/733.png,https://raw.githubusercontent.com/PokeAPI/sprites/master/sprites/pokemon/other/official-artwork/733.png
734,ヤングース,,yungoos,うろつきポケモン,7,normal,,0.4,6.0,48,70,30,30,30,45,253,0,0,鋭いキバで なんにでも かみつく。 元々 アローラには 棲んでおらず 他の地方から 連れてこられた。,https://raw.githubusercontent.com/PokeAPI/sprites/master/sprites/pokemon/734.png,https://raw.githubusercontent.com/PokeAPI/sprites/master/sprites/pokemon/other/official-artwork/734.png
735,デカグース,,gumshoos,はりこみポケモン,7,normal,,0.7,14.2,88,110,60,55,60,45,418,0,0,獲物の 痕跡を みつけると 粘り強く その場に 張り込むが 日暮れには うつらうつら している。,https://raw.githubusercontent.com/PokeAPI/sprites/master/sprites/pokemon/735.png,https://raw.githubusercontent.com/PokeAPI/sprites/master/sprites/pokemon/other/official-artwork/735.png
736,アゴジムシ,,grubbin,ようちゅうポケモン,7,bug,,0.4,4.4,47,62,45,55,45,46,300,0,0,丈夫な 顎で 樹木を 削り 樹液を すする。 普段は 地面の 中で 暮らす。,https://raw.githubusercontent.com/PokeAPI/sprites/master/sprites/pokemon/736.png,https://raw.githubusercontent.com/PokeAPI/sprites/master/sprites/pokemon/other/official-artwork/736.png
737,デンヂムシ,,charjabug,バッテリーポケモン,7,bug,electric,0.5,10.5,57,82,95,55,75,36,400,0,0,体内に 蓄電機能を 持つ。 キャンプの ときなど １匹 いると とても ありがたい ポケモンだ。,https://raw.githubusercontent.com/PokeAPI/sprites/master/sprites/pokemon/737.png,https://raw.githubusercontent.com/PokeAPI/sprites/master/sprites/pokemon/other/official-artwork/737.png
738,クワガノン,,vikavolt,くわがたポケモン,7,bug,electric,1.5,45.0,77,70,90,145,75,43,500,0,0,飛び回って 隙を うかがう。 電気エネルギーを 大きなアゴで 収束させ 敵に 発射。,https://raw.githubusercontent.com/PokeAPI/sprites/master/sprites/pokemon/738.png,https://raw.githubusercontent.com/PokeAPI/sprites/master/sprites/pokemon/other/official-artwork/738.png
739,マケンカニ,,crabrawler,けんとうポケモン,7,fighting,,0.6,7.0,47,82,57,42,47,63,338,0,0,ハサミで 弱点を ガードしつつ 隙を うかがい パンチを 放つ。 負けたほうは 泡を ふいて ダウン。,https://raw.githubusercontent.com/PokeAPI/sprites/master/sprites/pokemon/739.png,https://raw.githubusercontent.com/PokeAPI/sprites/master/sprites/pokemon/other/official-artwork/739.png
740,ケケンカニ,,crabominable,けがにポケモン,7,fighting,ice,1.7,180.0,97,132,77,62,67,43,478,0,0,トップを 目指すはずが 雪山に 迷い登り 寒さに 耐えるうちに 毛が 生えてきて 進化していた。,https://raw.githubusercontent.com/PokeAPI/sprites/master/sprites/pokemon/740.png,https://raw.githubusercontent.com/PokeAPI/sprites/master/sprites/pokemon/other/official-artwork/740.png
741,オドリドリ,,oricorio-baile,ダンスポケモン,7,fire,flying,0.6,3.4,75,70,70,98,70,93,476,0,0,羽を 打ち合わせて 発火。 華麗な ステップを 踏みながら 激しい 炎を 浴びせかけるぞ。,https://raw.githubusercontent.com/PokeAPI/sprites/master/sprites/pokemon/741.png,https://raw.githubusercontent.com/PokeAPI/sprites/master/sprites/pokemon/other/official-artwork/741.png
742,アブリー,,cutiefly,ツリアブポケモン,7,bug,fairy,0.1,0.2,40,45,40,55,40,84,304,0,0,花のミツや 花粉が 餌。 オーラを 感じる 力を 持ち 咲きそうな 花を 見分けている。,https://raw.githubusercontent.com/PokeAPI/sprites/master/sprites/pokemon/742.png,https://raw.githubusercontent.com/PokeAPI/sprites/master/sprites/pokemon/other/official-artwork/742.png
743,アブリボン,,ribombee,ツリアブポケモン,7,bug,fairy,0.2,0.5,60,55,60,95,70,124,464,0,0,花粉を 丸め 団子を つくる。 食用 から 戦闘用 まで たくさんの 種類が あるよ。,https://raw.githubusercontent.com/PokeAPI/sprites/master/sprites/pokemon/743.png,https://raw.githubusercontent.com/PokeAPI/sprites/master/sprites/pokemon/other/official-artwork/743.png
744,イワンコ,,rockruff,こいぬポケモン,7,rock,,0.5,9.2,45,65,40,30,40,60,280,0,0,よく なつくので 初心者に お勧めのポケモンと いわれるが 育つと 気性は 荒くなる。,https://raw.githubusercontent.com/PokeAPI/sprites/master/sprites/pokemon/744.png,https://raw.githubusercontent.com/PokeAPI/sprites/master/sprites/pokemon/other/official-artwork/744.png
745,ルガルガン,,lycanroc-midday,オオカミポケモン,7,rock,,0.8,25.0,75,115,65,55,65,112,487,0,0,素早く 動き 敵を 惑わす。 ツメや キバの ほか タテガミの とがった 岩も 武器の ひとつ。,https://raw.githubusercontent.com/PokeAPI/sprites/master/sprites/pokemon/745.png,https://raw.githubusercontent.com/PokeAPI/sprites/master/sprites/pokemon/other/official-artwork/745.png
746,ヨワシ,,wishiwashi-solo,こざかなポケモン,7,water,,0.2,0.3,45,20,20,25,25,40,175,0,0,ピンチになると 目が 潤みだし 輝く。 その光に 群れる 仲間と 敵に 立ち向かうのだ。,https://raw.githubusercontent.com/PokeAPI/sprites/master/sprites/pokemon/746.png,https://raw.githubusercontent.com/PokeAPI/sprites/master/sprites/pokemon/other/official-artwork/746.png
747,ヒドイデ,,mareanie,ヒトデナシポケモン,7,poison,water,0.4,8.0,50,53,62,43,52,45,305,0,0,頭に ある 毒トゲで 獲物を ズブリ。 弱ったところを １０本の 触手で 捕らえ 止めを 刺す。,https://raw.githubusercontent.com/PokeAPI/sprites/master/sprites/pokemon/747.png,https://raw.githubusercontent.com/PokeAPI/sprites/master/sprites/pokemon/other/official-artwork/747.png
748,ドヒドイデ,,toxapex,ヒトデナシポケモン,7,poison,water,0.7,14.5,50,63,152,53,142,35,495,0,0,１２本の足で 海底を はう。 ドヒドイデの はったあとには サニーゴのカスが 散らばっている。,https://raw.githubusercontent.com/PokeAPI/sprites/master/sprites/pokemon/748.png,https://raw.githubusercontent.com/PokeAPI/sprites/master/sprites/pokemon/other/official-artwork/748.png
749,ドロバンコ,,mudbray,うさぎうまポケモン,7,ground,,1.0,110.0,70,100,70,45,55,45,385,0,0,足に まとわりついた 泥が グリップに なり 力強い 走りを 実現しているのだ。,https://raw.githubusercontent.com/PokeAPI/sprites/master/sprites/pokemon/749.png,https://raw.githubusercontent.com/PokeAPI/sprites/master/sprites/pokemon/other/official-artwork/749.png
750,バンバドロ,,mudsdale,ばんばポケモン,7,ground,,2.5,920.0,100,125,100,55,85,35,500,0,0,口から 吐く 泥は 固まると 雨風にも 強いので 昔の 家の 壁には よく塗られている。,https://raw.githubusercontent.com/PokeAPI/sprites/master/sprites/pokemon/750.png,https://raw.githubusercontent.com/PokeAPI/sprites/master/sprites/pokemon/other/official-artwork/750.png
751,シズクモ,,dewpider,すいほうポケモン,7,water,bug,0.3,4.0,38,40,52,40,72,27,269,0,0,餌を 求め 地上に あがる。 水泡を 被るのは 呼吸と 柔らかい 頭を 守るため。,https://raw.githubusercontent.com/PokeAPI/sprites/master/sprites/pokemon/751.png,https://raw.githubusercontent.com/PokeAPI/sprites/master/sprites/pokemon/other/official-artwork/751.png
752,オニシズクモ,,araquanid,すいほうポケモン,7,water,bug,1.8,82.0,68,70,92,50,132,42,454,0,0,頭部の 水泡で ヘッドバット。 小さなポケモンで あれば そのまま 水泡に 取り込まれ 溺れ死ぬ。,https://raw.githubusercontent.com/PokeAPI/sprites/master/sprites/pokemon/752.png,https://raw.githubusercontent.com/PokeAPI/sprites/master/sprites/pokemon/other/official-artwork/752.png
753,カリキリ,,fomantis,かまくさポケモン,7,grass,,0.3,1.5,40,55,35,50,35,35,250,0,0,昼間は 光を浴びて 眠り 夜に なると より 安全な 寝床を 探し 歩き出す。,https://raw.githubusercontent.com/PokeAPI/sprites/master/sprites/pokemon/753.png,https://raw.githubusercontent.com/PokeAPI/sprites/master/sprites/pokemon/other/official-artwork/753.png
754,ラランテス,,lurantis,はなかまポケモン,7,grass,,0.9,18.5,70,105,90,80,90,45,480,0,0,鮮やかな 体色を 保つには 非常に 手間が かかるが それを 趣味にする 好事家も いるのだ。,https://raw.githubusercontent.com/PokeAPI/sprites/master/sprites/pokemon/754.png,https://raw.githubusercontent.com/PokeAPI/sprites/master/sprites/pokemon/other/official-artwork/754.png
755,ネマシュ,,morelull,はっこうポケモン,7,grass,fairy,0.2,1.5,40,35,55,65,75,15,285,0,0,点滅しながら 発光する 胞子を あたりに ばら撒く。 その光を 見た者は 深い眠りに おちる。,https://raw.githubusercontent.com/PokeAPI/sprites/master/sprites/pokemon/755.png,https://raw.githubusercontent.com/PokeAPI/sprites/master/sprites/pokemon/other/official-artwork/755.png
756,マシェード,,shiinotic,はっこうポケモン,7,grass,fairy,1.0,11.5,60,45,80,90,100,30,405,0,0,夜中に マシェードの棲む 森に いくのは 危険。 怪しい光に 惑わされ 二度と 帰れなくなる。,https://raw.githubusercontent.com/PokeAPI/sprites/master/sprites/pokemon/756.png,https://raw.githubusercontent.com/PokeAPI/sprites/master/sprites/pokemon/other/official-artwork/756.png
757,ヤトウモリ,,salandit,どくトカゲポケモン,7,poison,fire,0.6,4.8,48,44,40,71,40,77,320,0,0,体液を 燃やし 毒ガスを たく。 ガスを 吸った 敵が フラフラに なったあと 襲いかかるのだ。,https://raw.githubusercontent.com/PokeAPI/sprites/master/sprites/pokemon/757.png,https://raw.githubusercontent.com/PokeAPI/sprites/master/sprites/pokemon/other/official-artwork/757.png
758,エンニュート,,salazzle,どくトカゲポケモン,7,poison,fire,1.2,22.2,68,64,60,111,60,117,480,0,0,なぜか ♀しか 見つかっていない。 ヤトウモリの♂を 引き連れて 逆ハーレムを 作って 暮らす。,https://raw.githubusercontent.com/PokeAPI/sprites/master/sprites/pokemon/758.png,https://raw.githubusercontent.com/PokeAPI/sprites/master/sprites/pokemon/other/official-artwork/758.png
759,ヌイコグマ,,stufful,じたばたポケモン,7,normal,fighting,0.5,6.8,70,75,50,45,50,50,340,0,0,愛くるしい 見た目だが 怒って ジタバタする 手足に ぶつかると プロレスラーでも 吹っ飛ばされる。,https://raw.githubusercontent.com/PokeAPI/sprites/master/sprites/pokemon/759.png,https://raw.githubusercontent.com/PokeAPI/sprites/master/sprites/pokemon/other/official-artwork/759.png
760,キテルグマ,,bewear,ごうわんポケモン,7,normal,fighting,2.1,135.0,120,125,80,55,60,60,500,0,0,圧倒的な 筋力を 持つ 非常に 危険な ポケモン。 生息地は 基本 立ち入り禁止。,https://raw.githubusercontent.com/PokeAPI/sprites/master/sprites/pokemon/760.png,https://raw.githubusercontent.com/PokeAPI/sprites/master/sprites/pokemon/other/official-artwork/760.png
761,アマカジ,,bounsweet,フルーツポケモン,7,grass,,0.3,3.2,42,30,38,30,38,32,210,0,0,美味しそうな 香りが 体から 漏れ出している。 匂いに 誘われた ドデカバシに 丸呑みに される。,https://raw.githubusercontent.com/PokeAPI/sprites/master/sprites/pokemon/761.png,https://raw.githubusercontent.com/PokeAPI/sprites/master/sprites/pokemon/other/official-artwork/761.png
762,アママイコ,,steenee,フルーツポケモン,7,grass,,0.7,8.2,52,40,48,40,48,62,290,0,0,身を 守るため ヘタが 発達。 かなりの 硬さで とりポケモンに 突かれても 全然 平気だ。,https://raw.githubusercontent.com/PokeAPI/sprites/master/sprites/pokemon/762.png,https://raw.githubusercontent.com/PokeAPI/sprites/master/sprites/pokemon/other/official-artwork/762.png
763,アマージョ,,tsareena,フルーツポケモン,7,grass,,1.2,21.4,72,120,98,50,98,72,510,0,0,脚を 活かした 蹴りが 得意。 倒した 相手を 足蹴に して 高笑いで 勝利を アピール。,https://raw.githubusercontent.com/PokeAPI/sprites/master/sprites/pokemon/763.png,https://raw.githubusercontent.com/PokeAPI/sprites/master/sprites/pokemon/other/official-artwork/763.png
764,キュワワー,,comfey,はなつみポケモン,7,fairy,,0.1,0.3,51,52,90,82,110,100,485,0,0,栄養満点の ツルに 花を くっつける。 花は 活性化し 香しい アロマが 漂いだす。,https://raw.githubusercontent.com/PokeAPI/sprites/master/sprites/pokemon/764.png,https://raw.githubusercontent.com/PokeAPI/sprites/master/sprites/pokemon/other/official-artwork/764.png
765,ヤレユータン,,oranguru,けんじゃポケモン,7,normal,psychic,1.5,76.0,90,60,80,90,110,60,490,0,0,非常に 賢いことで 知られる。 未熟な トレーナーは 見下す ベテラン向けの ポケモンだぞ。,https://raw.githubusercontent.com/PokeAPI/sprites/master/sprites/pokemon/765.png,https://raw.githubusercontent.com/PokeAPI/sprites/master/sprites/pokemon/other/official-artwork/765.png
766,ナゲツケサル,,passimian,れんけいポケモン,7,fighting,,2.0,82.8,100,120,90,40,60,80,490,0,0,２０匹前後の グループを つくる。 その結束は 非常に 固く 絶対 仲間を 見捨てない。,https://raw.githubusercontent.com/PokeAPI/sprites/master/sprites/pokemon/766.png,https://raw.githubusercontent.com/PokeAPI/sprites/master/sprites/pokemon/other/official-artwork/766.png
767,コソクムシ,,wimpod,そうこうポケモン,7,bug,water,0.5,12.0,25,35,40,20,30,80,230,0,0,臆病で たくさんの 足を ばたつかせ 必死に 逃げまわる。 逃げたあとは ピカピカ 綺麗。,https://raw.githubusercontent.com/PokeAPI/sprites/master/sprites/pokemon/767.png,https://raw.githubusercontent.com/PokeAPI/sprites/master/sprites/pokemon/other/official-artwork/767.png
768,グソクムシャ,,golisopod,そうこうポケモン,7,bug,water,2.0,108.0,75,125,140,60,90,40,530,0,0,鋭く 巨大な ツメで 一閃。 空気や 海水さえ 一刀両断の 腕前。,https://raw.githubusercontent.com/PokeAPI/sprites/master/sprites/pokemon/768.png,https://raw.githubusercontent.com/PokeAPI/sprites/master/sprites/pokemon/other/official-artwork/768.png
769,スナバァ,,sandygast,すなやまポケモン,7,ghost,ground,0.5,70.0,55,55,80,70,45,15,320,0,0,行き倒れた者の 怨念が 子どもが つくった 砂山に 取りつき 誕生 したのだ。,https://raw.githubusercontent.com/PokeAPI/sprites/master/sprites/pokemon/769.png,https://raw.githubusercontent.com/PokeAPI/sprites/master/sprites/pokemon/other/official-artwork/769.png
770,シロデスナ,,palossand,すなのしろポケモン,7,ghost,ground,1.3,250.0,85,75,110,100,75,35,480,0,0,人を 操り 砂の山を 砂の城まで 進化 させた。 呪いの 力も あがっている。,https://raw.githubusercontent.com/PokeAPI/sprites/master/sprites/pokemon/770.png,https://raw.githubusercontent.com/PokeAPI/sprites/master/sprites/pokemon/other/official-artwork/770.png
771,ナマコブシ,,pyukumuku,なまこポケモン,7,water,,0.3,1.2,55,60,130,30,130,5,410,0,0,ビーチなど 浅い 海に 棲む。 身体から 体内器官を だして 餌を 捕ったり 敵と 戦う。,https://raw.githubusercontent.com/PokeAPI/sprites/master/sprites/pokemon/771.png,https://raw.githubusercontent.com/PokeAPI/sprites/master/sprites/pokemon/other/official-artwork/771.png
772,タイプ：ヌル,,type-null,じんこうポケモン,7,normal,,1.9,120.5,95,95,95,95,95,59,534,1,0,重い 制御マスクを つけており 本来の 能力を だせない。 特別な 力を 秘めている。,https://raw.githubusercontent.com/PokeAPI/sprites/master/sprites/pokemon/772.png,https://raw.githubusercontent.com/PokeAPI/sprites/master/sprites/pokemon/other/official-artwork/772.png
773,シルヴァディ,,silvally,じんこうポケモン,7,normal,,2.3,100.5,95,95,95,95,95,95,570,1,0,パートナーとの 信頼で 覚醒。 自在に タイプを チェンジする 能力を 発揮し 戦う。,https://raw.githubusercontent.com/PokeAPI/sprites/master/sprites/pokemon/773.png,https://raw.githubusercontent.com/PokeAPI/sprites/master/sprites/pokemon/other/official-artwork/773.png
774,メテノ,,minior-red-meteor,ながれぼしポケモン,7,rock,flying,0.3,40.0,60,60,100,60,100,60,440,0,0,もともと オゾン層に 棲んでおり 身体の 殻が 重くなると 地上に 向かって 落ちてくる。,https://raw.githubusercontent.com/PokeAPI/sprites/master/sprites/pokemon/774.png,https://raw.githubusercontent.com/PokeAPI/sprites/master/sprites/pokemon/other/official-artwork/774.png
775,ネッコアラ,,komala,ゆめうつつポケモン,7,normal,,0.4,19.9,65,115,65,75,95,65,480,0,0,寝たまま 生まれ 寝たまま 死ぬ。 すべての 行動は みている 夢に よる 寝相 らしい。,https://raw.githubusercontent.com/PokeAPI/sprites/master/sprites/pokemon/775.png,https://raw.githubusercontent.com/PokeAPI/sprites/master/sprites/pokemon/other/official-artwork/775.png
776,バクガメス,,turtonator,ばくはつがめポケモン,7,fire,dragon,2.0,212.0,60,78,135,91,85,36,485,0,0,背中の 甲羅は 爆発物。 うっかり 殴れば 大爆発。 お腹の 穴が 弱点。,https://raw.githubusercontent.com/PokeAPI/sprites/master/sprites/pokemon/776.png,https://raw.githubusercontent.com/PokeAPI/sprites/master/sprites/pokemon/other/official-artwork/776.png
777,トゲデマル,,togedemaru,まるまりポケモン,7,electric,steel,0.3,3.3,65,98,63,40,73,96,435,0,0,背中の ハリの 毛は 普段は 寝ている。 興奮すると 逆立ち 襲ってくる 敵を 突き刺すのだ。,https://raw.githubusercontent.com/PokeAPI/sprites/master/sprites/pokemon/777.png,https://raw.githubusercontent.com/PokeAPI/sprites/master/sprites/pokemon/other/official-artwork/777.png
778,ミミッキュ,,mimikyu-disguised,ばけのかわポケモン,7,ghost,fairy,0.2,0.7,55,90,80,50,105,96,476,0,0,正体不明。 ボロ布の 中身を みた とある 学者は 恐怖の あまり ショック死した。,https://raw.githubusercontent.com/PokeAPI/sprites/master/sprites/pokemon/778.png,https://raw.githubusercontent.com/PokeAPI/sprites/master/sprites/pokemon/other/official-artwork/778.png
779,ハギギシリ,,bruxish,はぎしりポケモン,7,water,psychic,0.9,19.0,68,105,70,70,70,92,475,0,0,頭の 突起から サイコパワーを 放つとき とても 耳障りな 歯ぎしりの 音が あたりに 響く。,https://raw.githubusercontent.com/PokeAPI/sprites/master/sprites/pokemon/779.png,https://raw.githubusercontent.com/PokeAPI/sprites/master/sprites/pokemon/other/official-artwork/779.png
780,ジジーロン,,drampa,ゆうゆうポケモン,7,normal,dragon,3.0,185.0,78,60,85,135,91,36,485,0,0,心優しい 性質。 だが 一度 怒りに かられると 激しい 息吹で あたりを 破壊 し尽くす。,https://raw.githubusercontent.com/PokeAPI/sprites/master/sprites/pokemon/780.png,https://raw.githubusercontent.com/PokeAPI/sprites/master/sprites/pokemon/other/official-artwork/780.png
781,ダダリン,,dhelmise,もくずポケモン,7,ghost,grass,3.9,210.0,70,131,100,86,90,40,517,0,0,でかい 錨を ブンブン 振り回し ホエルオーさえ 一撃で ＫＯ。 緑の モズクが 本体だ。,https://raw.githubusercontent.com/PokeAPI/sprites/master/sprites/pokemon/781.png,https://raw.githubusercontent.com/PokeAPI/sprites/master/sprites/pokemon/other/official-artwork/781.png
782,ジャラコ,,jangmo-o,うろこポケモン,7,dragon,,0.6,29.7,45,55,65,45,45,45,300,0,0,ウロコを 叩き 気持ちを 伝える。 ジャラコの 棲む 高山では 金属音が 木霊する。,https://raw.githubusercontent.com/PokeAPI/sprites/master/sprites/pokemon/782.png,https://raw.githubusercontent.com/PokeAPI/sprites/master/sprites/pokemon/other/official-artwork/782.png
783,ジャランゴ,,hakamo-o,うろこポケモン,7,dragon,fighting,1.2,47.0,55,75,90,65,70,65,420,0,0,雄叫びと ともに 獲物に 飛びかかる。 ウロコの パンチは 相手を ズタズタに 引き裂くぞ。,https://raw.githubusercontent.com/PokeAPI/sprites/master/sprites/pokemon/783.png,https://raw.githubusercontent.com/PokeAPI/sprites/master/sprites/pokemon/other/official-artwork/783.png
784,ジャラランガ,,kommo-o,うろこポケモン,7,dragon,fighting,1.6,78.2,75,110,125,100,105,85,600,0,0,敵を 見ると 尻尾の ウロコを ジャラジャラ 鳴らして いかく。 弱い者は あわてて 逃げ出す。,https://raw.githubusercontent.com/PokeAPI/sprites/master/sprites/pokemon/784.png,https://raw.githubusercontent.com/PokeAPI/sprites/master/sprites/pokemon/other/official-artwork/784.png
785,カプ・コケコ,,tapu-koko,とちがみポケモン,7,electric,fairy,1.8,20.5,70,115,85,95,75,130,570,1,0,好奇心旺盛な メレメレの 守り神。 雷雲を 呼び 雷を 身体に 溜め込む。,https://raw.githubusercontent.com/PokeAPI/sprites/master/sprites/pokemon/785.png,https://raw.githubusercontent.com/PokeAPI/sprites/master/sprites/pokemon/other/official-artwork/785.png
786,カプ・テテフ,,tapu-lele,とちがみポケモン,7,psychic,fairy,1.2,18.6,70,85,75,130,115,95,570,1,0,無邪気で 残酷な アーカラの 守り神。 花の 芳しい 香りが エネルギーの 源。,https://raw.githubusercontent.com/PokeAPI/sprites/master/sprites/pokemon/786.png,https://raw.githubusercontent.com/PokeAPI/sprites/master/sprites/pokemon/other/official-artwork/786.png
787,カプ・ブルル,,tapu-bulu,とちがみポケモン,7,grass,fairy,1.9,45.5,70,130,115,85,95,75,570,1,0,大木を 引き抜き ブンブン 振り回す。 草木を 茂らせて そのエネルギーを 吸収する。,https://raw.githubusercontent.com/PokeAPI/sprites/master/sprites/pokemon/787.png,https://raw.githubusercontent.com/PokeAPI/sprites/master/sprites/pokemon/other/official-artwork/787.png
788,カプ・レヒレ,,tapu-fini,とちがみポケモン,7,water,fairy,1.3,21.2,70,75,115,95,130,85,570,1,0,深い霧で 敵を 惑わせ 自滅させる 恐ろしさを 持つ。 海流が エネルギーの 源。,https://raw.githubusercontent.com/PokeAPI/sprites/master/sprites/pokemon/788.png,https://raw.githubusercontent.com/PokeAPI/sprites/master/sprites/pokemon/other/official-artwork/788.png
789,コスモッグ,,cosmog,せいうんポケモン,7,psychic,,0.2,0.1,43,29,31,29,31,37,200,1,0,はかない ガス状の 身体。 大気の チリを 集めながら ゆっくりと 成長していく。,https://raw.githubusercontent.com/PokeAPI/sprites/master/sprites/pokemon/789.png,https://raw.githubusercontent.com/PokeAPI/sprites/master/sprites/pokemon/other/official-artwork/789.png
790,コスモウム,,cosmoem,げんしせいポケモン,7,psychic,,0.1,999.9,43,29,131,29,131,37,400,1,0,死んだように まったく 動かないが 触れると ほのかに 温かい。 大昔は 星の繭と 呼ばれた。,https://raw.githubusercontent.com/PokeAPI/sprites/master/sprites/pokemon/790.png,https://raw.githubusercontent.com/PokeAPI/sprites/master/sprites/pokemon/other/official-artwork/790.png
791,ソルガレオ,,solgaleo,にちりんポケモン,7,psychic,steel,3.4,230.0,137,137,107,113,89,97,680,1,0,別世界に 棲むと いわれる。 全身から 激しい光を 放ち 闇夜も 真昼のように 照らすのだ。,https://raw.githubusercontent.com/PokeAPI/sprites/master/sprites/pokemon/791.png,https://raw.githubusercontent.com/PokeAPI/sprites/master/sprites/pokemon/other/official-artwork/791.png
792,ルナアーラ,,lunala,がちりんポケモン,7,psychic,ghost,4.0,120.0,137,113,89,137,107,97,680,1,0,コスモッグが 進化した ♀だと いわれる。 第３の 眼が 浮かぶとき 別世界へと 飛び去っていく。,https://raw.githubusercontent.com/PokeAPI/sprites/master/sprites/pokemon/792.png,https://raw.githubusercontent.com/PokeAPI/sprites/master/sprites/pokemon/other/official-artwork/792.png
793,ウツロイド,,nihilego,きせいポケモン,7,rock,poison,1.2,55.5,109,53,47,127,131,103,570,0,0,謎に 包まれた ＵＢの 一種。 街ゆく 人が 寄生され 暴れだす 姿が 目撃された。,https://raw.githubusercontent.com/PokeAPI/sprites/master/sprites/pokemon/793.png,https://raw.githubusercontent.com/PokeAPI/sprites/master/sprites/pokemon/other/official-artwork/793.png
794,マッシブーン,,buzzwole,ぼうちょうポケモン,7,bug,fighting,2.4,333.6,107,139,139,53,53,79,570,0,0,別世界から 現れた ＵＢ。 自らの 身体を みせつけてくるが 自慢なのか いかくなのか 不明。,https://raw.githubusercontent.com/PokeAPI/sprites/master/sprites/pokemon/794.png,https://raw.githubusercontent.com/PokeAPI/sprites/master/sprites/pokemon/other/official-artwork/794.png
795,フェローチェ,,pheromosa,えんびポケモン,7,bug,fighting,1.8,25.0,71,137,37,137,37,151,570,0,0,危険なＵＢの 一種。 凄まじい 速度で 大地を 疾走する 姿が 目撃 されている。,https://raw.githubusercontent.com/PokeAPI/sprites/master/sprites/pokemon/795.png,https://raw.githubusercontent.com/PokeAPI/sprites/master/sprites/pokemon/other/official-artwork/795.png
796,デンジュモク,,xurkitree,でんしょくポケモン,7,electric,,3.8,100.0,83,89,71,173,71,83,570,0,0,全身から 凄まじい 電撃を ほとばしらせる 光景を 目撃。 謎の 生物 ＵＢの 一種だ。,https://raw.githubusercontent.com/PokeAPI/sprites/master/sprites/pokemon/796.png,https://raw.githubusercontent.com/PokeAPI/sprites/master/sprites/pokemon/other/official-artwork/796.png
797,テッカグヤ,,celesteela,うちあげポケモン,7,steel,flying,9.2,999.9,97,101,103,107,101,61,570,0,0,ウルトラホールから 現れた。 高速で 空を 飛ぶ 姿が 目撃 された ウルトラビースト。,https://raw.githubusercontent.com/PokeAPI/sprites/master/sprites/pokemon/797.png,https://raw.githubusercontent.com/PokeAPI/sprites/master/sprites/pokemon/other/official-artwork/797.png
798,カミツルギ,,kartana,ばっとうポケモン,7,grass,steel,0.3,0.1,59,181,131,59,31,109,570,0,0,ウルトラホールから 現れた ＵＢ。 自ら 敵を 襲わないようだが 鋭い 全身は 凶器だ。,https://raw.githubusercontent.com/PokeAPI/sprites/master/sprites/pokemon/798.png,https://raw.githubusercontent.com/PokeAPI/sprites/master/sprites/pokemon/other/official-artwork/798.png
799,アクジキング,,guzzlord,あくじきポケモン,7,dark,dragon,5.5,888.0,223,101,53,97,53,43,570,0,0,山を 喰らい 削り ビルを 飲みこむ 姿が 報告 された。 ウルトラビーストの 一種。,https://raw.githubusercontent.com/PokeAPI/sprites/master/sprites/pokemon/799.png,https://raw.githubusercontent.com/PokeAPI/sprites/master/sprites/pokemon/other/official-artwork/799.png
800,ネクロズマ,,necrozma,プリズムポケモン,7,psychic,,2.4,230.0,97,107,101,127,89,79,600,1,0,地下で 眠りに ついていたようだ。 太古に 別世界から やってきたと おもわれる ＵＢらしき 生物。,https://raw.githubusercontent.com/PokeAPI/sprites/master/sprites/pokemon/800.png,https://raw.githubusercontent.com/PokeAPI/sprites/master/sprites/pokemon/other/official-artwork/800.png
801,マギアナ,,magearna,じんぞうポケモン,7,steel,fairy,1.0,80.5,80,95,115,130,115,65,600,0,1,５００年以上前に 造られた 人造ポケモン。 人の 言葉を 理解するが しゃべれない。,https://raw.githubusercontent.com/PokeAPI/sprites/master/sprites/pokemon/801.png,https://raw.githubusercontent.com/PokeAPI/sprites/master/sprites/pokemon/other/official-artwork/801.png
802,マーシャドー,,marshadow,かげすみポケモン,7,fighting,ghost,0.7,22.2,90,125,80,90,90,125,600,0,1,影の中に 潜むことが でき 人前に 姿を みせないので その存在は 幻 だった。,https://raw.githubusercontent.com/PokeAPI/sprites/master/sprites/pokemon/802.png,https://raw.githubusercontent.com/PokeAPI/sprites/master/sprites/pokemon/other/official-artwork/802.png
803,ベベノム,,poipole,どくばりポケモン,7,poison,,0.6,1.8,67,73,67,73,67,73,420,0,0,異世界に おいては 旅立ちの パートナーに 選ばれるほど 親しまれている ウルトラビースト。,https://raw.githubusercontent.com/PokeAPI/sprites/master/sprites/pokemon/803.png,https://raw.githubusercontent.com/PokeAPI/sprites/master/sprites/pokemon/other/official-artwork/803.png
804,アーゴヨン,,naganadel,どくばりポケモン,7,poison,dragon,3.6,150.0,73,73,73,127,73,121,540,0,0,体内に 数百リットルの 毒液を ためている。 ＵＢと 呼ばれる 生物の 一種。,https://raw.githubusercontent.com/PokeAPI/sprites/master/sprites/pokemon/804.png,https://raw.githubusercontent.com/PokeAPI/sprites/master/sprites/pokemon/other/official-artwork/804.png
805,ツンデツンデ,,stakataka,いしがきポケモン,7,rock,steel,5.5,820.0,61,131,211,53,101,13,570,0,0,ウルトラホールから 出現した。 複数の 生命が 積み上がり １匹を 形成している ようだ。,https://raw.githubusercontent.com/PokeAPI/sprites/master/sprites/pokemon/805.png,https://raw.githubusercontent.com/PokeAPI/sprites/master/sprites/pokemon/other/official-artwork/805.png
806,ズガドーン,,blacephalon,はなびポケモン,7,fire,ghost,1.8,13.0,53,127,53,151,79,107,570,0,0,クネクネ動いて 人に 近付くと 突然 頭を 爆発させた。 ウルトラビーストの 一種らしい。,https://raw.githubusercontent.com/PokeAPI/sprites/master/sprites/pokemon/806.png,https://raw.githubusercontent.com/PokeAPI/sprites/master/sprites/pokemon/other/official-artwork/806.png
807,ゼラオラ,,zeraora,じんらいポケモン,7,electric,,1.5,44.5,88,112,75,102,80,143,600,0,1,両手足の ツメを 帯電させ 相手を 八つ裂き。 かわされても 飛び散る 電撃で 感電させる。,https://raw.githubusercontent.com/PokeAPI/sprites/master/sprites/pokemon/807.png,https://raw.githubusercontent.com/PokeAPI/sprites/master/sprites/pokemon/other/official-artwork/807.png
808,メルタン,,meltan,ナットポケモン,7,steel,,0.2,8.0,46,65,65,55,35,34,300,0,1,とろりと 溶けた 鋼の 体。 地中の 鉄分や 金属を 溶かして 吸収する。,https://raw.githubusercontent.com/PokeAPI/sprites/master/sprites/pokemon/808.png,https://raw.githubusercontent.com/PokeAPI/sprites/master/sprites/pokemon/other/official-artwork/808.png
809,メルメタル,,melmetal,ナットポケモン,7,steel,,2.5,800.0,135,143,143,80,65,34,600,0,1,鉄を 産み出す 力を 持つと 崇められていた。 ３０００年の 時を 経て なぜか 蘇った。,https://raw.githubusercontent.com/PokeAPI/sprites/master/sprites/pokemon/809.png,https://raw.githubusercontent.com/PokeAPI/sprites/master/sprites/pokemon/other/official-artwork/809.png
810,サルノリ,,grookey,こざるポケモン,8,grass,,0.3,5.0,50,65,50,40,40,65,310,0,0,特別な スティックで リズムを 刻むと 草花を 元気にする パワーが 音波になって 広がる。,https://raw.githubusercontent.com/PokeAPI/sprites/master/sprites/pokemon/810.png,https://raw.githubusercontent.com/PokeAPI/sprites/master/sprites/pokemon/other/official-artwork/810.png
811,バチンキー,,thwackey,ビートポケモン,8,grass,,0.7,14.0,70,85,70,55,60,80,420,0,0,２本の スティックで 激しい ビートを 刻める バチンキーほど 仲間たちの 尊敬を 集める。,https://raw.githubusercontent.com/PokeAPI/sprites/master/sprites/pokemon/811.png,https://raw.githubusercontent.com/PokeAPI/sprites/master/sprites/pokemon/other/official-artwork/811.png
812,ゴリランダー,,rillaboom,ドラマーポケモン,8,grass,,2.1,90.0,100,125,90,60,70,85,530,0,0,特別な 切り株の パワーを ドラミングで コントロール。 根っこを 操って 戦う。,https://raw.githubusercontent.com/PokeAPI/sprites/master/sprites/pokemon/812.png,https://raw.githubusercontent.com/PokeAPI/sprites/master/sprites/pokemon/other/official-artwork/812.png
813,ヒバニー,,scorbunny,うさぎポケモン,8,fire,,0.3,4.5,50,71,40,40,40,69,310,0,0,走りまわって 体温を 上げると 炎エネルギーが 体を 巡り 本来の 力を 発揮できる。,https://raw.githubusercontent.com/PokeAPI/sprites/master/sprites/pokemon/813.png,https://raw.githubusercontent.com/PokeAPI/sprites/master/sprites/pokemon/other/official-artwork/813.png
814,ラビフット,,raboot,うさぎポケモン,8,fire,,0.6,9.0,65,86,60,55,60,94,420,0,0,ふかふかの 体毛で 寒さに 強くなり さらに 高温の 炎技を 出せるようになった。,https://raw.githubusercontent.com/PokeAPI/sprites/master/sprites/pokemon/814.png,https://raw.githubusercontent.com/PokeAPI/sprites/master/sprites/pokemon/other/official-artwork/814.png
815,エースバーン,,cinderace,ストライカーポケモン,8,fire,,1.4,33.0,80,116,75,65,75,119,530,0,0,小石を リフティングして 炎の サッカーボールを つくる。 するどい シュートで 相手を 燃やす。,https://raw.githubusercontent.com/PokeAPI/sprites/master/sprites/pokemon/815.png,https://raw.githubusercontent.com/PokeAPI/sprites/master/sprites/pokemon/other/official-artwork/815.png
816,メッソン,,sobble,みずとかげポケモン,8,water,,0.3,4.0,50,40,40,70,40,70,310,0,0,怯えると 玉ねぎ１００個分の 催涙成分を もつ 涙を 流して もらい泣き させる。,https://raw.githubusercontent.com/PokeAPI/sprites/master/sprites/pokemon/816.png,https://raw.githubusercontent.com/PokeAPI/sprites/master/sprites/pokemon/other/official-artwork/816.png
817,ジメレオン,,drizzile,みずとかげポケモン,8,water,,0.7,11.5,65,60,55,95,55,90,420,0,0,手のひらから 出る 水分を 丸めて つくった 水の 玉を 使い 頭脳戦を 繰り広げる。,https://raw.githubusercontent.com/PokeAPI/sprites/master/sprites/pokemon/817.png,https://raw.githubusercontent.com/PokeAPI/sprites/master/sprites/pokemon/other/official-artwork/817.png
818,インテレオン,,inteleon,エージェントポケモン,8,water,,1.9,45.2,70,85,65,125,65,120,530,0,0,多彩な 機能を 隠し持つ。 指から 水を 噴射して 背中の 皮膜で 風に 乗る。,https://raw.githubusercontent.com/PokeAPI/sprites/master/sprites/pokemon/818.png,https://raw.githubusercontent.com/PokeAPI/sprites/master/sprites/pokemon/other/official-artwork/818.png
819,ホシガリス,,skwovet,ほおばりポケモン,8,normal,,0.3,2.5,70,55,55,35,35,25,275,0,0,ガラルの いたるところに いる。 左右の ほっぺに 木の実を 蓄えていないと 不安。,https://raw.githubusercontent.com/PokeAPI/sprites/master/sprites/pokemon/819.png,https://raw.githubusercontent.com/PokeAPI/sprites/master/sprites/pokemon/other/official-artwork/819.png
820,ヨクバリス,,greedent,よくばりポケモン,8,normal,,0.6,6.0,120,95,95,55,75,20,460,0,0,しっぽに 木の実を 溜めこむ。 溜めこみすぎて ポロポロ こぼすが 鈍いので 気がつかない。,https://raw.githubusercontent.com/PokeAPI/sprites/master/sprites/pokemon/820.png,https://raw.githubusercontent.com/PokeAPI/sprites/master/sprites/pokemon/other/official-artwork/820.png
821,ココガラ,,rookidee,ことりポケモン,8,flying,,0.2,1.8,38,47,35,33,35,57,245,0,0,どんな 強敵にも 挑みかかる 勇敢な 性質。 返り討ちに 遭いながらも 鍛えられていく。,https://raw.githubusercontent.com/PokeAPI/sprites/master/sprites/pokemon/821.png,https://raw.githubusercontent.com/PokeAPI/sprites/master/sprites/pokemon/other/official-artwork/821.png
822,アオガラス,,corvisquire,カラスポケモン,8,flying,,0.8,16.0,68,67,55,43,55,77,365,0,0,足で 小石を つかんで 投げたり ロープを 敵に 巻きつけるなど 道具を あつかう 知恵を もつ。,https://raw.githubusercontent.com/PokeAPI/sprites/master/sprites/pokemon/822.png,https://raw.githubusercontent.com/PokeAPI/sprites/master/sprites/pokemon/other/official-artwork/822.png
823,アーマーガア,,corviknight,カラスポケモン,8,flying,steel,2.2,75.0,98,87,105,53,85,67,495,0,0,ガラル地方の 空では 敵なし。 黒光りする 鋼の 姿は 相手を 威圧し 恐れさせる。,https://raw.githubusercontent.com/PokeAPI/sprites/master/sprites/pokemon/823.png,https://raw.githubusercontent.com/PokeAPI/sprites/master/sprites/pokemon/other/official-artwork/823.png
824,サッチムシ,,blipbug,ようちゅうポケモン,8,bug,,0.4,8.0,25,20,20,25,45,45,180,0,0,いつも せっせと 情報を 集めているので 賢い。 ただし 力は いまいちだ。,https://raw.githubusercontent.com/PokeAPI/sprites/master/sprites/pokemon/824.png,https://raw.githubusercontent.com/PokeAPI/sprites/master/sprites/pokemon/other/official-artwork/824.png
825,レドームシ,,dottler,レドームポケモン,8,bug,psychic,0.4,19.5,50,35,80,50,90,30,335,0,0,ほぼ 動かないが 生きている。 飲まず食わずで 殻に こもるうち 超能力に 目覚めたらしい。,https://raw.githubusercontent.com/PokeAPI/sprites/master/sprites/pokemon/825.png,https://raw.githubusercontent.com/PokeAPI/sprites/master/sprites/pokemon/other/official-artwork/825.png
826,イオルブ,,orbeetle,ななほしポケモン,8,bug,psychic,0.4,40.8,60,45,110,80,120,90,505,0,0,賢い ポケモンとして 有名。 大きな 脳みそは 強力な サイコパワーを もつ 証し。,https://raw.githubusercontent.com/PokeAPI/sprites/master/sprites/pokemon/826.png,https://raw.githubusercontent.com/PokeAPI/sprites/master/sprites/pokemon/other/official-artwork/826.png
827,クスネ,,nickit,きつねポケモン,8,dark,,0.6,8.9,40,28,28,47,52,50,245,0,0,ほかの ポケモンが みつけた 餌を 掠めて 暮らしている。 ふかふかの 肉球は 足音を たてない。,https://raw.githubusercontent.com/PokeAPI/sprites/master/sprites/pokemon/827.png,https://raw.githubusercontent.com/PokeAPI/sprites/master/sprites/pokemon/other/official-artwork/827.png
828,フォクスライ,,thievul,きつねポケモン,8,dark,,1.2,19.9,70,58,58,87,92,90,455,0,0,狙った 獲物は こっそり マーキング。 においを 辿って 油断 したころ 盗みに 来るぞ。,https://raw.githubusercontent.com/PokeAPI/sprites/master/sprites/pokemon/828.png,https://raw.githubusercontent.com/PokeAPI/sprites/master/sprites/pokemon/other/official-artwork/828.png
829,ヒメンカ,,gossifleur,はなかざりポケモン,8,grass,,0.4,2.2,40,40,60,40,60,10,250,0,0,一本足を 地面に 刺して 陽の光を たっぷり 浴びると 花びらが 鮮やかに 色づく。,https://raw.githubusercontent.com/PokeAPI/sprites/master/sprites/pokemon/829.png,https://raw.githubusercontent.com/PokeAPI/sprites/master/sprites/pokemon/other/official-artwork/829.png
830,ワタシラガ,,eldegoss,わたかざりポケモン,8,grass,,0.5,2.5,60,50,90,80,120,60,460,0,0,綿毛の 種は 栄養満点。 風に 乗せて 飛ばして 草木や ポケモンたちを 元気にさせる。,https://raw.githubusercontent.com/PokeAPI/sprites/master/sprites/pokemon/830.png,https://raw.githubusercontent.com/PokeAPI/sprites/master/sprites/pokemon/other/official-artwork/830.png
831,ウールー,,wooloo,ひつじポケモン,8,normal,,0.6,6.0,42,40,55,40,45,48,270,0,0,パーマの かかった 体毛は 高い クッション性が ある。 崖から 落ちても へっちゃら。,https://raw.githubusercontent.com/PokeAPI/sprites/master/sprites/pokemon/831.png,https://raw.githubusercontent.com/PokeAPI/sprites/master/sprites/pokemon/other/official-artwork/831.png
832,バイウールー,,dubwool,ひつじポケモン,8,normal,,1.3,43.0,72,80,100,60,90,88,490,0,0,弾力の ある 毛で 織った カーペットは トランポリンみたいで 乗れば ピョンピョン 跳ねるのだ。,https://raw.githubusercontent.com/PokeAPI/sprites/master/sprites/pokemon/832.png,https://raw.githubusercontent.com/PokeAPI/sprites/master/sprites/pokemon/other/official-artwork/832.png
833,カムカメ,,chewtle,くいつきポケモン,8,water,,0.3,8.5,50,64,50,38,38,44,284,0,0,目の前の ものに すぐに 噛みつく 習性。 生えかけの 前歯が 痒いので 噛みついてしまうらしい。,https://raw.githubusercontent.com/PokeAPI/sprites/master/sprites/pokemon/833.png,https://raw.githubusercontent.com/PokeAPI/sprites/master/sprites/pokemon/other/official-artwork/833.png
834,カジリガメ,,drednaw,かみつきポケモン,8,water,rock,1.0,115.5,90,115,90,48,68,74,485,0,0,狂暴な 性質。 鉄棒を 噛み千切る ほどの 顎の 力で 獲物に ばくりと 噛みつく。,https://raw.githubusercontent.com/PokeAPI/sprites/master/sprites/pokemon/834.png,https://raw.githubusercontent.com/PokeAPI/sprites/master/sprites/pokemon/other/official-artwork/834.png
835,ワンパチ,,yamper,こいぬポケモン,8,electric,,0.3,13.5,59,45,50,40,50,26,270,0,0,走る ときに しっぽの 根元から 電気を 生み出す。 ガラルでは 牧羊犬として 人気。,https://raw.githubusercontent.com/PokeAPI/sprites/master/sprites/pokemon/835.png,https://raw.githubusercontent.com/PokeAPI/sprites/master/sprites/pokemon/other/official-artwork/835.png
836,パルスワン,,boltund,いぬポケモン,8,electric,,1.0,34.0,69,90,60,90,60,121,490,0,0,電気を つくって 脚に 送り 走りを アシスト。 三日三晩 休まず 走れるのだ。,https://raw.githubusercontent.com/PokeAPI/sprites/master/sprites/pokemon/836.png,https://raw.githubusercontent.com/PokeAPI/sprites/master/sprites/pokemon/other/official-artwork/836.png
837,タンドン,,rolycoly,せきたんポケモン,8,rock,,0.3,12.0,30,40,50,40,50,30,240,0,0,およそ４００年前に 炭鉱で 見つかった。 体の ほとんどが 石炭と 同じ 成分。,https://raw.githubusercontent.com/PokeAPI/sprites/master/sprites/pokemon/837.png,https://raw.githubusercontent.com/PokeAPI/sprites/master/sprites/pokemon/other/official-artwork/837.png
838,トロッゴン,,carkol,せきたんポケモン,8,rock,fire,1.1,78.0,80,60,90,60,70,50,410,0,0,体内で 石炭を つくりだす。 昔の ガラルでは 落とした 石炭を 生活に 利用した。,https://raw.githubusercontent.com/PokeAPI/sprites/master/sprites/pokemon/838.png,https://raw.githubusercontent.com/PokeAPI/sprites/master/sprites/pokemon/other/official-artwork/838.png
839,セキタンザン,,coalossal,せきたんポケモン,8,rock,fire,2.8,310.5,110,80,120,80,90,30,510,0,0,普段は 穏やかだが 人間が 鉱山を 荒らすと 怒りくるい １５００度の 炎で 焼きつくす。,https://raw.githubusercontent.com/PokeAPI/sprites/master/sprites/pokemon/839.png,https://raw.githubusercontent.com/PokeAPI/sprites/master/sprites/pokemon/other/official-artwork/839.png
840,カジッチュ,,applin,りんごぐらしポケモン,8,grass,dragon,0.2,0.5,40,40,80,40,40,20,260,0,0,一生 りんごの 中で 暮らし 天敵の 鳥ポケモンに 出会うと りんごの 振りをして 身を守る。,https://raw.githubusercontent.com/PokeAPI/sprites/master/sprites/pokemon/840.png,https://raw.githubusercontent.com/PokeAPI/sprites/master/sprites/pokemon/other/official-artwork/840.png
841,アップリュー,,flapple,りんごはねポケモン,8,grass,dragon,0.3,1.0,70,110,80,95,60,70,485,0,0,すっぱい りんごを 食べて 進化。 火傷する ほど 強酸性の 液体を 頬袋に 溜める。,https://raw.githubusercontent.com/PokeAPI/sprites/master/sprites/pokemon/841.png,https://raw.githubusercontent.com/PokeAPI/sprites/master/sprites/pokemon/other/official-artwork/841.png
842,タルップル,,appletun,りんごじるポケモン,8,grass,dragon,0.4,13.0,110,85,80,100,80,30,485,0,0,甘い りんごを 食べて 進化。 体から 甘い においを だして 餌の 虫ポケモンを 引き寄せる。,https://raw.githubusercontent.com/PokeAPI/sprites/master/sprites/pokemon/842.png,https://raw.githubusercontent.com/PokeAPI/sprites/master/sprites/pokemon/other/official-artwork/842.png
843,スナヘビ,,silicobra,すなへびポケモン,8,ground,,2.2,7.6,52,57,75,35,50,46,315,0,0,穴を 掘りながら 食べた 砂を 首の 袋に 溜めている。 ８キロもの 砂が 入るのだ。,https://raw.githubusercontent.com/PokeAPI/sprites/master/sprites/pokemon/843.png,https://raw.githubusercontent.com/PokeAPI/sprites/master/sprites/pokemon/other/official-artwork/843.png
844,サダイジャ,,sandaconda,すなへびポケモン,8,ground,,3.8,65.5,72,107,125,65,70,71,510,0,0,全身を 縮め １００キロの 砂を 鼻の 穴から 噴射。 砂が ないと 弱気に なるぞ。,https://raw.githubusercontent.com/PokeAPI/sprites/master/sprites/pokemon/844.png,https://raw.githubusercontent.com/PokeAPI/sprites/master/sprites/pokemon/other/official-artwork/844.png
845,ウッウ,,cramorant,うのみポケモン,8,flying,water,0.8,18.0,70,85,55,85,95,85,475,0,0,相手を 一撃で 打ち負かすほど パワフルだが 忘れっぽいので 戦っている 相手を 忘れる。,https://raw.githubusercontent.com/PokeAPI/sprites/master/sprites/pokemon/845.png,https://raw.githubusercontent.com/PokeAPI/sprites/master/sprites/pokemon/other/official-artwork/845.png
846,サシカマス,,arrokuda,とつげきポケモン,8,water,,0.5,1.0,41,63,40,40,30,66,280,0,0,鋭く 尖った 顎が 自慢。 少しでも 動くものを 見つけると 一直線に 突撃する。,https://raw.githubusercontent.com/PokeAPI/sprites/master/sprites/pokemon/846.png,https://raw.githubusercontent.com/PokeAPI/sprites/master/sprites/pokemon/other/official-artwork/846.png
847,カマスジョー,,barraskewda,くしざしポケモン,8,water,,1.3,30.0,61,123,60,60,50,136,490,0,0,槍のように 尖った 顎は 鋼の 硬さ。 その 身は 驚くほど 美味しいらしい。,https://raw.githubusercontent.com/PokeAPI/sprites/master/sprites/pokemon/847.png,https://raw.githubusercontent.com/PokeAPI/sprites/master/sprites/pokemon/other/official-artwork/847.png
848,エレズン,,toxel,あかごポケモン,8,electric,poison,0.4,11.0,40,38,35,54,35,40,242,0,0,体内の 毒袋に 溜めた 毒素を 皮膚から 分泌。 触ると ピリピリと 痺れる。,https://raw.githubusercontent.com/PokeAPI/sprites/master/sprites/pokemon/848.png,https://raw.githubusercontent.com/PokeAPI/sprites/master/sprites/pokemon/other/official-artwork/848.png
849,ストリンダー,,toxtricity-amped,パンクポケモン,8,electric,poison,1.6,40.0,75,98,70,114,70,75,502,0,0,胸の 突起を 掻きむしり 電気を 起こすとき あたりに ギターのような 音が 響く。,https://raw.githubusercontent.com/PokeAPI/sprites/master/sprites/pokemon/849.png,https://raw.githubusercontent.com/PokeAPI/sprites/master/sprites/pokemon/other/official-artwork/849.png
850,ヤクデ,,sizzlipede,はつねつポケモン,8,fire,bug,0.7,1.0,50,65,45,50,50,45,305,0,0,体に 溜めた 可燃ガスで 発熱。 とくに お腹の 黄色い 部分が 熱いのだ。,https://raw.githubusercontent.com/PokeAPI/sprites/master/sprites/pokemon/850.png,https://raw.githubusercontent.com/PokeAPI/sprites/master/sprites/pokemon/other/official-artwork/850.png
851,マルヤクデ,,centiskorch,はつねつポケモン,8,fire,bug,3.0,120.0,100,115,65,90,90,65,525,0,0,発熱時の 体温は およそ ８００度。 体を 鞭のように しならせて 跳びかかってくるぞ。,https://raw.githubusercontent.com/PokeAPI/sprites/master/sprites/pokemon/851.png,https://raw.githubusercontent.com/PokeAPI/sprites/master/sprites/pokemon/other/official-artwork/851.png
852,タタッコ,,clobbopus,だだっこポケモン,8,fighting,,0.6,4.0,50,68,60,50,50,32,310,0,0,餌を 求め 地上に 上がる。 好奇心旺盛で 目にしたものは とりあえず 触手で 殴る。,https://raw.githubusercontent.com/PokeAPI/sprites/master/sprites/pokemon/852.png,https://raw.githubusercontent.com/PokeAPI/sprites/master/sprites/pokemon/other/official-artwork/852.png
853,オトスパス,,grapploct,じゅうじゅつポケモン,8,fighting,,1.6,39.0,80,118,90,70,80,42,480,0,0,全身が 筋肉の 塊。 触手を 使って 繰りだす 絞め技の 威力は 凄まじい。,https://raw.githubusercontent.com/PokeAPI/sprites/master/sprites/pokemon/853.png,https://raw.githubusercontent.com/PokeAPI/sprites/master/sprites/pokemon/other/official-artwork/853.png
854,ヤバチャ,,sinistea,こうちゃポケモン,8,ghost,,0.1,0.2,40,45,45,74,54,50,308,0,0,残され 冷えきった 紅茶に さみしがりやな 魂が 宿り ポケモンに なったと いわれている。,https://raw.githubusercontent.com/PokeAPI/sprites/master/sprites/pokemon/854.png,https://raw.githubusercontent.com/PokeAPI/sprites/master/sprites/pokemon/other/official-artwork/854.png
855,ポットデス,,polteageist,こうちゃポケモン,8,ghost,,0.2,0.4,60,65,65,134,114,70,508,0,0,アンティークの ポットに 棲みつく。 ほとんどが 贋作だが ごくまれに 真作が 見つかる ことも。,https://raw.githubusercontent.com/PokeAPI/sprites/master/sprites/pokemon/855.png,https://raw.githubusercontent.com/PokeAPI/sprites/master/sprites/pokemon/other/official-artwork/855.png
856,ミブリム,,hatenna,おだやかポケモン,8,psychic,,0.4,3.4,42,30,45,56,53,39,265,0,0,頭の 突起で 生物の 気持ちを 感じとる。 穏やかな ものにしか 心を 開かない。,https://raw.githubusercontent.com/PokeAPI/sprites/master/sprites/pokemon/856.png,https://raw.githubusercontent.com/PokeAPI/sprites/master/sprites/pokemon/other/official-artwork/856.png
857,テブリム,,hattrem,せいしゅくポケモン,8,psychic,,0.6,4.8,57,40,65,86,73,49,370,0,0,強い 感情を もつ ものは それが 誰であれ 黙らせる。 その手段は じつに 乱暴。,https://raw.githubusercontent.com/PokeAPI/sprites/master/sprites/pokemon/857.png,https://raw.githubusercontent.com/PokeAPI/sprites/master/sprites/pokemon/other/official-artwork/857.png
858,ブリムオン,,hatterene,せいじゃくポケモン,8,psychic,fairy,2.1,5.1,57,90,95,136,103,29,510,0,0,頭痛になるほどの サイコパワーを 周囲に 放って ほかの 生物を 遠ざけているのだ。,https://raw.githubusercontent.com/PokeAPI/sprites/master/sprites/pokemon/858.png,https://raw.githubusercontent.com/PokeAPI/sprites/master/sprites/pokemon/other/official-artwork/858.png
859,ベロバー,,impidimp,いじわるポケモン,8,dark,fairy,0.4,5.5,45,45,30,55,40,50,265,0,0,人や ポケモンが 嫌がる ときに 発する マイナスエネルギーを 鼻から 吸いこみ 元気になる。,https://raw.githubusercontent.com/PokeAPI/sprites/master/sprites/pokemon/859.png,https://raw.githubusercontent.com/PokeAPI/sprites/master/sprites/pokemon/other/official-artwork/859.png
860,ギモー,,morgrem,しょうわるポケモン,8,dark,fairy,0.8,12.5,65,60,45,75,55,70,370,0,0,土下座して 謝る 振りをして 槍のように 尖った 後ろ髪で 突き刺してくる 戦法を 使う。,https://raw.githubusercontent.com/PokeAPI/sprites/master/sprites/pokemon/860.png,https://raw.githubusercontent.com/PokeAPI/sprites/master/sprites/pokemon/other/official-artwork/860.png
861,オーロンゲ,,grimmsnarl,ビルドアップポケモン,8,dark,fairy,1.5,61.0,95,120,65,95,75,60,510,0,0,髪の毛を 全身に 巻きつけると 筋力が アップ。 カイリキーを ねじ伏せる パワーを 発揮する。,https://raw.githubusercontent.com/PokeAPI/sprites/master/sprites/pokemon/861.png,https://raw.githubusercontent.com/PokeAPI/sprites/master/sprites/pokemon/other/official-artwork/861.png
862,タチフサグマ,,obstagoon,ていしポケモン,8,dark,normal,1.6,46.0,93,90,101,60,81,95,520,0,0,凄まじい 声量を もつ。 シャウトとともに 威嚇するさまは ブロッキングと 呼ばれている。,https://raw.githubusercontent.com/PokeAPI/sprites/master/sprites/pokemon/862.png,https://raw.githubusercontent.com/PokeAPI/sprites/master/sprites/pokemon/other/official-artwork/862.png
863,ニャイキング,,perrserker,バイキングポケモン,8,steel,,0.8,28.0,70,110,100,50,60,50,440,0,0,頭の 体毛が 硬質化して 鉄の ヘルメットのように なった。 とても 好戦的な 性質。,https://raw.githubusercontent.com/PokeAPI/sprites/master/sprites/pokemon/863.png,https://raw.githubusercontent.com/PokeAPI/sprites/master/sprites/pokemon/other/official-artwork/863.png
864,サニゴーン,,cursola,さんごポケモン,8,ghost,,1.0,0.4,60,95,50,145,130,30,510,0,0,霊力が 高まり 殻から 解き放たれた。 霊体で 核の 魂を 守っている。,https://raw.githubusercontent.com/PokeAPI/sprites/master/sprites/pokemon/864.png,https://raw.githubusercontent.com/PokeAPI/sprites/master/sprites/pokemon/other/official-artwork/864.png
865,ネギガナイト,,sirfetchd,かるがもポケモン,8,fighting,,0.8,117.0,62,135,95,68,82,65,507,0,0,歴戦を 生き抜いた ものが この姿に 進化する。 ネギが 枯れるとき 戦場を 去る。,https://raw.githubusercontent.com/PokeAPI/sprites/master/sprites/pokemon/865.png,https://raw.githubusercontent.com/PokeAPI/sprites/master/sprites/pokemon/other/official-artwork/865.png
866,バリコオル,,mr-rime,コメディアンポケモン,8,ice,psychic,1.5,58.2,80,85,75,110,100,70,520,0,0,タップダンスの 達人。 氷で できた ステッキを 振り 軽やかな ステップを 披露する。,https://raw.githubusercontent.com/PokeAPI/sprites/master/sprites/pokemon/866.png,https://raw.githubusercontent.com/PokeAPI/sprites/master/sprites/pokemon/other/official-artwork/866.png
867,デスバーン,,runerigus,おんねんポケモン,8,ground,ghost,1.6,66.6,58,95,145,50,105,30,483,0,0,強い 呪いを こめて 描かれた 古代の 絵が デスマスの 魂を 取り込み 動きだした。,https://raw.githubusercontent.com/PokeAPI/sprites/master/sprites/pokemon/867.png,https://raw.githubusercontent.com/PokeAPI/sprites/master/sprites/pokemon/other/official-artwork/867.png
868,マホミル,,milcery,クリームポケモン,8,fairy,,0.2,0.3,45,40,40,50,61,34,270,0,0,クリームで できた 体を もつ。 空気中の 甘い 香りの 成分が 集まって 生まれた。,https://raw.githubusercontent.com/PokeAPI/sprites/master/sprites/pokemon/868.png,https://raw.githubusercontent.com/PokeAPI/sprites/master/sprites/pokemon/other/official-artwork/868.png
869,マホイップ,,alcremie,クリームポケモン,8,fairy,,0.3,0.5,65,60,75,110,121,64,495,0,0,信頼する トレーナーには クリームで デコレーションした 木の実を ふるまって くれるのだ。,https://raw.githubusercontent.com/PokeAPI/sprites/master/sprites/pokemon/869.png,https://raw.githubusercontent.com/PokeAPI/sprites/master/sprites/pokemon/other/official-artwork/869.png
870,タイレーツ,,falinks,じんけいポケモン,8,fighting,,3.0,62.0,65,100,100,70,60,75,470,0,0,ヘイチョーと 呼ばれる １匹と ヘイと 呼ばれる ５匹で ひとつ。 ヘイチョーの 命令は 絶対。,https://raw.githubusercontent.com/PokeAPI/sprites/master/sprites/pokemon/870.png,https://raw.githubusercontent.com/PokeAPI/sprites/master/sprites/pokemon/other/official-artwork/870.png
871,バチンウニ,,pincurchin,うにポケモン,8,electric,,0.3,1.0,48,101,95,91,85,15,435,0,0,棘の 先から 電気を 放つ。 鋭い 歯で 岩に ついた 海藻を こそいで 食べる。,https://raw.githubusercontent.com/PokeAPI/sprites/master/sprites/pokemon/871.png,https://raw.githubusercontent.com/PokeAPI/sprites/master/sprites/pokemon/other/official-artwork/871.png
872,ユキハミ,,snom,いもむしポケモン,8,ice,bug,0.3,3.8,30,25,35,45,30,20,185,0,0,冷気の 混ざった 糸を 吐く。 糸で 体を 枝に 巻きつけ 氷柱の 振りをして 眠るのだ。,https://raw.githubusercontent.com/PokeAPI/sprites/master/sprites/pokemon/872.png,https://raw.githubusercontent.com/PokeAPI/sprites/master/sprites/pokemon/other/official-artwork/872.png
873,モスノウ,,frosmoth,こおりがポケモン,8,ice,bug,1.3,42.0,70,65,60,125,90,65,475,0,0,はねの 温度は マイナス１８０度。 冷気を 込めた りんぷんを 雪の ように ふりまき 野山を 飛ぶ。,https://raw.githubusercontent.com/PokeAPI/sprites/master/sprites/pokemon/873.png,https://raw.githubusercontent.com/PokeAPI/sprites/master/sprites/pokemon/other/official-artwork/873.png
874,イシヘンジン,,stonjourner,きょせきポケモン,8,rock,,2.5,520.0,100,125,135,20,20,70,470,0,0,大草原の 中で たたずみ 陽の 傾きを 眺めて 暮らす。 ダイナミックな 蹴り技が 得意。,https://raw.githubusercontent.com/PokeAPI/sprites/master/sprites/pokemon/874.png,https://raw.githubusercontent.com/PokeAPI/sprites/master/sprites/pokemon/other/official-artwork/874.png
875,コオリッポ,,eiscue-ice,ペンギンポケモン,8,ice,,1.4,89.0,75,80,110,65,90,50,470,0,0,とても 寒い 場所から 流れ 流されて やってきた。 氷で 顔を つねに 冷やして いるのだ。,https://raw.githubusercontent.com/PokeAPI/sprites/master/sprites/pokemon/875.png,https://raw.githubusercontent.com/PokeAPI/sprites/master/sprites/pokemon/other/official-artwork/875.png
876,イエッサン,,indeedee-male,かんじょうポケモン,8,psychic,normal,0.9,28.0,60,65,55,105,95,95,475,0,0,頭の ツノで 相手の 気持ちを 感じとる。 オスは 従者の ように 主のそばで 世話を焼く。,https://raw.githubusercontent.com/PokeAPI/sprites/master/sprites/pokemon/876.png,https://raw.githubusercontent.com/PokeAPI/sprites/master/sprites/pokemon/other/official-artwork/876.png
877,モルペコ,,morpeko-full-belly,にめんポケモン,8,electric,dark,0.3,3.0,58,95,58,70,58,97,436,0,0,いつも お腹を すかせている。 ポケットの ような 袋に 入れた タネを 食べて 電気を つくる。,https://raw.githubusercontent.com/PokeAPI/sprites/master/sprites/pokemon/877.png,https://raw.githubusercontent.com/PokeAPI/sprites/master/sprites/pokemon/other/official-artwork/877.png
878,ゾウドウ,,cufant,どうぞうポケモン,8,steel,,1.2,100.0,72,80,49,40,49,40,330,0,0,５トンの 荷物を もっても 平気な 力持ち ポケモン。 鼻を 使って 土を 掘る。,https://raw.githubusercontent.com/PokeAPI/sprites/master/sprites/pokemon/878.png,https://raw.githubusercontent.com/PokeAPI/sprites/master/sprites/pokemon/other/official-artwork/878.png
879,ダイオウドウ,,copperajah,どうぞうポケモン,8,steel,,3.0,650.0,122,130,69,80,69,30,500,0,0,緑の皮膚は 水にも 強い。 昔 ほかの土地から やってきて 人と いっしょに 働いた。,https://raw.githubusercontent.com/PokeAPI/sprites/master/sprites/pokemon/879.png,https://raw.githubusercontent.com/PokeAPI/sprites/master/sprites/pokemon/other/official-artwork/879.png
880,パッチラゴン,,dracozolt,かせきポケモン,8,electric,dragon,1.8,190.0,90,100,90,80,70,75,505,0,0,古代では たくましい 下半身で 無敵だったが 餌の 植物を 食べつくしてしまい 絶滅した。,https://raw.githubusercontent.com/PokeAPI/sprites/master/sprites/pokemon/880.png,https://raw.githubusercontent.com/PokeAPI/sprites/master/sprites/pokemon/other/official-artwork/880.png
881,パッチルドン,,arctozolt,かせきポケモン,8,electric,ice,2.3,150.0,90,100,90,90,80,55,505,0,0,氷漬けの 上半身が 震えると 電気が つくられる。 歩くことが 非常に 苦手。,https://raw.githubusercontent.com/PokeAPI/sprites/master/sprites/pokemon/881.png,https://raw.githubusercontent.com/PokeAPI/sprites/master/sprites/pokemon/other/official-artwork/881.png
882,ウオノラゴン,,dracovish,かせきポケモン,8,water,dragon,2.3,215.0,90,90,100,70,80,75,505,0,0,ずば抜けた 脚力と 顎の 力で 古代では 無敵だったが 獲物を 獲り尽くし 絶滅した。,https://raw.githubusercontent.com/PokeAPI/sprites/master/sprites/pokemon/882.png,https://raw.githubusercontent.com/PokeAPI/sprites/master/sprites/pokemon/other/official-artwork/882.png
883,ウオチルドン,,arctovish,かせきポケモン,8,water,ice,2.0,175.0,90,90,100,80,90,55,505,0,0,周囲を 凍りつかせて 獲物を 捕まえるが 口が 頭の 上に あるので 食べづらい。,https://raw.githubusercontent.com/PokeAPI/sprites/master/sprites/pokemon/883.png,https://raw.githubusercontent.com/PokeAPI/sprites/master/sprites/pokemon/other/official-artwork/883.png
884,ジュラルドン,,duraludon,ごうきんポケモン,8,steel,dragon,1.8,40.0,70,95,115,120,50,85,535,0,0,磨きあげた 金属の ような 体は 軽いうえに 硬いが 錆びやすいのが 欠点なのだ。,https://raw.githubusercontent.com/PokeAPI/sprites/master/sprites/pokemon/884.png,https://raw.githubusercontent.com/PokeAPI/sprites/master/sprites/pokemon/other/official-artwork/884.png
885,ドラメシヤ,,dreepy,うらめしポケモン,8,dragon,ghost,0.5,2.0,28,60,30,40,30,82,270,0,0,古代の 海で 暮らしていた。 ゴーストポケモンとして よみがえり かつての すみかを さまよっている。,https://raw.githubusercontent.com/PokeAPI/sprites/master/sprites/pokemon/885.png,https://raw.githubusercontent.com/PokeAPI/sprites/master/sprites/pokemon/other/official-artwork/885.png
886,ドロンチ,,drakloak,せわやくポケモン,8,dragon,ghost,1.4,11.0,68,80,50,60,50,102,410,0,0,飛行速度は 時速２００キロ。 ドラメシヤと いっしょに 戦い 無事に 進化するまで 世話をする。,https://raw.githubusercontent.com/PokeAPI/sprites/master/sprites/pokemon/886.png,https://raw.githubusercontent.com/PokeAPI/sprites/master/sprites/pokemon/other/official-artwork/886.png
887,ドラパルト,,dragapult,ステルスポケモン,8,dragon,ghost,3.0,50.0,88,120,75,100,75,142,600,0,0,ツノの 穴に ドラメシヤを 入れて 暮らす。 戦いになると マッハの スピードで ドラメシヤを 飛ばす。,https://raw.githubusercontent.com/PokeAPI/sprites/master/sprites/pokemon/887.png,https://raw.githubusercontent.com/PokeAPI/sprites/master/sprites/pokemon/other/official-artwork/887.png
888,ザシアン,,zacian,つわものポケモン,8,fairy,,2.8,110.0,92,120,115,80,115,138,660,1,0,伝説の 英雄と 呼ばれる ポケモン。 金属を 取り込み 武具に 変化させ 戦う。,https://raw.githubusercontent.com/PokeAPI/sprites/master/sprites/pokemon/888.png,https://raw.githubusercontent.com/PokeAPI/sprites/master/sprites/pokemon/other/official-artwork/888.png
889,ザマゼンタ,,zamazenta,つわものポケモン,8,fighting,,2.9,210.0,92,120,115,80,115,138,660,1,0,人の王と 力を あわせ ガラルを 救った ポケモン。 金属を 取り込み 戦う。,https://raw.githubusercontent.com/PokeAPI/sprites/master/sprites/pokemon/889.png,https://raw.githubusercontent.com/PokeAPI/sprites/master/sprites/pokemon/other/official-artwork/889.png
890,ムゲンダイナ,,eternatus,キョダイポケモン,8,poison,dragon,20.0,950.0,140,85,95,145,95,130,690,1,0,胸の コアが ガラル地方の 大地から 涌きだす エネルギーを 吸収して 活動している。,https://raw.githubusercontent.com/PokeAPI/sprites/master/sprites/pokemon/890.png,https://raw.githubusercontent.com/PokeAPI/sprites/master/sprites/pokemon/other/official-artwork/890.png
891,ダクマ,,kubfu,けんぽうポケモン,8,fighting,,0.6,12.0,60,90,60,53,50,72,385,1,0,厳しい 鍛錬を 積み 技を 磨く。 体得した 技によって 進化したときの 姿が 変わる。,https://raw.githubusercontent.com/PokeAPI/sprites/master/sprites/pokemon/891.png,https://raw.githubusercontent.com/PokeAPI/sprites/master/sprites/pokemon/other/official-artwork/891.png
892,ウーラオス,,urshifu-single-strike,けんぽうポケモン,8,fighting,dark,1.9,105.0,100,130,100,63,60,97,550,1,0,一撃必殺が 信条。 相手の 懐に 飛びこみ 鍛えられた 拳を 叩きこむ。,https://raw.githubusercontent.com/PokeAPI/sprites/master/sprites/pokemon/892.png,https://raw.githubusercontent.com/PokeAPI/sprites/master/sprites/pokemon/other/official-artwork/892.png
893,ザルード,,zarude,わるざるポケモン,8,dark,grass,1.8,70.0,105,120,105,70,95,105,600,0,1,群れを つくり 密林で 暮らす。 とても 攻撃的で 森にすむ ポケモンたちから 恐れられている。,https://raw.githubusercontent.com/PokeAPI/sprites/master/sprites/pokemon/893.png,https://raw.githubusercontent.com/PokeAPI/sprites/master/sprites/pokemon/other/official-artwork/893.png
894,レジエレキ,,regieleki,エレクトロンポケモン,8,electric,,1.2,145.0,80,100,50,100,50,200,580,1,0,電気エネルギーの 塊。 体の リングを 外すと 秘めた 力が 解き放たれるらしい。,https://raw.githubusercontent.com/PokeAPI/sprites/master/sprites/pokemon/894.png,https://raw.githubusercontent.com/PokeAPI/sprites/master/sprites/pokemon/other/official-artwork/894.png
895,レジドラゴ,,regidrago,りゅうぎょくポケモン,8,dragon,,2.1,200.0,200,100,50,100,50,80,580,1,0,腕の 形は 古代の ドラゴン ポケモンの 頭という 学説も あるが 証明されていない。,https://raw.githubusercontent.com/PokeAPI/sprites/master/sprites/pokemon/895.png,https://raw.githubusercontent.com/PokeAPI/sprites/master/sprites/pokemon/other/official-artwork/895.png
896,ブリザポス,,glastrier,あばれうまポケモン,8,ice,,2.2,800.0,100,145,130,65,110,30,580,1,0,蹄から 強力な 冷気を 放つ。 欲しいものは なんでも 力尽くで 奪う 暴れん坊。,https://raw.githubusercontent.com/PokeAPI/sprites/master/sprites/pokemon/896.png,https://raw.githubusercontent.com/PokeAPI/sprites/master/sprites/pokemon/other/official-artwork/896.png
897,レイスポス,,spectrier,しゅんばポケモン,8,ghost,,2.0,44.5,100,65,60,145,80,130,580,1,0,視覚 以外の 五感を 使い 様子を 探る。 蹴られたものは 魂を 抜かれてしまうという。,https://raw.githubusercontent.com/PokeAPI/sprites/master/sprites/pokemon/897.png,https://raw.githubusercontent.com/PokeAPI/sprites/master/sprites/pokemon/other/official-artwork/897.png
898,バドレックス,,calyrex,キングポケモン,8,psychic,grass,1.1,7.7,100,80,80,80,80,80,500,1,0,癒しと 恵みの 力を もつ 慈愛に 満ちた ポケモン。 はるか むかし ガラルに 君臨していた。,https://raw.githubusercontent.com/PokeAPI/sprites/master/sprites/pokemon/898.png,https://raw.githubusercontent.com/PokeAPI/sprites/master/sprites/pokemon/other/official-artwork/898.png
899,アヤシシ,,wyrdeer,おおツノポケモン,8,normal,psychic,1.8,95.1,103,105,72,105,75,65,525,0,0,The black orbs shine with an uncanny light when the Pokémon is erecting invisible barriers. The fur shed from its beard retains heat well and is a highly useful material for winter clothing.,https://raw.githubusercontent.com/PokeAPI/sprites/master/sprites/pokemon/899.png,https://raw.githubusercontent.com/PokeAPI/sprites/master/sprites/pokemon/other/official-artwork/899.png
900,バサギリ,,kleavor,まさかりポケモン,8,bug,rock,1.8,89.0,70,135,95,45,70,85,500,0,0,"A violent creature that fells towering trees with its crude axes and shields itself with hard stone. If one should chance upon this Pokémon in the wilds, one's only recourse is to flee.",https://raw.githubusercontent.com/PokeAPI/sprites/master/sprites/pokemon/900.png,https://raw.githubusercontent.com/PokeAPI/sprites/master/sprites/pokemon/other/official-artwork/900.png
901,ガチグマ,,ursaluna,でいたんポケモン,8,ground,normal,2.4,290.0,130,140,105,45,80,50,550,0,0,I believe it was Hisui's swampy terrain that gave Ursaluna its burly physique and newfound capacity to manipulate peat at will.,https://raw.githubusercontent.com/PokeAPI/sprites/master/sprites/pokemon/901.png,https://raw.githubusercontent.com/PokeAPI/sprites/master/sprites/pokemon/other/official-artwork/901.png
902,イダイトウ,,basculegion-male,おおうおポケモン,8,water,ghost,3.0,110.0,120,112,65,80,75,78,530,0,0,Clads itself in the souls of comrades that perished before fulfilling their goals of journeying upstream. No other species throughout all Hisui's rivers is Basculegion's equal.,https://raw.githubusercontent.com/PokeAPI/sprites/master/sprites/pokemon/902.png,https://raw.githubusercontent.com/PokeAPI/sprites/master/sprites/pokemon/other/official-artwork/902.png
903,オオニューラ,,sneasler,クライミングポケモン,8,fighting,poison,1.3,43.0,80,130,60,40,80,120,510,0,0,"Because of Sneasler's virulent poison and daunting physical prowess, no other species could hope to best it on the frozen highlands. Preferring solitude, this species does not form packs.",https://raw.githubusercontent.com/PokeAPI/sprites/master/sprites/pokemon/903.png,https://raw.githubusercontent.com/PokeAPI/sprites/master/sprites/pokemon/other/official-artwork/903.png
904,ハリーマン,,overqwil,けんざんポケモン,8,dark,poison,2.5,60.5,85,115,95,65,65,85,510,0,0,Its lancelike spikes and savage temperament have earned it the nickname ”sea fiend.” It slurps up poison to nourish itself.,https://raw.githubusercontent.com/PokeAPI/sprites/master/sprites/pokemon/904.png,https://raw.githubusercontent.com/PokeAPI/sprites/master/sprites/pokemon/other/official-artwork/904.png
905,ラブトロス,,enamorus-incarnate,あいぞうポケモン,8,fairy,flying,1.6,48.0,74,115,70,135,80,106,580,1,0,"When it flies to this land from across the sea, the bitter winter comes to an end. According to legend, this Pokémon's love gives rise to the budding of fresh life across Hisui.",https://raw.githubusercontent.com/PokeAPI/sprites/master/sprites/pokemon/905.png,https://raw.githubusercontent.com/PokeAPI/sprites/master/sprites/pokemon/other/official-artwork/905.png
906,ニャオハ,,sprigatito,,9,grass,,0.4,4.1,40,61,54,45,45,65,310,0,0,Its fluffy fur is similar in composition to plants. This Pokémon frequently washes its face to keep it from drying out.,https://raw.githubusercontent.com/PokeAPI/sprites/master/sprites/pokemon/906.png,https://raw.githubusercontent.com/PokeAPI/sprites/master/sprites/pokemon/other/official-artwork/906.png
907,ニャローテ,,floragato,,9,grass,,0.9,12.2,61,80,63,60,63,83,410,0,0,"Floragato deftly wields the vine hidden beneath its long fur, slamming the hard flower bud against its opponents.",https://raw.githubusercontent.com/PokeAPI/sprites/master/sprites/pokemon/907.png,https://raw.githubusercontent.com/PokeAPI/sprites/master/sprites/pokemon/other/official-artwork/907.png
908,マスカーニャ,,meowscarada,,9,grass,dark,1.5,31.2,76,110,70,81,70,123,530,0,0,"This Pokémon uses the reflective fur lining its cape to camouflage the stem of its flower, creating the illusion that the flower is floating.",https://raw.githubusercontent.com/PokeAPI/sprites/master/sprites/pokemon/908.png,https://raw.githubusercontent.com/PokeAPI/sprites/master/sprites/pokemon/other/official-artwork/908.png
909,ホゲータ,,fuecoco,,9,fire,,0.4,9.8,67,45,59,63,40,36,310,0,0,It lies on warm rocks and uses the heat absorbed by its square-shaped scales to create fire energy.,https://raw.githubusercontent.com/PokeAPI/sprites/master/sprites/pokemon/909.png,https://raw.githubusercontent.com/PokeAPI/sprites/master/sprites/pokemon/other/official-artwork/909.png
910,アチゲータ,,crocalor,,9,fire,,1.0,30.7,81,55,78,90,58,49,411,0,0,The combination of Crocalor’s fire energy and overflowing vitality has caused an egg-shaped fireball to appear on the Pokémon’s head.,https://raw.githubusercontent.com/PokeAPI/sprites/master/sprites/pokemon/910.png,https://raw.githubusercontent.com/PokeAPI/sprites/master/sprites/pokemon/other/official-artwork/910.png
911,ラウドボーン,,skeledirge,,9,fire,ghost,1.6,326.5,104,75,100,110,75,66,530,0,0,The fiery bird changes shape when Skeledirge sings. Rumor has it that the bird was born when the fireball on Skeledirge’s head gained a soul.,https://raw.githubusercontent.com/PokeAPI/sprites/master/sprites/pokemon/911.png,https://raw.githubusercontent.com/PokeAPI/sprites/master/sprites/pokemon/other/official-artwork/911.png
912,クワッス,,quaxly,,9,water,,0.5,6.1,55,65,45,50,45,50,310,0,0,This Pokémon migrated to Paldea from distant lands long ago. The gel secreted by its feathers repels water and grime.,https://raw.githubusercontent.com/PokeAPI/sprites/master/sprites/pokemon/912.png,https://raw.githubusercontent.com/PokeAPI/sprites/master/sprites/pokemon/other/official-artwork/912.png
913,ウェルカモ,,quaxwell,,9,water,,1.2,21.5,70,85,65,65,60,65,410,0,0,"These Pokémon constantly run through shallow waters to train their legs, then compete with each other to see which of them kicks most gracefully.",https://raw.githubusercontent.com/PokeAPI/sprites/master/sprites/pokemon/913.png,https://raw.githubusercontent.com/PokeAPI/sprites/master/sprites/pokemon/other/official-artwork/913.png
914,ウェーニバル,,quaquaval,,9,water,fighting,1.8,61.9,85,120,80,85,75,85,530,0,0,A single kick from a Quaquaval can send a truck rolling. This Pokémon uses its powerful legs to perform striking dances from far-off lands.,https://raw.githubusercontent.com/PokeAPI/sprites/master/sprites/pokemon/914.png,https://raw.githubusercontent.com/PokeAPI/sprites/master/sprites/pokemon/other/official-artwork/914.png
915,グルトン,,lechonk,,9,normal,,0.5,10.2,54,45,40,35,45,35,254,0,0,It searches for food all day. It possesses a keen sense of smell but doesn’t use it for anything other than foraging.,https://raw.githubusercontent.com/PokeAPI/sprites/master/sprites/pokemon/915.png,https://raw.githubusercontent.com/PokeAPI/sprites/master/sprites/pokemon/other/official-artwork/915.png
916,パフュートン,,oinkologne-male,,9,normal,,1.0,120.0,110,100,75,59,80,65,489,0,0,"Oinkologne is proud of its fine, glossy skin. It emits a concentrated scent from the tip of its tail.",https://raw.githubusercontent.com/PokeAPI/sprites/master/sprites/pokemon/916.png,https://raw.githubusercontent.com/PokeAPI/sprites/master/sprites/pokemon/other/official-artwork/916.png
917,タマンチュラ,,tarountula,,9,bug,,0.3,4.0,35,41,45,29,40,20,210,0,0,"The ball of threads wrapped around its body is elastic enough to deflect the scythes of Scyther, this Pokémon’s natural enemy.",https://raw.githubusercontent.com/PokeAPI/sprites/master/sprites/pokemon/917.png,https://raw.githubusercontent.com/PokeAPI/sprites/master/sprites/pokemon/other/official-artwork/917.png
918,ワナイダー,,spidops,,9,bug,,1.0,16.5,60,79,92,52,86,35,404,0,0,It clings to branches and ceilings using its threads and moves without a sound. It takes out its prey before the prey even notices it.,https://raw.githubusercontent.com/PokeAPI/sprites/master/sprites/pokemon/918.png,https://raw.githubusercontent.com/PokeAPI/sprites/master/sprites/pokemon/other/official-artwork/918.png
919,マメバッタ,,nymble,,9,bug,,0.2,1.0,33,46,40,21,25,45,210,0,0,"It has its third set of legs folded up. When it’s in a tough spot, this Pokémon jumps over 30 feet using the strength of its legs.",https://raw.githubusercontent.com/PokeAPI/sprites/master/sprites/pokemon/919.png,https://raw.githubusercontent.com/PokeAPI/sprites/master/sprites/pokemon/other/official-artwork/919.png
920,エクスレッグ,,lokix,,9,bug,dark,1.0,17.5,71,102,78,52,55,92,450,0,0,"When it decides to fight all out, it stands on its previously folded legs to enter Showdown Mode. It neutralizes its enemies in short order.",https://raw.githubusercontent.com/PokeAPI/sprites/master/sprites/pokemon/920.png,https://raw.githubusercontent.com/PokeAPI/sprites/master/sprites/pokemon/other/official-artwork/920.png
921,パモ,,pawmi,,9,electric,,0.3,2.5,45,50,20,40,25,60,240,0,0,It has underdeveloped electric sacs on its cheeks. These sacs can produce electricity only if Pawmi rubs them furiously with the pads on its forepaws.,https://raw.githubusercontent.com/PokeAPI/sprites/master/sprites/pokemon/921.png,https://raw.githubusercontent.com/PokeAPI/sprites/master/sprites/pokemon/other/official-artwork/921.png
922,パモット,,pawmo,,9,electric,fighting,0.4,6.5,60,75,40,50,40,85,350,0,0,"When its group is attacked, Pawmo is the first to leap into battle, defeating enemies with a fighting technique that utilizes electric shocks.",https://raw.githubusercontent.com/PokeAPI/sprites/master/sprites/pokemon/922.png,https://raw.githubusercontent.com/PokeAPI/sprites/master/sprites/pokemon/other/official-artwork/922.png
923,パーモット,,pawmot,,9,electric,fighting,0.9,41.0,70,115,70,70,60,105,490,0,0,"This Pokémon normally is slow to react, but once it enters battle, it will strike down its enemies with lightning-fast movements.",https://raw.githubusercontent.com/PokeAPI/sprites/master/sprites/pokemon/923.png,https://raw.githubusercontent.com/PokeAPI/sprites/master/sprites/pokemon/other/official-artwork/923.png
924,ワッカネズミ,,tandemaus,,9,normal,,0.3,1.8,50,50,45,40,45,75,305,0,0,"Exhibiting great teamwork, they use their incisors to cut pieces out of any material that might be useful for a nest, then make off with them.",https://raw.githubusercontent.com/PokeAPI/sprites/master/sprites/pokemon/924.png,https://raw.githubusercontent.com/PokeAPI/sprites/master/sprites/pokemon/other/official-artwork/924.png
925,イッカネズミ,,maushold-family-of-four,,9,normal,,0.3,2.8,74,75,70,65,75,111,470,0,0,"The two little ones just appeared one day. The group might be a family of related Pokémon, but nobody knows for sure.",https://raw.githubusercontent.com/PokeAPI/sprites/master/sprites/pokemon/925.png,https://raw.githubusercontent.com/PokeAPI/sprites/master/sprites/pokemon/other/official-artwork/925.png
926,パピモッチ,,fidough,,9,fairy,,0.3,10.9,37,55,70,30,55,65,312,0,0,This Pokémon is smooth and moist to the touch. Yeast in Fidough’s breath induces fermentation in the Pokémon’s vicinity.,https://raw.githubusercontent.com/PokeAPI/sprites/master/sprites/pokemon/926.png,https://raw.githubusercontent.com/PokeAPI/sprites/master/sprites/pokemon/other/official-artwork/926.png
927,バウッツェル,,dachsbun,,9,fairy,,0.5,14.9,57,80,115,50,80,95,477,0,0,"The pleasant aroma that emanates from this Pokémon’s body helps wheat grow, so Dachsbun has been treasured by farming villages.",https://raw.githubusercontent.com/PokeAPI/sprites/master/sprites/pokemon/927.png,https://raw.githubusercontent.com/PokeAPI/sprites/master/sprites/pokemon/other/official-artwork/927.png
928,ミニーブ,,smoliv,,9,grass,normal,0.3,6.5,41,35,45,58,51,30,260,0,0,It protects itself from enemies by emitting oil from the fruit on its head. This oil is bitter and astringent enough to make someone flinch.,https://raw.githubusercontent.com/PokeAPI/sprites/master/sprites/pokemon/928.png,https://raw.githubusercontent.com/PokeAPI/sprites/master/sprites/pokemon/other/official-artwork/928.png
929,オリーニョ,,dolliv,,9,grass,normal,0.6,11.9,52,53,60,78,78,33,354,0,0,"Dolliv shares its tasty, fresh-scented oil with others. This species has coexisted with humans since times long gone.",https://raw.githubusercontent.com/PokeAPI/sprites/master/sprites/pokemon/929.png,https://raw.githubusercontent.com/PokeAPI/sprites/master/sprites/pokemon/other/official-artwork/929.png
930,オリーヴァ,,arboliva,,9,grass,normal,1.4,48.2,78,69,90,125,109,39,510,0,0,"This calm Pokémon is very compassionate. It will share its delicious, nutrient-rich oil with weakened Pokémon.",https://raw.githubusercontent.com/PokeAPI/sprites/master/sprites/pokemon/930.png,https://raw.githubusercontent.com/PokeAPI/sprites/master/sprites/pokemon/other/official-artwork/930.png
931,イキリンコ,,squawkabilly-green-plumage,,9,normal,flying,0.6,2.4,82,96,51,45,51,92,417,0,0,"These Pokémon prefer to live in cities. They form flocks based on the color of their feathers, and they fight over territory.",https://raw.githubusercontent.com/PokeAPI/sprites/master/sprites/pokemon/931.png,https://raw.githubusercontent.com/PokeAPI/sprites/master/sprites/pokemon/other/official-artwork/931.png
932,コジオ,,nacli,,9,rock,,0.4,16.0,55,55,75,35,35,25,280,0,0,"It was born in a layer of rock salt deep under the earth. This species was particularly treasured in the old days, as they would share precious salt.",https://raw.githubusercontent.com/PokeAPI/sprites/master/sprites/pokemon/932.png,https://raw.githubusercontent.com/PokeAPI/sprites/master/sprites/pokemon/other/official-artwork/932.png
933,ジオヅム,,naclstack,,9,rock,,0.6,105.0,60,60,100,35,65,35,355,0,0,This Pokémon dry cures its prey by spraying salt over them. The curing process steals away the water in the prey’s body.,https://raw.githubusercontent.com/PokeAPI/sprites/master/sprites/pokemon/933.png,https://raw.githubusercontent.com/PokeAPI/sprites/master/sprites/pokemon/other/official-artwork/933.png
934,キョジオーン,,garganacl,,9,rock,,2.3,240.0,100,100,130,45,90,35,500,0,0,Garganacl will rub its fingertips together and sprinkle injured Pokémon with salt. Even severe wounds will promptly heal afterward.,https://raw.githubusercontent.com/PokeAPI/sprites/master/sprites/pokemon/934.png,https://raw.githubusercontent.com/PokeAPI/sprites/master/sprites/pokemon/other/official-artwork/934.png
935,カルボウ,,charcadet,,9,fire,,0.6,10.5,40,50,40,50,40,35,255,0,0,"Burnt charcoal came to life and became a Pokémon. Possessing a fiery fighting spirit, Charcadet will battle even tough opponents.",https://raw.githubusercontent.com/PokeAPI/sprites/master/sprites/pokemon/935.png,https://raw.githubusercontent.com/PokeAPI/sprites/master/sprites/pokemon/other/official-artwork/935.png
936,グレンアルマ,,armarouge,,9,fire,psychic,1.5,85.0,85,60,100,125,80,75,525,0,0,Armarouge evolved through the use of a set of armor that belonged to a distinguished warrior. This Pokémon is incredibly loyal.,https://raw.githubusercontent.com/PokeAPI/sprites/master/sprites/pokemon/936.png,https://raw.githubusercontent.com/PokeAPI/sprites/master/sprites/pokemon/other/official-artwork/936.png
937,ソウブレイズ,,ceruledge,,9,fire,ghost,1.6,62.0,75,125,80,60,100,85,525,0,0,The fiery blades on its arms burn fiercely with the lingering resentment of a sword wielder who fell before accomplishing their goal.,https://raw.githubusercontent.com/PokeAPI/sprites/master/sprites/pokemon/937.png,https://raw.githubusercontent.com/PokeAPI/sprites/master/sprites/pokemon/other/official-artwork/937.png
938,ズピカ,,tadbulb,,9,electric,,0.3,0.4,61,31,41,59,35,45,272,0,0,"Tadbulb shakes its tail to generate electricity. If it senses danger, it will make its head blink on and off to alert its allies.",https://raw.githubusercontent.com/PokeAPI/sprites/master/sprites/pokemon/938.png,https://raw.githubusercontent.com/PokeAPI/sprites/master/sprites/pokemon/other/official-artwork/938.png
939,ハラバリー,,bellibolt,,9,electric,,1.2,113.0,109,64,91,103,83,45,495,0,0,"When this Pokémon expands and contracts its wobbly body, the belly-button dynamo in its stomach produces a huge amount of electricity.",https://raw.githubusercontent.com/PokeAPI/sprites/master/sprites/pokemon/939.png,https://raw.githubusercontent.com/PokeAPI/sprites/master/sprites/pokemon/other/official-artwork/939.png
940,カイデン,,wattrel,,9,electric,flying,0.4,3.6,40,40,35,55,40,70,280,0,0,"When its wings catch the wind, the bones within produce electricity. This Pokémon dives into the ocean, catching prey by electrocuting them.",https://raw.githubusercontent.com/PokeAPI/sprites/master/sprites/pokemon/940.png,https://raw.githubusercontent.com/PokeAPI/sprites/master/sprites/pokemon/other/official-artwork/940.png
941,タイカイデン,,kilowattrel,,9,electric,flying,1.4,38.6,70,70,60,105,60,125,490,0,0,"Kilowattrel inflates its throat sac to amplify its electricity. By riding the wind, this Pokémon can fly over 430 miles in a day.",https://raw.githubusercontent.com/PokeAPI/sprites/master/sprites/pokemon/941.png,https://raw.githubusercontent.com/PokeAPI/sprites/master/sprites/pokemon/other/official-artwork/941.png
942,オラチフ,,maschiff,,9,dark,,0.5,16.0,60,78,60,40,51,51,340,0,0,"It always scowls in an attempt to make opponents take it seriously, but even crying children will burst into laughter when they see Maschiff’s face.",https://raw.githubusercontent.com/PokeAPI/sprites/master/sprites/pokemon/942.png,https://raw.githubusercontent.com/PokeAPI/sprites/master/sprites/pokemon/other/official-artwork/942.png
943,マフィティフ,,mabosstiff,,9,dark,,1.1,61.0,80,120,90,60,70,85,505,0,0,This Pokémon can store energy in its large dewlap. Mabosstiff unleashes this energy all at once to blow away enemies.,https://raw.githubusercontent.com/PokeAPI/sprites/master/sprites/pokemon/943.png,https://raw.githubusercontent.com/PokeAPI/sprites/master/sprites/pokemon/other/official-artwork/943.png
944,シルシュルー,,shroodle,,9,poison,normal,0.2,0.7,40,65,35,40,35,75,290,0,0,"Though usually a mellow Pokémon, it will sink its sharp, poison-soaked front teeth into any that anger it, causing paralysis in the object of its ire.",https://raw.githubusercontent.com/PokeAPI/sprites/master/sprites/pokemon/944.png,https://raw.githubusercontent.com/PokeAPI/sprites/master/sprites/pokemon/other/official-artwork/944.png
945,タギングル,,grafaiai,,9,poison,normal,0.7,27.2,63,95,65,80,72,110,485,0,0,The color of the poisonous saliva depends on what the Pokémon eats. Grafaiai covers its fingers in its saliva and draws patterns on trees in forests.,https://raw.githubusercontent.com/PokeAPI/sprites/master/sprites/pokemon/945.png,https://raw.githubusercontent.com/PokeAPI/sprites/master/sprites/pokemon/other/official-artwork/945.png
946,アノクサ,,bramblin,,9,grass,ghost,0.6,0.6,40,65,30,45,35,60,275,0,0,A soul unable to move on to the afterlife was blown around by the wind until it got tangled up with dried grass and became a Pokémon.,https://raw.githubusercontent.com/PokeAPI/sprites/master/sprites/pokemon/946.png,https://raw.githubusercontent.com/PokeAPI/sprites/master/sprites/pokemon/other/official-artwork/946.png
947,アノホラグサ,,brambleghast,,9,grass,ghost,1.2,6.0,55,115,70,80,70,90,480,0,0,"It will open the branches of its head to envelop its prey. Once it absorbs all the life energy it needs, it expels the prey and discards it.",https://raw.githubusercontent.com/PokeAPI/sprites/master/sprites/pokemon/947.png,https://raw.githubusercontent.com/PokeAPI/sprites/master/sprites/pokemon/other/official-artwork/947.png
948,ノノクラゲ,,toedscool,,9,ground,grass,0.9,33.0,40,40,35,50,100,70,335,0,0,Toedscool lives in muggy forests. The flaps that fall from its body are chewy and very delicious.,https://raw.githubusercontent.com/PokeAPI/sprites/master/sprites/pokemon/948.png,https://raw.githubusercontent.com/PokeAPI/sprites/master/sprites/pokemon/other/official-artwork/948.png
949,リククラゲ,,toedscruel,,9,ground,grass,1.9,58.0,80,70,65,80,120,100,515,0,0,These Pokémon gather into groups and form colonies deep within forests. They absolutely hate it when strangers approach.,https://raw.githubusercontent.com/PokeAPI/sprites/master/sprites/pokemon/949.png,https://raw.githubusercontent.com/PokeAPI/sprites/master/sprites/pokemon/other/official-artwork/949.png
950,ガケガニ,,klawf,,9,rock,,1.3,79.0,70,100,115,35,55,75,450,0,0,"Klawf hangs upside-down from cliffs, waiting for prey. But Klawf can’t remain in this position for long because its blood rushes to its head.",https://raw.githubusercontent.com/PokeAPI/sprites/master/sprites/pokemon/950.png,https://raw.githubusercontent.com/PokeAPI/sprites/master/sprites/pokemon/other/official-artwork/950.png
951,カプサイジ,,capsakid,,9,grass,,0.3,3.0,50,62,40,62,40,50,304,0,0,"The more sunlight this Pokémon bathes in, the more spicy chemicals are produced by its body, and thus the spicier its moves become.",https://raw.githubusercontent.com/PokeAPI/sprites/master/sprites/pokemon/951.png,https://raw.githubusercontent.com/PokeAPI/sprites/master/sprites/pokemon/other/official-artwork/951.png
952,スコヴィラン,,scovillain,,9,grass,fire,0.9,15.0,65,108,65,108,65,75,486,0,0,The red head converts spicy chemicals into fire energy and blasts the surrounding area with a super spicy stream of flame.,https://raw.githubusercontent.com/PokeAPI/sprites/master/sprites/pokemon/952.png,https://raw.githubusercontent.com/PokeAPI/sprites/master/sprites/pokemon/other/official-artwork/952.png
953,シガロコ,,rellor,,9,bug,,0.2,1.0,41,50,60,31,58,30,270,0,0,This Pokémon creates a mud ball by mixing sand and dirt with psychic energy. It treasures its mud ball more than its own life.,https://raw.githubusercontent.com/PokeAPI/sprites/master/sprites/pokemon/953.png,https://raw.githubusercontent.com/PokeAPI/sprites/master/sprites/pokemon/other/official-artwork/953.png
954,ベラカス,,rabsca,,9,bug,psychic,0.3,3.5,75,50,85,115,100,45,470,0,0,"The body that supports the ball barely moves. Therefore, it is thought that the true body of this Pokémon is actually inside the ball.",https://raw.githubusercontent.com/PokeAPI/sprites/master/sprites/pokemon/954.png,https://raw.githubusercontent.com/PokeAPI/sprites/master/sprites/pokemon/other/official-artwork/954.png
955,ヒラヒナ,,flittle,,9,psychic,,0.2,1.5,30,35,30,55,30,75,255,0,0,Flittle’s toes levitate about half an inch above the ground because of the psychic power emitted from the frills on the Pokémon’s belly.,https://raw.githubusercontent.com/PokeAPI/sprites/master/sprites/pokemon/955.png,https://raw.githubusercontent.com/PokeAPI/sprites/master/sprites/pokemon/other/official-artwork/955.png
956,クエスパトラ,,espathra,,9,psychic,,1.9,90.0,95,60,60,101,60,105,481,0,0,"It immobilizes opponents by bathing them in psychic power from its large eyes. Despite its appearance, it has a vicious temperament.",https://raw.githubusercontent.com/PokeAPI/sprites/master/sprites/pokemon/956.png,https://raw.githubusercontent.com/PokeAPI/sprites/master/sprites/pokemon/other/official-artwork/956.png
957,カヌチャン,,tinkatink,,9,fairy,steel,0.4,8.9,50,45,45,35,64,58,297,0,0,"It swings its handmade hammer around to protect itself, but the hammer is often stolen by Pokémon that eat metal.",https://raw.githubusercontent.com/PokeAPI/sprites/master/sprites/pokemon/957.png,https://raw.githubusercontent.com/PokeAPI/sprites/master/sprites/pokemon/other/official-artwork/957.png
958,ナカヌチャン,,tinkatuff,,9,fairy,steel,0.7,59.1,65,55,55,45,82,78,380,0,0,"This Pokémon will attack groups of Pawniard and Bisharp, gathering metal from them in order to create a large and sturdy hammer.",https://raw.githubusercontent.com/PokeAPI/sprites/master/sprites/pokemon/958.png,https://raw.githubusercontent.com/PokeAPI/sprites/master/sprites/pokemon/other/official-artwork/958.png
959,デカヌチャン,,tinkaton,,9,fairy,steel,0.7,112.8,85,75,77,70,105,94,506,0,0,"This intelligent Pokémon has a very daring disposition. It knocks rocks into the sky with its hammer, aiming for flying Corviknight.",https://raw.githubusercontent.com/PokeAPI/sprites/master/sprites/pokemon/959.png,https://raw.githubusercontent.com/PokeAPI/sprites/master/sprites/pokemon/other/official-artwork/959.png
960,ウミディグダ,,wiglett,,9,water,,1.2,1.8,10,55,25,35,25,95,245,0,0,This Pokémon can pick up the scent of a Veluza just over 65 feet away and will hide itself in the sand.,https://raw.githubusercontent.com/PokeAPI/sprites/master/sprites/pokemon/960.png,https://raw.githubusercontent.com/PokeAPI/sprites/master/sprites/pokemon/other/official-artwork/960.png
961,ウミトリオ,,wugtrio,,9,water,,1.2,5.4,35,100,50,50,70,120,425,0,0,"It has a vicious temperament, contrary to what its appearance may suggest. It wraps its long bodies around prey, then drags the prey into its den.",https://raw.githubusercontent.com/PokeAPI/sprites/master/sprites/pokemon/961.png,https://raw.githubusercontent.com/PokeAPI/sprites/master/sprites/pokemon/other/official-artwork/961.png
962,オトシドリ,,bombirdier,,9,flying,dark,1.5,42.9,70,103,85,60,85,82,485,0,0,"It gathers things up in an apron made from shed feathers added to the Pokémon’s chest feathers, then drops those things from high places for fun.",https://raw.githubusercontent.com/PokeAPI/sprites/master/sprites/pokemon/962.png,https://raw.githubusercontent.com/PokeAPI/sprites/master/sprites/pokemon/other/official-artwork/962.png
963,ナミイルカ,,finizen,,9,water,,1.3,60.2,70,45,40,45,40,75,315,0,0,It likes playing with others of its kind using the water ring on its tail. It uses ultrasonic waves to sense the emotions of other living creatures.,https://raw.githubusercontent.com/PokeAPI/sprites/master/sprites/pokemon/963.png,https://raw.githubusercontent.com/PokeAPI/sprites/master/sprites/pokemon/other/official-artwork/963.png
964,イルカマン,,palafin-zero,,9,water,,1.3,60.2,100,70,72,53,62,100,457,0,0,This Pokémon changes its appearance if it hears its allies calling for help. Palafin will never show anybody its moment of transformation.,https://raw.githubusercontent.com/PokeAPI/sprites/master/sprites/pokemon/964.png,https://raw.githubusercontent.com/PokeAPI/sprites/master/sprites/pokemon/other/official-artwork/964.png
965,ブロロン,,varoom,,9,steel,poison,1.0,35.0,45,70,63,30,45,47,300,0,0,It is said that this Pokémon was born when an unknown poison Pokémon entered and inspirited an engine left at a scrap-processing factory.,https://raw.githubusercontent.com/PokeAPI/sprites/master/sprites/pokemon/965.png,https://raw.githubusercontent.com/PokeAPI/sprites/master/sprites/pokemon/other/official-artwork/965.png
966,ブロロローム,,revavroom,,9,steel,poison,1.8,120.0,80,119,90,54,67,90,500,0,0,It creates a gas out of poison and minerals from rocks. It then detonates the gas in its cylinders—now numbering eight—to generate energy.,https://raw.githubusercontent.com/PokeAPI/sprites/master/sprites/pokemon/966.png,https://raw.githubusercontent.com/PokeAPI/sprites/master/sprites/pokemon/other/official-artwork/966.png
967,モトトカゲ,,cyclizar,,9,dragon,normal,1.6,63.0,70,95,65,85,65,121,501,0,0,"Apparently Cyclizar has been allowing people to ride on its back since ancient times. Depictions of this have been found in 10,000-year-old murals.",https://raw.githubusercontent.com/PokeAPI/sprites/master/sprites/pokemon/967.png,https://raw.githubusercontent.com/PokeAPI/sprites/master/sprites/pokemon/other/official-artwork/967.png
968,ミミズズ,,orthworm,,9,steel,,2.5,310.0,70,85,145,60,55,65,480,0,0,"When attacked, this Pokémon will wield the tendrils on its body like fists and pelt the opponent with a storm of punches.",https://raw.githubusercontent.com/PokeAPI/sprites/master/sprites/pokemon/968.png,https://raw.githubusercontent.com/PokeAPI/sprites/master/sprites/pokemon/other/official-artwork/968.png
969,キラーメ,,glimmet,,9,rock,poison,0.7,8.0,48,35,42,105,60,60,350,0,0,It absorbs nutrients from cave walls. The petals it wears are made of crystallized poison.,https://raw.githubusercontent.com/PokeAPI/sprites/master/sprites/pokemon/969.png,https://raw.githubusercontent.com/PokeAPI/sprites/master/sprites/pokemon/other/official-artwork/969.png
970,キラフロル,,glimmora,,9,rock,poison,1.5,45.0,83,55,90,130,81,86,525,0,0,"When this Pokémon detects danger, it will open up its crystalline petals and fire beams from its conical body.",https://raw.githubusercontent.com/PokeAPI/sprites/master/sprites/pokemon/970.png,https://raw.githubusercontent.com/PokeAPI/sprites/master/sprites/pokemon/other/official-artwork/970.png
971,ボチ,,greavard,,9,ghost,,0.6,35.0,50,61,60,30,55,34,290,0,0,It is said that a dog Pokémon that died in the wild without ever interacting with a human was reborn as this Pokémon.,https://raw.githubusercontent.com/PokeAPI/sprites/master/sprites/pokemon/971.png,https://raw.githubusercontent.com/PokeAPI/sprites/master/sprites/pokemon/other/official-artwork/971.png
972,ハカドッグ,,houndstone,,9,ghost,,2.0,15.0,72,101,100,50,97,68,488,0,0,"Houndstone spends most of its time sleeping in graveyards. Among all the dog Pokémon, this one is most loyal to its master.",https://raw.githubusercontent.com/PokeAPI/sprites/master/sprites/pokemon/972.png,https://raw.githubusercontent.com/PokeAPI/sprites/master/sprites/pokemon/other/official-artwork/972.png
973,カラミンゴ,,flamigo,,9,flying,fighting,1.6,37.0,82,115,74,75,64,90,500,0,0,This Pokémon apparently ties the base of its neck into a knot so that energy stored in its belly does not escape from its beak.,https://raw.githubusercontent.com/PokeAPI/sprites/master/sprites/pokemon/973.png,https://raw.githubusercontent.com/PokeAPI/sprites/master/sprites/pokemon/other/official-artwork/973.png
974,アルクジラ,,cetoddle,,9,ice,,1.2,45.0,108,68,45,30,40,43,334,0,0,This species left the ocean and began living on land a very long time ago. It seems to be closely related to Wailmer.,https://raw.githubusercontent.com/PokeAPI/sprites/master/sprites/pokemon/974.png,https://raw.githubusercontent.com/PokeAPI/sprites/master/sprites/pokemon/other/official-artwork/974.png
975,ハルクジラ,,cetitan,,9,ice,,4.5,700.0,170,113,65,45,55,73,521,0,0,"This Pokémon wanders around snowy, icy areas. It protects its body with powerful muscles and a thick layer of fat under its skin.",https://raw.githubusercontent.com/PokeAPI/sprites/master/sprites/pokemon/975.png,https://raw.githubusercontent.com/PokeAPI/sprites/master/sprites/pokemon/other/official-artwork/975.png
976,ミガルーサ,,veluza,,9,water,psychic,2.5,90.0,90,102,73,78,65,70,478,0,0,"When Veluza discards unnecessary flesh, its mind becomes honed and its psychic power increases. The spare flesh has a mild but delicious flavor.",https://raw.githubusercontent.com/PokeAPI/sprites/master/sprites/pokemon/976.png,https://raw.githubusercontent.com/PokeAPI/sprites/master/sprites/pokemon/other/official-artwork/976.png
977,ヘイラッシャ,,dondozo,,9,water,,12.0,220.0,150,100,115,65,65,35,530,0,0,"This Pokémon is a glutton, but it’s bad at getting food. It teams up with a Tatsugiri to catch prey.",https://raw.githubusercontent.com/PokeAPI/sprites/master/sprites/pokemon/977.png,https://raw.githubusercontent.com/PokeAPI/sprites/master/sprites/pokemon/other/official-artwork/977.png
978,シャリタツ,,tatsugiri-curly,,9,dragon,water,0.3,8.0,68,50,60,120,95,82,475,0,0,This is a small dragon Pokémon. It lives inside the mouth of Dondozo to protect itself from enemies on the outside.,https://raw.githubusercontent.com/PokeAPI/sprites/master/sprites/pokemon/978.png,https://raw.githubusercontent.com/PokeAPI/sprites/master/sprites/pokemon/other/official-artwork/978.png
979,コノヨザル,,annihilape,,9,fighting,ghost,1.2,56.0,110,115,80,50,90,90,535,0,0,"When its anger rose beyond a critical point, this Pokémon gained power that is unfettered by the limits of its physical body.",https://raw.githubusercontent.com/PokeAPI/sprites/master/sprites/pokemon/979.png,https://raw.githubusercontent.com/PokeAPI/sprites/master/sprites/pokemon/other/official-artwork/979.png
980,ドオー,,clodsire,,9,poison,ground,1.8,223.0,130,75,60,45,100,20,430,0,0,"When attacked, this Pokémon will retaliate by sticking thick spines out from its body. It’s a risky move that puts everything on the line.",https://raw.githubusercontent.com/PokeAPI/sprites/master/sprites/pokemon/980.png,https://raw.githubusercontent.com/PokeAPI/sprites/master/sprites/pokemon/other/official-artwork/980.png
981,リキキリン,,farigiraf,,9,normal,psychic,3.2,160.0,120,90,70,110,70,60,520,0,0,"Now that the brain waves from the head and tail are synced up, the psychic power of this Pokémon is 10 times stronger than Girafarig’s.",https://raw.githubusercontent.com/PokeAPI/sprites/master/sprites/pokemon/981.png,https://raw.githubusercontent.com/PokeAPI/sprites/master/sprites/pokemon/other/official-artwork/981.png
982,ノココッチ,,dudunsparce-two-segment,,9,normal,,3.6,39.2,125,100,80,85,75,55,520,0,0,This Pokémon uses its hard tail to make its nest by boring holes into bedrock deep underground. The nest can reach lengths of over six miles.,https://raw.githubusercontent.com/PokeAPI/sprites/master/sprites/pokemon/982.png,https://raw.githubusercontent.com/PokeAPI/sprites/master/sprites/pokemon/other/official-artwork/982.png
983,ドドゲザン,,kingambit,,9,dark,steel,2.0,120.0,100,135,120,60,85,50,550,0,0,Only a Bisharp that stands above all others in its vast army can evolve into Kingambit.,https://raw.githubusercontent.com/PokeAPI/sprites/master/sprites/pokemon/983.png,https://raw.githubusercontent.com/PokeAPI/sprites/master/sprites/pokemon/other/official-artwork/983.png
984,イダイナキバ,,great-tusk,,9,ground,fighting,2.2,320.0,115,131,131,53,53,87,570,0,0,Sightings of this Pokémon have occurred in recent years. The name Great Tusk was taken from a creature listed in a certain book.,https://raw.githubusercontent.com/PokeAPI/sprites/master/sprites/pokemon/984.png,https://raw.githubusercontent.com/PokeAPI/sprites/master/sprites/pokemon/other/official-artwork/984.png
985,サケブシッポ,,scream-tail,,9,fairy,psychic,1.2,8.0,115,65,99,65,115,111,570,0,0,There has been only one reported sighting of this Pokémon. It resembles a mysterious creature depicted in an old expedition journal.,https://raw.githubusercontent.com/PokeAPI/sprites/master/sprites/pokemon/985.png,https://raw.githubusercontent.com/PokeAPI/sprites/master/sprites/pokemon/other/official-artwork/985.png
986,アラブルタケ,,brute-bonnet,,9,grass,dark,1.2,21.0,111,127,99,79,99,55,570,0,0,It is possible that the creature listed as Brute Bonnet in a certain book could actually be this Pokémon.,https://raw.githubusercontent.com/PokeAPI/sprites/master/sprites/pokemon/986.png,https://raw.githubusercontent.com/PokeAPI/sprites/master/sprites/pokemon/other/official-artwork/986.png
987,ハバタクカミ,,flutter-mane,,9,ghost,fairy,1.4,4.0,55,55,55,135,135,135,570,0,0,"This Pokémon has characteristics similar to those of Flutter Mane, a creature mentioned in a certain book.",https://raw.githubusercontent.com/PokeAPI/sprites/master/sprites/pokemon/987.png,https://raw.githubusercontent.com/PokeAPI/sprites/master/sprites/pokemon/other/official-artwork/987.png
988,チヲハウハネ,,slither-wing,,9,bug,fighting,3.2,92.0,85,135,79,85,105,81,570,0,0,This mysterious Pokémon has some similarities to a creature that an old book introduced as Slither Wing.,https://raw.githubusercontent.com/PokeAPI/sprites/master/sprites/pokemon/988.png,https://raw.githubusercontent.com/PokeAPI/sprites/master/sprites/pokemon/other/official-artwork/988.png
989,スナノケガワ,,sandy-shocks,,9,electric,ground,2.3,60.0,85,81,97,121,85,101,570,0,0,"It slightly resembles a Magneton that lived for 10,000 years and was featured in an article in a paranormal magazine.",https://raw.githubusercontent.com/PokeAPI/sprites/master/sprites/pokemon/989.png,https://raw.githubusercontent.com/PokeAPI/sprites/master/sprites/pokemon/other/official-artwork/989.png
990,テツノワダチ,,iron-treads,,9,ground,steel,0.9,240.0,90,112,120,72,70,106,570,0,0,This Pokémon closely resembles a scientific weapon that a paranormal magazine claimed was sent to this planet by aliens.,https://raw.githubusercontent.com/PokeAPI/sprites/master/sprites/pokemon/990.png,https://raw.githubusercontent.com/PokeAPI/sprites/master/sprites/pokemon/other/official-artwork/990.png
991,テツノツツミ,,iron-bundle,,9,ice,water,0.6,11.0,56,80,114,124,60,136,570,0,0,Its shape is similar to a robot featured in a paranormal magazine article. The robot was said to have been created by an ancient civilization.,https://raw.githubusercontent.com/PokeAPI/sprites/master/sprites/pokemon/991.png,https://raw.githubusercontent.com/PokeAPI/sprites/master/sprites/pokemon/other/official-artwork/991.png
992,テツノカイナ,,iron-hands,,9,fighting,electric,1.8,380.7,154,140,108,50,68,50,570,0,0,It is very similar to a cyborg covered exclusively by a paranormal magazine. The cyborg was said to be the modified form of a certain athlete.,https://raw.githubusercontent.com/PokeAPI/sprites/master/sprites/pokemon/992.png,https://raw.githubusercontent.com/PokeAPI/sprites/master/sprites/pokemon/other/official-artwork/992.png
993,テツノコウベ,,iron-jugulis,,9,dark,flying,1.3,111.0,94,80,86,122,80,108,570,0,0,"It resembles a certain Pokémon introduced in a paranormal magazine, described as the offspring of a Hydreigon that fell in love with a robot.",https://raw.githubusercontent.com/PokeAPI/sprites/master/sprites/pokemon/993.png,https://raw.githubusercontent.com/PokeAPI/sprites/master/sprites/pokemon/other/official-artwork/993.png
994,テツノドクガ,,iron-moth,,9,fire,poison,1.2,36.0,80,70,60,140,110,110,570,0,0,This Pokémon resembles an unknown object described in a paranormal magazine as a UFO sent to observe humanity.,https://raw.githubusercontent.com/PokeAPI/sprites/master/sprites/pokemon/994.png,https://raw.githubusercontent.com/PokeAPI/sprites/master/sprites/pokemon/other/official-artwork/994.png
995,テツノイバラ,,iron-thorns,,9,rock,electric,1.6,303.0,100,134,110,70,84,72,570,0,0,It has some similarities to a Pokémon introduced in a dubious magazine as a Tyranitar from one billion years into the future.,https://raw.githubusercontent.com/PokeAPI/sprites/master/sprites/pokemon/995.png,https://raw.githubusercontent.com/PokeAPI/sprites/master/sprites/pokemon/other/official-artwork/995.png
996,セビエ,,frigibax,,9,dragon,ice,0.5,17.0,65,75,45,35,45,55,320,0,0,"Frigibax absorbs heat through its dorsal fin and converts the heat into ice energy. The higher the temperature, the more energy Frigibax stores.",https://raw.githubusercontent.com/PokeAPI/sprites/master/sprites/pokemon/996.png,https://raw.githubusercontent.com/PokeAPI/sprites/master/sprites/pokemon/other/official-artwork/996.png
997,セゴール,,arctibax,,9,dragon,ice,0.8,30.0,90,95,66,45,65,62,423,0,0,"Arctibax freezes the air around it, protecting its face with an ice mask and turning its dorsal fin into a blade of ice.",https://raw.githubusercontent.com/PokeAPI/sprites/master/sprites/pokemon/997.png,https://raw.githubusercontent.com/PokeAPI/sprites/master/sprites/pokemon/other/official-artwork/997.png
998,セグレイブ,,baxcalibur,,9,dragon,ice,2.1,210.0,115,145,92,75,86,87,600,0,0,This Pokémon blasts cryogenic air out from its mouth. This air can instantly freeze even liquid-hot lava.,https://raw.githubusercontent.com/PokeAPI/sprites/master/sprites/pokemon/998.png,https://raw.githubusercontent.com/PokeAPI/sprites/master/sprites/pokemon/other/official-artwork/998.png
999,コレクレー,,gimmighoul,,9,ghost,,0.3,5.0,45,30,70,75,70,10,300,0,0,"This Pokémon was born inside a treasure chest about 1,500 years ago. It sucks the life-force out of scoundrels who try to steal the treasure.",https://raw.githubusercontent.com/PokeAPI/sprites/master/sprites/pokemon/999.png,https://raw.githubusercontent.com/PokeAPI/sprites/master/sprites/pokemon/other/official-artwork/999.png
1000,サーフゴー,,gholdengo,,9,steel,ghost,1.2,30.0,87,60,95,133,91,84,550,0,0,"Its body seems to be made up of 1,000 coins. This Pokémon gets along well with others and is quick to make friends with anybody.",https://raw.githubusercontent.com/PokeAPI/sprites/master/sprites/pokemon/1000.png,https://raw.githubusercontent.com/PokeAPI/sprites/master/sprites/pokemon/other/official-artwork/1000.png
1001,チオンジェン,,wo-chien,,9,dark,grass,1.5,74.2,85,85,100,95,135,70,570,1,0,The grudge of a person punished for writing the king’s evil deeds upon wooden tablets has clad itself in dead leaves to become a Pokémon.,https://raw.githubusercontent.com/PokeAPI/sprites/master/sprites/pokemon/1001.png,https://raw.githubusercontent.com/PokeAPI/sprites/master/sprites/pokemon/other/official-artwork/1001.png
1002,パオジアン,,chien-pao,,9,dark,ice,1.9,152.2,80,120,80,90,65,135,570,1,0,This Pokémon can control 100 tons of fallen snow. It plays around innocently by leaping in and out of avalanches it has caused.,https://raw.githubusercontent.com/PokeAPI/sprites/master/sprites/pokemon/1002.png,https://raw.githubusercontent.com/PokeAPI/sprites/master/sprites/pokemon/other/official-artwork/1002.png
1003,ディンルー,,ting-lu,,9,dark,ground,2.7,699.7,155,110,125,55,80,45,570,1,0,The fear poured into an ancient ritual vessel has clad itself in rocks and dirt to become a Pokémon.,https://raw.githubusercontent.com/PokeAPI/sprites/master/sprites/pokemon/1003.png,https://raw.githubusercontent.com/PokeAPI/sprites/master/sprites/pokemon/other/official-artwork/1003.png
1004,イーユイ,,chi-yu,,9,dark,fire,0.4,4.9,55,80,80,135,120,100,570,1,0,"It controls flames burning at over 5,400 degrees Fahrenheit. It casually swims through the sea of lava it creates by melting rock and sand.",https://raw.githubusercontent.com/PokeAPI/sprites/master/sprites/pokemon/1004.png,https://raw.githubusercontent.com/PokeAPI/sprites/master/sprites/pokemon/other/official-artwork/1004.png
1005,トドロクツキ,,roaring-moon,,9,dragon,dark,2.0,380.0,105,139,71,55,101,119,590,0,0,It is possible that this is the creature listed as Roaring Moon in an expedition journal that still holds many mysteries.,https://raw.githubusercontent.com/PokeAPI/sprites/master/sprites/pokemon/1005.png,https://raw.githubusercontent.com/PokeAPI/sprites/master/sprites/pokemon/other/official-artwork/1005.png
1006,テツノブジン,,iron-valiant,,9,fairy,fighting,1.4,35.0,74,130,90,120,60,116,590,0,0,It has some similarities to a mad scientist’s invention covered in a paranormal magazine.,https://raw.githubusercontent.com/PokeAPI/sprites/master/sprites/pokemon/1006.png,https://raw.githubusercontent.com/PokeAPI/sprites/master/sprites/pokemon/other/official-artwork/1006.png
1007,コライドン,,koraidon,,9,fighting,dragon,2.5,303.0,100,135,115,85,100,135,670,1,0,This seems to be the Winged King mentioned in an old expedition journal. It was said to have split the land with its bare fists.,https://raw.githubusercontent.com/PokeAPI/sprites/master/sprites/pokemon/1007.png,https://raw.githubusercontent.com/PokeAPI/sprites/master/sprites/pokemon/other/official-artwork/1007.png
1008,ミライドン,,miraidon,,9,electric,dragon,3.5,240.0,100,85,100,135,115,135,670,1,0,"Much remains unknown about this creature. It resembles Cyclizar, but it is far more ruthless and powerful.",https://raw.githubusercontent.com/PokeAPI/sprites/master/sprites/pokemon/1008.png,https://raw.githubusercontent.com/PokeAPI/sprites/master/sprites/pokemon/other/official-artwork/1008.png
1009,ウネルミナモ,,walking-wake,,9,water,dragon,3.5,280.0,99,83,91,125,83,109,590,0,0,This ferocious creature is shrouded in mystery. It's named after an aquatic monster mentioned in an old expedition journal.,https://raw.githubusercontent.com/PokeAPI/sprites/master/sprites/pokemon/1009.png,https://raw.githubusercontent.com/PokeAPI/sprites/master/sprites/pokemon/other/official-artwork/1009.png
1010,テツノイサハ,,iron-leaves,,9,grass,psychic,1.5,125.0,90,130,88,70,108,104,590,0,0,Many of its physical characteristics match those of a Virizion from the future that was covered in a paranormal magazine.,https://raw.githubusercontent.com/PokeAPI/sprites/master/sprites/pokemon/1010.png,https://raw.githubusercontent.com/PokeAPI/sprites/master/sprites/pokemon/other/official-artwork/1010.png
1011,カミッチュ,,dipplin,,9,grass,dragon,0.4,9.7,80,80,110,95,80,40,485,0,0,Dipplin is two creatures in one Pokémon. Its evolution was triggered by a special apple grown only in one place.,https://raw.githubusercontent.com/PokeAPI/sprites/master/sprites/pokemon/1011.png,https://raw.githubusercontent.com/PokeAPI/sprites/master/sprites/pokemon/other/official-artwork/1011.png
1012,チャデス,,poltchageist,,9,grass,ghost,0.1,1.1,40,45,45,74,54,50,308,0,0,"Supposedly, the regrets of a tea ceremony master who died before perfecting his craft lingered in some matcha and became a Pokémon.",https://raw.githubusercontent.com/PokeAPI/sprites/master/sprites/pokemon/1012.png,https://raw.githubusercontent.com/PokeAPI/sprites/master/sprites/pokemon/other/official-artwork/1012.png
1013,ヤバソチャ,,sinistcha,,9,grass,ghost,0.2,2.2,71,60,106,121,80,70,508,0,0,"It pretends to be tea, trying to fool people into drinking it so it can drain their life-force. Its ruse is generally unsuccessful.",https://raw.githubusercontent.com/PokeAPI/sprites/master/sprites/pokemon/1013.png,https://raw.githubusercontent.com/PokeAPI/sprites/master/sprites/pokemon/other/official-artwork/1013.png
1014,イイネイヌ,,okidogi,,9,poison,fighting,1.8,92.2,88,128,115,58,86,80,555,1,0,"After all its muscles were stimulated by the toxic chain around its neck, Okidogi transformed and gained a powerful physique.",https://raw.githubusercontent.com/PokeAPI/sprites/master/sprites/pokemon/1014.png,https://raw.githubusercontent.com/PokeAPI/sprites/master/sprites/pokemon/other/official-artwork/1014.png
1015,マシマシラ,,munkidori,,9,poison,psychic,1.0,12.2,88,75,66,130,90,106,555,1,0,The chain is made from toxins that enhance capabilities. It stimulated Munkidori's brain and caused the Pokémon's psychic powers to bloom.,https://raw.githubusercontent.com/PokeAPI/sprites/master/sprites/pokemon/1015.png,https://raw.githubusercontent.com/PokeAPI/sprites/master/sprites/pokemon/other/official-artwork/1015.png
1016,キチキギス,,fezandipiti,,9,poison,fairy,1.4,30.1,88,91,82,70,125,99,555,1,0,Fezandipiti owes its beautiful looks and lovely voice to the toxic stimulants emanating from the chain wrapped around its body.,https://raw.githubusercontent.com/PokeAPI/sprites/master/sprites/pokemon/1016.png,https://raw.githubusercontent.com/PokeAPI/sprites/master/sprites/pokemon/other/official-artwork/1016.png
1017,オーガポン,,ogerpon,,9,grass,,1.2,39.8,80,120,84,60,96,110,550,1,0,This Pokémon's type changes based on which mask it's wearing. It confounds its enemies with nimble movements and kicks.,https://raw.githubusercontent.com/PokeAPI/sprites/master/sprites/pokemon/1017.png,https://raw.githubusercontent.com/PokeAPI/sprites/master/sprites/pokemon/other/official-artwork/1017.png
1018,ブリジュラス,,archaludon,ごうきんポケモン,9,steel,dragon,2.0,60.0,90,105,130,125,65,85,600,0,0,It gathers static electricity from its surroundings. The beams it launches when down on all fours are tremendously powerful.,https://raw.githubusercontent.com/PokeAPI/sprites/master/sprites/pokemon/1018.png,https://raw.githubusercontent.com/PokeAPI/sprites/master/sprites/pokemon/other/official-artwork/1018.png
1019,カミツオロチ,,hydrapple,りんごオロチポケモン,9,grass,dragon,1.8,93.0,106,80,110,120,80,44,540,0,0,Seven syrpents live inside an apple made of syrup. The syrpent in the center is the commander.,https://raw.githubusercontent.com/PokeAPI/sprites/master/sprites/pokemon/1019.png,https://raw.githubusercontent.com/PokeAPI/sprites/master/sprites/pokemon/other/official-artwork/1019.png
1020,ウガツホムラ,,gouging-fire,パラドックスポケモン,9,fire,dragon,3.5,590.0,105,115,121,65,93,91,590,0,0,There are scant few reports of this creature being sighted. One short video shows it rampaging and spouting pillars of flame.,https://raw.githubusercontent.com/PokeAPI/sprites/master/sprites/pokemon/1020.png,https://raw.githubusercontent.com/PokeAPI/sprites/master/sprites/pokemon/other/official-artwork/1020.png
1021,タケルライコ,,raging-bolt,パラドックスポケモン,9,electric,dragon,5.2,480.0,125,73,91,137,89,75,590,0,0,It's said to incinerate everything around it with lightning launched from its fur. Very little is known about this creature.,https://raw.githubusercontent.com/PokeAPI/sprites/master/sprites/pokemon/1021.png,https://raw.githubusercontent.com/PokeAPI/sprites/master/sprites/pokemon/other/official-artwork/1021.png
1022,テツノイワオ,,iron-boulder,パラドックスポケモン,9,rock,psychic,1.5,162.5,90,120,80,68,108,124,590,0,0,It resembles a Pokémon described in a dubious magazine as a Terrakion that had been modified by an evil organization.,https://raw.githubusercontent.com/PokeAPI/sprites/master/sprites/pokemon/1022.png,https://raw.githubusercontent.com/PokeAPI/sprites/master/sprites/pokemon/other/official-artwork/1022.png
1023,テツノカシラ,,iron-crown,パラドックスポケモン,9,steel,psychic,1.6,156.0,90,72,100,122,108,98,590,0,0,It resembles a mysterious object introduced in a paranormal magazine as a cutting-edge weapon shaped like a Cobalion.,https://raw.githubusercontent.com/PokeAPI/sprites/master/sprites/pokemon/1023.png,https://raw.githubusercontent.com/PokeAPI/sprites/master/sprites/pokemon/other/official-artwork/1023.png
1024,テラパゴス,,terapagos,テラスタルポケモン,9,normal,,0.2,6.5,90,65,85,65,85,60,450,1,0,Terapagos protects itself using its power to transform energy into hard crystals. This Pokémon is the source of the Terastal phenomenon.,https://raw.githubusercontent.com/PokeAPI/sprites/master/sprites/pokemon/1024.png,https://raw.githubusercontent.com/PokeAPI/sprites/master/sprites/pokemon/other/official-artwork/1024.png
1025,モモワロウ,,pecharunt,しはいポケモン,9,poison,ghost,0.3,0.3,88,88,160,88,88,88,600,0,1,"It feeds others toxic mochi that draw out desires and capabilities. Those who eat the mochi fall under Pecharunt’s control, chained to its will.",https://raw.githubusercontent.com/PokeAPI/sprites/master/sprites/pokemon/1025.png,https://raw.githubusercontent.com/PokeAPI/sprites/master/sprites/pokemon/other/official-artwork/1025.png
